Report Time,Value,Unit,% Change,Product Name,Sub Product,Market,Exchange Rate
2025-06-06,3.38,USD/Kg,-0.29,Knitting Yarn,30/1 Combed,Domestic North India,INR: 0.01164446
2025-06-05,3.39,USD/Kg,-0.29,Knitting Yarn,30/1 Combed,Domestic North India,INR: 0.01164103
2025-06-04,3.40,USD/Kg,-0.29,Knitting Yarn,30/1 Combed,Domestic North India,INR: 0.01166738
2025-06-03,3.41,USD/Kg,0.00,Knitting Yarn,30/1 Combed,Domestic North India,INR: 0.01171426
2025-06-02,3.41,USD/Kg,0.00,Knitting Yarn,30/1 Combed,Domestic North India,INR: 0.01169255
2025-05-30,3.41,USD/Kg,0.00,Knitting Yarn,30/1 Combed,Domestic North India,INR: 0.01171489
2025-05-29,3.41,USD/Kg,0.00,Knitting Yarn,30/1 Combed,Domestic North India,INR: 0.01171100
2025-05-28,3.41,USD/Kg,-0.29,Knitting Yarn,30/1 Combed,Domestic North India,INR: 0.01171497
2025-05-27,3.42,USD/Kg,0.00,Knitting Yarn,30/1 Combed,Domestic North India,INR: 0.01174282
2025-05-26,3.42,USD/Kg,-0.87,Knitting Yarn,30/1 Combed,Domestic North India,INR: 0.01173715
2025-05-23,3.45,USD/Kg,0.29,Knitting Yarn,30/1 Combed,Domestic North India,INR: 0.01163127
2025-05-22,3.44,USD/Kg,0.29,Knitting Yarn,30/1 Combed,Domestic North India,INR: 0.01168217
2025-05-21,3.43,USD/Kg,-0.29,Knitting Yarn,30/1 Combed,Domestic North India,INR: 0.01169098
2025-05-20,3.44,USD/Kg,0.00,Knitting Yarn,30/1 Combed,Domestic North India,INR: 0.01171379
2025-05-19,3.44,USD/Kg,0.00,Knitting Yarn,30/1 Combed,Domestic North India,INR: 0.01169583
2025-05-16,3.44,USD/Kg,0.29,Knitting Yarn,30/1 Combed,Domestic North India,INR: 0.01170341
2025-05-15,3.43,USD/Kg,1.48,Knitting Yarn,30/1 Combed,Domestic North India,INR: 0.01169943
2025-05-14,3.38,USD/Kg,2.42,Knitting Yarn,30/1 Combed,Domestic North India,INR: 0.01175774
2025-05-13,3.30,USD/Kg,0.00,Knitting Yarn,30/1 Combed,Domestic North India,INR: 0.01177115
2025-05-12,3.30,USD/Kg,0.00,Knitting Yarn,30/1 Combed,Domestic North India,INR: 0.01170784
2025-05-09,3.30,USD/Kg,0.00,Knitting Yarn,30/1 Combed,Domestic North India,INR: 0.01162318
2025-05-08,3.30,USD/Kg,0.00,Knitting Yarn,30/1 Combed,Domestic North India,INR: 0.01179003
2025-05-07,3.30,USD/Kg,0.00,Knitting Yarn,30/1 Combed,Domestic North India,INR: 0.01180067
2025-05-06,3.30,USD/Kg,-0.30,Knitting Yarn,30/1 Combed,Domestic North India,INR: 0.01187352
2025-05-05,3.31,USD/Kg,0.00,Knitting Yarn,30/1 Combed,Domestic North India,INR: 0.01181607
2025-05-02,3.31,USD/Kg,-0.30,Knitting Yarn,30/1 Combed,Domestic North India,INR: 0.01180681
2025-05-01,3.32,USD/Kg,0.00,Knitting Yarn,30/1 Combed,Domestic North India,INR: 0.01182575
2025-04-30,3.32,USD/Kg,0.30,Knitting Yarn,30/1 Combed,Domestic North India,INR: 0.01174140
2025-04-29,3.31,USD/Kg,0.30,Knitting Yarn,30/1 Combed,Domestic North India,INR: 0.01174253
2025-04-28,3.30,USD/Kg,0.00,Knitting Yarn,30/1 Combed,Domestic North India,INR: 0.01171164
2025-04-25,3.30,USD/Kg,0.00,Knitting Yarn,30/1 Combed,Domestic North India,INR: 0.01173385
2025-04-24,3.30,USD/Kg,0.00,Knitting Yarn,30/1 Combed,Domestic North India,INR: 0.01169587
2025-04-23,3.30,USD/Kg,0.30,Knitting Yarn,30/1 Combed,Domestic North India,INR: 0.01173261
2025-04-22,3.29,USD/Kg,0.30,Knitting Yarn,30/1 Combed,Domestic North India,INR: 0.01174272
2025-04-21,3.28,USD/Kg,1.55,Knitting Yarn,30/1 Combed,Domestic North India,INR: 0.01171186
2025-04-18,3.23,USD/Kg,-0.31,Knitting Yarn,30/1 Combed,Domestic North India,INR: 0.01171186
2025-04-17,3.24,USD/Kg,0.31,Knitting Yarn,30/1 Combed,Domestic North India,INR: 0.01167943
2025-04-16,3.23,USD/Kg,0.00,Knitting Yarn,30/1 Combed,Domestic North India,INR: 0.01166501
2025-04-15,3.23,USD/Kg,-0.31,Knitting Yarn,30/1 Combed,Domestic North India,INR: 0.01162378
2025-04-14,3.24,USD/Kg,-0.31,Knitting Yarn,30/1 Combed,Domestic North India,INR: 0.01163154
2025-04-11,3.25,USD/Kg,0.00,Knitting Yarn,30/1 Combed,Domestic North India,INR: 0.01159278
2025-04-10,3.25,USD/Kg,-0.31,Knitting Yarn,30/1 Combed,Domestic North India,INR: 0.01159976
2025-04-09,3.26,USD/Kg,0.31,Knitting Yarn,30/1 Combed,Domestic North India,INR: 0.01156941
2025-04-08,3.25,USD/Kg,-0.31,Knitting Yarn,30/1 Combed,Domestic North India,INR: 0.01162536
2025-04-07,3.26,USD/Kg,-0.31,Knitting Yarn,30/1 Combed,Domestic North India,INR: 0.01169187
2025-04-04,3.27,USD/Kg,-0.30,Knitting Yarn,30/1 Combed,Domestic North India,INR: 0.01172585
2025-04-03,3.28,USD/Kg,0.31,Knitting Yarn,30/1 Combed,Domestic North India,INR: 0.01166912
2025-04-02,3.27,USD/Kg,0.00,Knitting Yarn,30/1 Combed,Domestic North India,INR: 0.01168409
2025-04-01,3.27,USD/Kg,0.31,Knitting Yarn,30/1 Combed,Domestic North India,INR: 0.01170560
2025-03-31,3.26,USD/Kg,-0.61,Knitting Yarn,30/1 Combed,Domestic North India,INR: 0.01169058
2025-03-28,3.28,USD/Kg,0.31,Knitting Yarn,30/1 Combed,Domestic North India,INR: 0.01166900
2025-03-27,3.27,USD/Kg,-0.30,Knitting Yarn,30/1 Combed,Domestic North India,INR: 0.01167508
2025-03-26,3.28,USD/Kg,-0.30,Knitting Yarn,30/1 Combed,Domestic North India,INR: 0.01168315
2025-03-25,3.29,USD/Kg,0.00,Knitting Yarn,30/1 Combed,Domestic North India,INR: 0.01169148
2025-03-24,3.29,USD/Kg,0.00,Knitting Yarn,30/1 Combed,Domestic North India,INR: 0.01162818
2025-03-21,3.29,USD/Kg,-0.90,Knitting Yarn,30/1 Combed,Domestic North India,INR: 0.01158277
2025-03-20,3.32,USD/Kg,-0.30,Knitting Yarn,30/1 Combed,Domestic North India,INR: 0.01158247
2025-03-19,3.33,USD/Kg,0.30,Knitting Yarn,30/1 Combed,Domestic North India,INR: 0.01155058
2025-03-18,3.32,USD/Kg,0.30,Knitting Yarn,30/1 Combed,Domestic North India,INR: 0.01150513
2025-03-17,3.31,USD/Kg,0.61,Knitting Yarn,30/1 Combed,Domestic North India,INR: 0.01150131
2025-03-14,3.29,USD/Kg,0.00,Knitting Yarn,30/1 Combed,Domestic North India,INR: 0.01150455
2025-03-13,3.29,USD/Kg,0.00,Knitting Yarn,30/1 Combed,Domestic North India,INR: 0.01147308
2025-03-12,3.29,USD/Kg,-0.30,Knitting Yarn,30/1 Combed,Domestic North India,INR: 0.01146784
2025-03-11,3.30,USD/Kg,-0.30,Knitting Yarn,30/1 Combed,Domestic North India,INR: 0.01144763
2025-03-10,3.31,USD/Kg,0.00,Knitting Yarn,30/1 Combed,Domestic North India,INR: 0.01147749
2025-03-07,3.31,USD/Kg,0.00,Knitting Yarn,30/1 Combed,Domestic North India,INR: 0.01147722
2025-03-06,3.31,USD/Kg,0.91,Knitting Yarn,30/1 Combed,Domestic North India,INR: 0.01151342
2025-03-05,3.28,USD/Kg,-0.30,Knitting Yarn,30/1 Combed,Domestic North India,INR: 0.01146562
2025-03-04,3.29,USD/Kg,0.30,Knitting Yarn,30/1 Combed,Domestic North India,INR: 0.01145113
2025-03-03,3.28,USD/Kg,0.31,Knitting Yarn,30/1 Combed,Domestic North India,INR: 0.01143330
2025-02-28,3.27,USD/Kg,-0.30,Knitting Yarn,30/1 Combed,Domestic North India,INR: 0.01145117
2025-02-27,3.28,USD/Kg,-0.61,Knitting Yarn,30/1 Combed,Domestic North India,INR: 0.01147069
2025-02-26,3.30,USD/Kg,0.30,Knitting Yarn,30/1 Combed,Domestic North India,INR: 0.01148305
2025-02-25,3.29,USD/Kg,0.00,Knitting Yarn,30/1 Combed,Domestic North India,INR: 0.01153560
2025-02-24,3.29,USD/Kg,-1.50,Knitting Yarn,30/1 Combed,Domestic North India,INR: 0.01154734
2025-02-21,3.34,USD/Kg,0.30,Knitting Yarn,30/1 Combed,Domestic North India,INR: 0.01156479
2025-02-20,3.33,USD/Kg,-0.30,Knitting Yarn,30/1 Combed,Domestic North India,INR: 0.01150972
2025-02-19,3.34,USD/Kg,0.00,Knitting Yarn,30/1 Combed,Domestic North India,INR: 0.01150914
2025-02-18,3.34,USD/Kg,-0.60,Knitting Yarn,30/1 Combed,Domestic North India,INR: 0.01151345
2025-02-17,3.36,USD/Kg,0.30,Knitting Yarn,30/1 Combed,Domestic North India,INR: 0.01154076
2025-02-14,3.35,USD/Kg,2.45,Knitting Yarn,30/1 Combed,Domestic North India,INR: 0.01152800
2025-02-13,3.27,USD/Kg,-0.30,Knitting Yarn,30/1 Combed,Domestic North India,INR: 0.01149666
2025-02-12,3.28,USD/Kg,0.31,Knitting Yarn,30/1 Combed,Domestic North India,INR: 0.01151922
2025-02-11,3.27,USD/Kg,0.00,Knitting Yarn,30/1 Combed,Domestic North India,INR: 0.01142970
2025-02-10,3.27,USD/Kg,0.00,Knitting Yarn,30/1 Combed,Domestic North India,INR: 0.01140137
2025-02-07,3.27,USD/Kg,-0.61,Knitting Yarn,30/1 Combed,Domestic North India,INR: 0.01141674
2025-02-06,3.29,USD/Kg,-0.60,Knitting Yarn,30/1 Combed,Domestic North India,INR: 0.01145021
2025-02-05,3.31,USD/Kg,-0.30,Knitting Yarn,30/1 Combed,Domestic North India,INR: 0.01148038
2025-02-04,3.32,USD/Kg,-0.30,Knitting Yarn,30/1 Combed,Domestic North India,INR: 0.01150170
2025-02-03,3.33,USD/Kg,0.30,Knitting Yarn,30/1 Combed,Domestic North India,INR: 0.01154839
2025-01-31,3.32,USD/Kg,0.30,Knitting Yarn,30/1 Combed,Domestic North India,INR: 0.01154105
2025-01-30,3.31,USD/Kg,-0.30,Knitting Yarn,30/1 Combed,Domestic North India,INR: 0.01154190
2025-01-29,3.32,USD/Kg,0.30,Knitting Yarn,30/1 Combed,Domestic North India,INR: 0.01154936
2025-01-28,3.31,USD/Kg,0.30,Knitting Yarn,30/1 Combed,Domestic North India,INR: 0.01156909
2025-01-27,3.30,USD/Kg,0.00,Knitting Yarn,30/1 Combed,Domestic North India,INR: 0.01159997
2025-01-24,3.30,USD/Kg,-0.30,Knitting Yarn,30/1 Combed,Domestic North India,INR: 0.01156499
2025-01-23,3.31,USD/Kg,0.30,Knitting Yarn,30/1 Combed,Domestic North India,INR: 0.01156432
2025-01-22,3.30,USD/Kg,0.30,Knitting Yarn,30/1 Combed,Domestic North India,INR: 0.01156709
2025-01-21,3.29,USD/Kg,0.30,Knitting Yarn,30/1 Combed,Domestic North India,INR: 0.01159475
2025-01-20,3.28,USD/Kg,0.00,Knitting Yarn,30/1 Combed,Domestic North India,INR: 0.01155051
2025-01-17,3.28,USD/Kg,0.00,Knitting Yarn,30/1 Combed,Domestic North India,INR: 0.01154647
2025-01-16,3.28,USD/Kg,0.31,Knitting Yarn,30/1 Combed,Domestic North India,INR: 0.01156818
2025-01-15,3.27,USD/Kg,-0.61,Knitting Yarn,30/1 Combed,Domestic North India,INR: 0.01155593
2025-01-14,3.29,USD/Kg,0.00,Knitting Yarn,30/1 Combed,Domestic North India,INR: 0.01154057
2025-01-13,3.29,USD/Kg,-0.30,Knitting Yarn,30/1 Combed,Domestic North India,INR: 0.01160193
2025-01-10,3.30,USD/Kg,-0.30,Knitting Yarn,30/1 Combed,Domestic North India,INR: 0.01163870
2025-01-09,3.31,USD/Kg,0.00,Knitting Yarn,30/1 Combed,Domestic North India,INR: 0.01164043
2025-01-08,3.31,USD/Kg,0.30,Knitting Yarn,30/1 Combed,Domestic North India,INR: 0.01165427
2025-01-07,3.30,USD/Kg,0.30,Knitting Yarn,30/1 Combed,Domestic North India,INR: 0.01167120
2025-01-06,3.29,USD/Kg,1.86,Knitting Yarn,30/1 Combed,Domestic North India,INR: 0.01165956
2025-01-03,3.23,USD/Kg,-0.31,Knitting Yarn,30/1 Combed,Domestic North India,INR: 0.01165442
2025-01-02,3.24,USD/Kg,-0.31,Knitting Yarn,30/1 Combed,Domestic North India,INR: 0.01168526
2025-01-01,3.25,USD/Kg,0.00,Knitting Yarn,30/1 Combed,Domestic North India,INR: 0.01168526
2024-12-31,3.25,USD/Kg,-0.31,Knitting Yarn,30/1 Combed,Domestic North India,INR: 0.01165681
2024-12-30,3.26,USD/Kg,0.00,Knitting Yarn,30/1 Combed,Domestic North India,INR: 0.01171145
2024-12-27,3.26,USD/Kg,-0.61,Knitting Yarn,30/1 Combed,Domestic North India,INR: 0.01166679
2024-12-26,3.28,USD/Kg,0.00,Knitting Yarn,30/1 Combed,Domestic North India,INR: 0.01170624
2024-12-25,3.28,USD/Kg,-0.61,Knitting Yarn,30/1 Combed,Domestic North India,INR: 0.01173960
2024-12-24,3.30,USD/Kg,0.00,Knitting Yarn,30/1 Combed,Domestic North India,INR: 0.01175100
2024-12-23,3.30,USD/Kg,0.30,Knitting Yarn,30/1 Combed,Domestic North India,INR: 0.01177164
2024-12-20,3.29,USD/Kg,0.30,Knitting Yarn,30/1 Combed,Domestic North India,INR: 0.01174873
2024-12-19,3.28,USD/Kg,0.61,Knitting Yarn,30/1 Combed,Domestic North India,INR: 0.01174181
2024-12-18,3.26,USD/Kg,0.31,Knitting Yarn,30/1 Combed,Domestic North India,INR: 0.01177521
2024-12-17,3.25,USD/Kg,-0.31,Knitting Yarn,30/1 Combed,Domestic North India,INR: 0.01177613
2024-12-16,3.26,USD/Kg,0.31,Knitting Yarn,30/1 Combed,Domestic North India,INR: 0.01179090
2024-12-13,3.25,USD/Kg,-0.61,Knitting Yarn,30/1 Combed,Domestic North India,INR: 0.01178697
2024-12-12,3.27,USD/Kg,0.31,Knitting Yarn,30/1 Combed,Domestic North India,INR: 0.01178521
2024-12-11,3.26,USD/Kg,0.31,Knitting Yarn,30/1 Combed,Domestic North India,INR: 0.01178101
2024-12-10,3.25,USD/Kg,-0.61,Knitting Yarn,30/1 Combed,Domestic North India,INR: 0.01178580
2024-12-09,3.27,USD/Kg,0.00,Knitting Yarn,30/1 Combed,Domestic North India,INR: 0.01181013
2024-12-06,3.27,USD/Kg,-0.61,Knitting Yarn,30/1 Combed,Domestic North India,INR: 0.01180860
2024-12-05,3.29,USD/Kg,0.00,Knitting Yarn,30/1 Combed,Domestic North India,INR: 0.01180535
2024-12-04,3.29,USD/Kg,0.30,Knitting Yarn,30/1 Combed,Domestic North India,INR: 0.01180903
2024-12-03,3.28,USD/Kg,0.00,Knitting Yarn,30/1 Combed,Domestic North India,INR: 0.01180217
2024-12-02,3.28,USD/Kg,0.31,Knitting Yarn,30/1 Combed,Domestic North India,INR: 0.01182489
2024-11-29,3.27,USD/Kg,0.31,Knitting Yarn,30/1 Combed,Domestic North India,INR: 0.01183828
2024-11-28,3.26,USD/Kg,0.00,Knitting Yarn,30/1 Combed,Domestic North India,INR: 0.01184546
2024-11-27,3.26,USD/Kg,0.31,Knitting Yarn,30/1 Combed,Domestic North India,INR: 0.01185683
2024-11-26,3.25,USD/Kg,0.62,Knitting Yarn,30/1 Combed,Domestic North India,INR: 0.01186936
2024-11-25,3.23,USD/Kg,0.00,Knitting Yarn,30/1 Combed,Domestic North India,INR: 0.01184337
2024-11-22,3.23,USD/Kg,0.31,Knitting Yarn,30/1 Combed,Domestic North India,INR: 0.01183592
2024-11-21,3.22,USD/Kg,-0.31,Knitting Yarn,30/1 Combed,Domestic North India,INR: 0.01185048
2024-11-20,3.23,USD/Kg,0.00,Knitting Yarn,30/1 Combed,Domestic North India,INR: 0.01184864
2024-11-19,3.23,USD/Kg,0.00,Knitting Yarn,30/1 Combed,Domestic North India,INR: 0.01184852
2024-11-18,3.23,USD/Kg,-0.31,Knitting Yarn,30/1 Combed,Domestic North India,INR: 0.01184011
2024-11-15,3.24,USD/Kg,0.00,Knitting Yarn,30/1 Combed,Domestic North India,INR: 0.01183774
2024-11-14,3.24,USD/Kg,0.62,Knitting Yarn,30/1 Combed,Domestic North India,INR: 0.01184504
2024-11-13,3.22,USD/Kg,0.00,Knitting Yarn,30/1 Combed,Domestic North India,INR: 0.01184897
2024-11-12,3.22,USD/Kg,-0.31,Knitting Yarn,30/1 Combed,Domestic North India,INR: 0.01184658
2024-11-11,3.23,USD/Kg,0.62,Knitting Yarn,30/1 Combed,Domestic North India,INR: 0.01185042
2024-11-08,3.21,USD/Kg,-0.31,Knitting Yarn,30/1 Combed,Domestic North India,INR: 0.01186146
2024-11-07,3.22,USD/Kg,0.31,Knitting Yarn,30/1 Combed,Domestic North India,INR: 0.01186923
2024-11-06,3.21,USD/Kg,-0.62,Knitting Yarn,30/1 Combed,Domestic North India,INR: 0.01188827
2024-11-05,3.23,USD/Kg,-0.31,Knitting Yarn,30/1 Combed,Domestic North India,INR: 0.01188362
2024-11-04,3.24,USD/Kg,0.62,Knitting Yarn,30/1 Combed,Domestic North India,INR: 0.01188936
2024-11-01,3.22,USD/Kg,0.00,Knitting Yarn,30/1 Combed,Domestic North India,INR: 0.01189177
2024-10-31,3.22,USD/Kg,-1.83,Knitting Yarn,30/1 Combed,Domestic North India,INR: 0.01189204
2024-10-30,3.28,USD/Kg,0.00,Knitting Yarn,30/1 Combed,Domestic North India,INR: 0.01189244
2024-10-29,3.28,USD/Kg,-0.30,Knitting Yarn,30/1 Combed,Domestic North India,INR: 0.01189018
2024-10-28,3.29,USD/Kg,-0.30,Knitting Yarn,30/1 Combed,Domestic North India,INR: 0.01189037
2024-10-25,3.30,USD/Kg,0.30,Knitting Yarn,30/1 Combed,Domestic North India,INR: 0.01189314
2024-10-24,3.29,USD/Kg,-0.30,Knitting Yarn,30/1 Combed,Domestic North India,INR: 0.01189514
2024-10-23,3.30,USD/Kg,-0.30,Knitting Yarn,30/1 Combed,Domestic North India,INR: 0.01189210
2024-10-22,3.31,USD/Kg,0.00,Knitting Yarn,30/1 Combed,Domestic North India,INR: 0.01189422
2024-10-21,3.31,USD/Kg,0.00,Knitting Yarn,30/1 Combed,Domestic North India,INR: 0.01189493
2024-10-18,3.31,USD/Kg,-2.07,Knitting Yarn,30/1 Combed,Domestic North India,INR: 0.01189781
2024-10-17,3.38,USD/Kg,0.00,Knitting Yarn,30/1 Combed,Domestic North India,INR: 0.01189916
2024-10-16,3.38,USD/Kg,1.50,Knitting Yarn,30/1 Combed,Domestic North India,INR: 0.01189576
2024-10-15,3.33,USD/Kg,0.00,Knitting Yarn,30/1 Combed,Domestic North India,INR: 0.01189762
2024-10-14,3.33,USD/Kg,0.00,Knitting Yarn,30/1 Combed,Domestic North India,INR: 0.01188782
2024-10-11,3.33,USD/Kg,0.00,Knitting Yarn,30/1 Combed,Domestic North India,INR: 0.01191229
2024-10-10,3.33,USD/Kg,0.00,Knitting Yarn,30/1 Combed,Domestic North India,INR: 0.01191292
2024-10-09,3.33,USD/Kg,-0.30,Knitting Yarn,30/1 Combed,Domestic North India,INR: 0.01191528
2024-10-08,3.34,USD/Kg,-0.60,Knitting Yarn,30/1 Combed,Domestic North India,INR: 0.01190982
2024-10-07,3.36,USD/Kg,-0.30,Knitting Yarn,30/1 Combed,Domestic North India,INR: 0.01190079
2024-10-04,3.37,USD/Kg,-0.30,Knitting Yarn,30/1 Combed,Domestic North India,INR: 0.01190339
2024-10-03,3.38,USD/Kg,-0.59,Knitting Yarn,30/1 Combed,Domestic North India,INR: 0.01191656
2024-10-02,3.40,USD/Kg,-0.58,Knitting Yarn,30/1 Combed,Domestic North India,INR: 0.01192210
2024-10-01,3.42,USD/Kg,0.29,Knitting Yarn,30/1 Combed,Domestic North India,INR: 0.01192890
2024-09-30,3.41,USD/Kg,2.10,Knitting Yarn,30/1 Combed,Domestic North India,INR: 0.01194506
2024-09-27,3.34,USD/Kg,0.00,Knitting Yarn,30/1 Combed,Domestic North India,INR: 0.01196001
2024-09-26,3.34,USD/Kg,0.30,Knitting Yarn,30/1 Combed,Domestic North India,INR: 0.01194881
2024-09-25,3.33,USD/Kg,2.15,Knitting Yarn,30/1 Combed,Domestic North India,INR: 0.01196296
2024-09-24,3.26,USD/Kg,-0.31,Knitting Yarn,30/1 Combed,Domestic North India,INR: 0.01196905
2024-09-23,3.27,USD/Kg,-1.21,Knitting Yarn,30/1 Combed,Domestic North India,INR: 0.01197873
2024-09-20,3.31,USD/Kg,-0.60,Knitting Yarn,30/1 Combed,Domestic North India,INR: 0.01195961
2024-09-19,3.33,USD/Kg,-0.30,Knitting Yarn,30/1 Combed,Domestic North India,INR: 0.01194818
2024-09-18,3.34,USD/Kg,-0.60,Knitting Yarn,30/1 Combed,Domestic North India,INR: 0.01193733
2024-09-17,3.36,USD/Kg,-0.30,Knitting Yarn,30/1 Combed,Domestic North India,INR: 0.01192119
2024-09-16,3.37,USD/Kg,-0.30,Knitting Yarn,30/1 Combed,Domestic North India,INR: 0.01192113
2024-09-13,3.38,USD/Kg,0.60,Knitting Yarn,30/1 Combed,Domestic North India,INR: 0.01191563
2024-09-12,3.36,USD/Kg,0.00,Knitting Yarn,30/1 Combed,Domestic North India,INR: 0.01190573
2024-09-11,3.36,USD/Kg,0.00,Knitting Yarn,30/1 Combed,Domestic North India,INR: 0.01190728
2024-09-10,3.36,USD/Kg,-0.30,Knitting Yarn,30/1 Combed,Domestic North India,INR: 0.01190743
2024-09-09,3.37,USD/Kg,-0.30,Knitting Yarn,30/1 Combed,Domestic North India,INR: 0.01190719
2024-09-06,3.38,USD/Kg,0.30,Knitting Yarn,30/1 Combed,Domestic North India,INR: 0.01190712
2024-09-05,3.37,USD/Kg,-0.30,Knitting Yarn,30/1 Combed,Domestic North India,INR: 0.01190725
2024-09-04,3.38,USD/Kg,0.60,Knitting Yarn,30/1 Combed,Domestic North India,INR: 0.01191167
2024-09-03,3.36,USD/Kg,0.00,Knitting Yarn,30/1 Combed,Domestic North India,INR: 0.01191507
2024-09-02,3.36,USD/Kg,2.44,Knitting Yarn,30/1 Combed,Domestic North India,INR: 0.01192449
2024-08-30,3.28,USD/Kg,-0.61,Knitting Yarn,30/1 Combed,Domestic North India,INR: 0.01191961
2024-08-29,3.30,USD/Kg,0.30,Knitting Yarn,30/1 Combed,Domestic North India,INR: 0.01191294
2024-08-28,3.29,USD/Kg,0.00,Knitting Yarn,30/1 Combed,Domestic North India,INR: 0.01191581
2024-08-27,3.29,USD/Kg,-0.30,Knitting Yarn,30/1 Combed,Domestic North India,INR: 0.01192100
2024-08-26,3.30,USD/Kg,0.00,Knitting Yarn,30/1 Combed,Domestic North India,INR: 0.01193117
2024-08-23,3.30,USD/Kg,0.30,Knitting Yarn,30/1 Combed,Domestic North India,INR: 0.01191295
2024-08-22,3.29,USD/Kg,0.30,Knitting Yarn,30/1 Combed,Domestic North India,INR: 0.01192012
2024-08-21,3.28,USD/Kg,-0.30,Knitting Yarn,30/1 Combed,Domestic North India,INR: 0.01193441
2024-08-20,3.29,USD/Kg,0.00,Knitting Yarn,30/1 Combed,Domestic North India,INR: 0.01192224
2024-08-19,3.29,USD/Kg,-0.30,Knitting Yarn,30/1 Combed,Domestic North India,INR: 0.01192231
2024-08-16,3.30,USD/Kg,0.00,Knitting Yarn,30/1 Combed,Domestic North India,INR: 0.01191204
2024-08-15,3.30,USD/Kg,-0.30,Knitting Yarn,30/1 Combed,Domestic North India,INR: 0.01190877
2024-08-14,3.31,USD/Kg,0.00,Knitting Yarn,30/1 Combed,Domestic North India,INR: 0.01192150
2024-08-13,3.31,USD/Kg,0.00,Knitting Yarn,30/1 Combed,Domestic North India,INR: 0.01191931
2024-08-12,3.31,USD/Kg,-0.60,Knitting Yarn,30/1 Combed,Domestic North India,INR: 0.01191185
2024-08-09,3.33,USD/Kg,0.00,Knitting Yarn,30/1 Combed,Domestic North India,INR: 0.01190630
2024-08-08,3.33,USD/Kg,0.30,Knitting Yarn,30/1 Combed,Domestic North India,INR: 0.01191292
2024-08-07,3.32,USD/Kg,0.00,Knitting Yarn,30/1 Combed,Domestic North India,INR: 0.01191396
2024-08-06,3.32,USD/Kg,0.00,Knitting Yarn,30/1 Combed,Domestic North India,INR: 0.01190436
2024-08-05,3.32,USD/Kg,0.30,Knitting Yarn,30/1 Combed,Domestic North India,INR: 0.01194236
2024-08-02,3.31,USD/Kg,-0.30,Knitting Yarn,30/1 Combed,Domestic North India,INR: 0.01194113
2024-08-01,3.32,USD/Kg,-0.30,Knitting Yarn,30/1 Combed,Domestic North India,INR: 0.01194486
2024-07-31,3.33,USD/Kg,1.52,Knitting Yarn,30/1 Combed,Domestic North India,INR: 0.01193690
2024-07-30,3.28,USD/Kg,0.31,Knitting Yarn,30/1 Combed,Domestic North India,INR: 0.01194019
2024-07-29,3.27,USD/Kg,-0.30,Knitting Yarn,30/1 Combed,Domestic North India,INR: 0.01194343
2024-07-26,3.28,USD/Kg,-0.30,Knitting Yarn,30/1 Combed,Domestic North India,INR: 0.01194105
2024-07-25,3.29,USD/Kg,0.00,Knitting Yarn,30/1 Combed,Domestic North India,INR: 0.01194129
2024-07-24,3.29,USD/Kg,0.30,Knitting Yarn,30/1 Combed,Domestic North India,INR: 0.01194643
2024-07-23,3.28,USD/Kg,0.00,Knitting Yarn,30/1 Combed,Domestic North India,INR: 0.01195155
2024-07-22,3.28,USD/Kg,0.61,Knitting Yarn,30/1 Combed,Domestic North India,INR: 0.01194307
2024-07-19,3.26,USD/Kg,0.00,Knitting Yarn,30/1 Combed,Domestic North India,INR: 0.01194896
2024-07-18,3.26,USD/Kg,0.00,Knitting Yarn,30/1 Combed,Domestic North India,INR: 0.01196571
2024-07-17,3.26,USD/Kg,0.31,Knitting Yarn,30/1 Combed,Domestic North India,INR: 0.01197180
2024-07-16,3.25,USD/Kg,0.31,Knitting Yarn,30/1 Combed,Domestic North India,INR: 0.01196338
2024-07-15,3.24,USD/Kg,-0.31,Knitting Yarn,30/1 Combed,Domestic North India,INR: 0.01197310
2024-07-12,3.25,USD/Kg,0.31,Knitting Yarn,30/1 Combed,Domestic North India,INR: 0.01197247
2024-07-11,3.24,USD/Kg,-0.92,Knitting Yarn,30/1 Combed,Domestic North India,INR: 0.01197682
2024-07-10,3.27,USD/Kg,-0.30,Knitting Yarn,30/1 Combed,Domestic North India,INR: 0.01197730
2024-07-09,3.28,USD/Kg,0.61,Knitting Yarn,30/1 Combed,Domestic North India,INR: 0.01198210
2024-07-08,3.26,USD/Kg,-0.31,Knitting Yarn,30/1 Combed,Domestic North India,INR: 0.01198001
2024-07-05,3.27,USD/Kg,-0.30,Knitting Yarn,30/1 Combed,Domestic North India,INR: 0.01197712
2024-07-04,3.28,USD/Kg,0.00,Knitting Yarn,30/1 Combed,Domestic North India,INR: 0.01197727
2024-07-03,3.28,USD/Kg,-0.61,Knitting Yarn,30/1 Combed,Domestic North India,INR: 0.01197872
2024-07-02,3.30,USD/Kg,-0.60,Knitting Yarn,30/1 Combed,Domestic North India,INR: 0.01198444
2024-07-01,3.32,USD/Kg,0.00,Knitting Yarn,30/1 Combed,Domestic North India,INR: 0.01199505
2024-06-28,3.32,USD/Kg,-0.30,Knitting Yarn,30/1 Combed,Domestic North India,INR: 0.01198306
2024-06-27,3.33,USD/Kg,0.00,Knitting Yarn,30/1 Combed,Domestic North India,INR: 0.01196439
2024-06-26,3.33,USD/Kg,0.00,Knitting Yarn,30/1 Combed,Domestic North India,INR: 0.01198811
2024-06-25,3.33,USD/Kg,0.00,Knitting Yarn,30/1 Combed,Domestic North India,INR: 0.01198370
2024-06-24,3.33,USD/Kg,-0.30,Knitting Yarn,30/1 Combed,Domestic North India,INR: 0.01196705
2024-06-21,3.34,USD/Kg,-0.30,Knitting Yarn,30/1 Combed,Domestic North India,INR: 0.01196146
2024-06-20,3.35,USD/Kg,0.30,Knitting Yarn,30/1 Combed,Domestic North India,INR: 0.01198757
2024-06-19,3.34,USD/Kg,-0.30,Knitting Yarn,30/1 Combed,Domestic North India,INR: 0.01199410
2024-06-18,3.35,USD/Kg,-0.30,Knitting Yarn,30/1 Combed,Domestic North India,INR: 0.01197598
2024-06-17,3.36,USD/Kg,-0.30,Knitting Yarn,30/1 Combed,Domestic North India,INR: 0.01196859
2024-06-14,3.37,USD/Kg,0.00,Knitting Yarn,30/1 Combed,Domestic North India,INR: 0.01197213
2024-06-13,3.37,USD/Kg,0.30,Knitting Yarn,30/1 Combed,Domestic North India,INR: 0.01198258
2024-06-12,3.36,USD/Kg,-0.59,Knitting Yarn,30/1 Combed,Domestic North India,INR: 0.01196214
2024-06-11,3.38,USD/Kg,0.30,Knitting Yarn,30/1 Combed,Domestic North India,INR: 0.01197154
2024-06-10,3.37,USD/Kg,-1.17,Knitting Yarn,30/1 Combed,Domestic North India,INR: 0.01197205
2024-06-07,3.41,USD/Kg,-0.29,Knitting Yarn,30/1 Combed,Domestic North India,INR: 0.01198037
2024-06-06,3.42,USD/Kg,0.29,Knitting Yarn,30/1 Combed,Domestic North India,INR: 0.01199362
2024-06-05,3.41,USD/Kg,0.29,Knitting Yarn,30/1 Combed,Domestic North India,INR: 0.01195078
2024-06-04,3.40,USD/Kg,0.00,Knitting Yarn,30/1 Combed,Domestic North India,INR: 0.01203393
2024-06-03,3.40,USD/Kg,0.29,Knitting Yarn,30/1 Combed,Domestic North India,INR: 0.01198307
2024-05-31,3.39,USD/Kg,0.30,Knitting Yarn,30/1 Combed,Domestic North India,INR: 0.01200175
2024-05-30,3.38,USD/Kg,-0.29,Knitting Yarn,30/1 Combed,Domestic North India,INR: 0.01199531
2024-05-29,3.39,USD/Kg,-0.59,Knitting Yarn,30/1 Combed,Domestic North India,INR: 0.01201824
2024-05-28,3.41,USD/Kg,0.29,Knitting Yarn,30/1 Combed,Domestic North India,INR: 0.01202693
2024-05-27,3.40,USD/Kg,-0.58,Knitting Yarn,30/1 Combed,Domestic North India,INR: 0.01204058
2024-05-24,3.42,USD/Kg,-0.29,Knitting Yarn,30/1 Combed,Domestic North India,INR: 0.01200671
2024-05-23,3.43,USD/Kg,-0.58,Knitting Yarn,30/1 Combed,Domestic North India,INR: 0.01200840
2024-05-22,3.45,USD/Kg,0.00,Knitting Yarn,30/1 Combed,Domestic North India,INR: 0.01200227
2024-05-21,3.45,USD/Kg,0.00,Knitting Yarn,30/1 Combed,Domestic North India,INR: 0.01200329
2024-05-20,3.45,USD/Kg,0.00,Knitting Yarn,30/1 Combed,Domestic North India,INR: 0.01200471
2024-05-17,3.45,USD/Kg,-0.58,Knitting Yarn,30/1 Combed,Domestic North India,INR: 0.01197960
2024-05-16,3.47,USD/Kg,-0.29,Knitting Yarn,30/1 Combed,Domestic North India,INR: 0.01198978
2024-05-15,3.48,USD/Kg,0.29,Knitting Yarn,30/1 Combed,Domestic North India,INR: 0.01197267
2024-05-14,3.47,USD/Kg,0.00,Knitting Yarn,30/1 Combed,Domestic North India,INR: 0.01197524
2024-05-13,3.47,USD/Kg,0.00,Knitting Yarn,30/1 Combed,Domestic North India,INR: 0.01197246
2024-05-10,3.47,USD/Kg,0.58,Knitting Yarn,30/1 Combed,Domestic North India,INR: 0.01198149
2024-05-09,3.45,USD/Kg,0.00,Knitting Yarn,30/1 Combed,Domestic North India,INR: 0.01198111
2024-05-08,3.45,USD/Kg,0.29,Knitting Yarn,30/1 Combed,Domestic North India,INR: 0.01198121
2024-05-07,3.44,USD/Kg,-0.29,Knitting Yarn,30/1 Combed,Domestic North India,INR: 0.01197337
2024-05-06,3.45,USD/Kg,-0.29,Knitting Yarn,30/1 Combed,Domestic North India,INR: 0.01199325
2024-05-03,3.46,USD/Kg,-0.29,Knitting Yarn,30/1 Combed,Domestic North India,INR: 0.01198977
2024-05-02,3.47,USD/Kg,0.29,Knitting Yarn,30/1 Combed,Domestic North India,INR: 0.01198945
2024-05-01,3.46,USD/Kg,0.29,Knitting Yarn,30/1 Combed,Domestic North India,INR: 0.01197624
2024-04-30,3.45,USD/Kg,0.29,Knitting Yarn,30/1 Combed,Domestic North India,INR: 0.01198402
2024-04-29,3.44,USD/Kg,0.29,Knitting Yarn,30/1 Combed,Domestic North India,INR: 0.01199004
2024-04-26,3.43,USD/Kg,-0.58,Knitting Yarn,30/1 Combed,Domestic North India,INR: 0.01200699
2024-04-25,3.45,USD/Kg,-0.29,Knitting Yarn,30/1 Combed,Domestic North India,INR: 0.01199899
2024-04-24,3.46,USD/Kg,-0.57,Knitting Yarn,30/1 Combed,Domestic North India,INR: 0.01200733
2024-04-23,3.48,USD/Kg,0.29,Knitting Yarn,30/1 Combed,Domestic North India,INR: 0.01199181
2024-04-22,3.47,USD/Kg,-0.29,Knitting Yarn,30/1 Combed,Domestic North India,INR: 0.01199249
2024-04-19,3.48,USD/Kg,1.16,Knitting Yarn,30/1 Combed,Domestic North India,INR: 0.01196956
2024-04-18,3.44,USD/Kg,-0.29,Knitting Yarn,30/1 Combed,Domestic North India,INR: 0.01196229
2024-04-17,3.45,USD/Kg,0.00,Knitting Yarn,30/1 Combed,Domestic North India,INR: 0.01195204
2024-04-16,3.45,USD/Kg,0.29,Knitting Yarn,30/1 Combed,Domestic North India,INR: 0.01197515
2024-04-15,3.44,USD/Kg,-0.29,Knitting Yarn,30/1 Combed,Domestic North India,INR: 0.01196010
2024-04-12,3.45,USD/Kg,0.00,Knitting Yarn,30/1 Combed,Domestic North India,INR: 0.01199767
2024-04-11,3.45,USD/Kg,-0.29,Knitting Yarn,30/1 Combed,Domestic North India,INR: 0.01198853
2024-04-10,3.46,USD/Kg,1.76,Knitting Yarn,30/1 Combed,Domestic North India,INR: 0.01201569
2024-04-09,3.40,USD/Kg,0.00,Knitting Yarn,30/1 Combed,Domestic North India,INR: 0.01200906
2024-04-08,3.40,USD/Kg,0.29,Knitting Yarn,30/1 Combed,Domestic North India,INR: 0.01200523
2024-04-05,3.39,USD/Kg,0.59,Knitting Yarn,30/1 Combed,Domestic North India,INR: 0.01197869
2024-04-04,3.37,USD/Kg,0.00,Knitting Yarn,30/1 Combed,Domestic North India,INR: 0.01199421
2024-04-03,3.37,USD/Kg,0.30,Knitting Yarn,30/1 Combed,Domestic North India,INR: 0.01199755
2024-04-02,3.36,USD/Kg,0.00,Knitting Yarn,30/1 Combed,Domestic North India,INR: 0.01198855
2024-04-01,3.36,USD/Kg,-0.30,Knitting Yarn,30/1 Combed,Domestic North India,INR: 0.01199378
2024-03-29,3.37,USD/Kg,0.30,Knitting Yarn,30/1 Combed,Domestic North India,INR: 0.01199121
2024-03-28,3.36,USD/Kg,-0.30,Knitting Yarn,30/1 Combed,Domestic North India,INR: 0.01199611
2024-03-27,3.37,USD/Kg,0.00,Knitting Yarn,30/1 Combed,Domestic North India,INR: 0.01199980
2024-03-26,3.37,USD/Kg,-0.30,Knitting Yarn,30/1 Combed,Domestic North India,INR: 0.01198784
2024-03-25,3.38,USD/Kg,-0.29,Knitting Yarn,30/1 Combed,Domestic North India,INR: 0.01196127
2024-03-22,3.39,USD/Kg,0.00,Knitting Yarn,30/1 Combed,Domestic North India,INR: 0.01201703
2024-03-21,3.39,USD/Kg,-0.29,Knitting Yarn,30/1 Combed,Domestic North India,INR: 0.01204024
2024-03-20,3.40,USD/Kg,0.00,Knitting Yarn,30/1 Combed,Domestic North India,INR: 0.01204551
2024-03-19,3.40,USD/Kg,-0.87,Knitting Yarn,30/1 Combed,Domestic North India,INR: 0.01206188
2024-03-18,3.43,USD/Kg,0.00,Knitting Yarn,30/1 Combed,Domestic North India,INR: 0.01206425
2024-03-15,3.43,USD/Kg,0.29,Knitting Yarn,30/1 Combed,Domestic North India,INR: 0.01205317
2024-03-14,3.42,USD/Kg,0.29,Knitting Yarn,30/1 Combed,Domestic North India,INR: 0.01207245
2024-03-13,3.41,USD/Kg,-0.29,Knitting Yarn,30/1 Combed,Domestic North India,INR: 0.01207214
2024-03-12,3.42,USD/Kg,0.59,Knitting Yarn,30/1 Combed,Domestic North India,INR: 0.01208043
2024-03-11,3.40,USD/Kg,-0.29,Knitting Yarn,30/1 Combed,Domestic North India,INR: 0.01208375
2024-03-08,3.41,USD/Kg,-0.29,Knitting Yarn,30/1 Combed,Domestic North India,INR: 0.01208853
2024-03-07,3.42,USD/Kg,0.00,Knitting Yarn,30/1 Combed,Domestic North India,INR: 0.01207447
2024-03-06,3.42,USD/Kg,0.00,Knitting Yarn,30/1 Combed,Domestic North India,INR: 0.01206490
2024-03-05,3.42,USD/Kg,0.00,Knitting Yarn,30/1 Combed,Domestic North India,INR: 0.01206102
2024-03-04,3.42,USD/Kg,0.59,Knitting Yarn,30/1 Combed,Domestic North India,INR: 0.01207052
2024-03-01,3.40,USD/Kg,0.59,Knitting Yarn,30/1 Combed,Domestic North India,INR: 0.01206065
2024-02-29,3.38,USD/Kg,-0.29,Knitting Yarn,30/1 Combed,Domestic North India,INR: 0.01206096
2024-02-28,3.39,USD/Kg,0.59,Knitting Yarn,30/1 Combed,Domestic North India,INR: 0.01205626
2024-02-27,3.37,USD/Kg,0.00,Knitting Yarn,30/1 Combed,Domestic North India,INR: 0.01206968
2024-02-26,3.37,USD/Kg,-0.59,Knitting Yarn,30/1 Combed,Domestic North India,INR: 0.01206517
2024-02-23,3.39,USD/Kg,-0.59,Knitting Yarn,30/1 Combed,Domestic North India,INR: 0.01206672
2024-02-22,3.41,USD/Kg,-0.29,Knitting Yarn,30/1 Combed,Domestic North India,INR: 0.01205722
2024-02-21,3.42,USD/Kg,0.29,Knitting Yarn,30/1 Combed,Domestic North India,INR: 0.01206755
2024-02-20,3.41,USD/Kg,-0.29,Knitting Yarn,30/1 Combed,Domestic North India,INR: 0.01204520
2024-02-19,3.42,USD/Kg,-0.29,Knitting Yarn,30/1 Combed,Domestic North India,INR: 0.01204615
2024-02-16,3.43,USD/Kg,0.29,Knitting Yarn,30/1 Combed,Domestic North India,INR: 0.01204676
2024-02-15,3.42,USD/Kg,0.29,Knitting Yarn,30/1 Combed,Domestic North India,INR: 0.01204596
2024-02-14,3.41,USD/Kg,-0.58,Knitting Yarn,30/1 Combed,Domestic North India,INR: 0.01203874
2024-02-13,3.43,USD/Kg,0.29,Knitting Yarn,30/1 Combed,Domestic North India,INR: 0.01204958
2024-02-12,3.42,USD/Kg,2.09,Knitting Yarn,30/1 Combed,Domestic North India,INR: 0.01204641
2024-02-09,3.35,USD/Kg,-0.30,Knitting Yarn,30/1 Combed,Domestic North India,INR: 0.01205070
2024-02-08,3.36,USD/Kg,0.00,Knitting Yarn,30/1 Combed,Domestic North India,INR: 0.01204986
2024-02-07,3.36,USD/Kg,0.00,Knitting Yarn,30/1 Combed,Domestic North India,INR: 0.01203795
2024-02-06,3.36,USD/Kg,-0.30,Knitting Yarn,30/1 Combed,Domestic North India,INR: 0.01204113
2024-02-05,3.37,USD/Kg,-0.30,Knitting Yarn,30/1 Combed,Domestic North India,INR: 0.01204160
2024-02-02,3.38,USD/Kg,0.00,Knitting Yarn,30/1 Combed,Domestic North India,INR: 0.01205676
2024-02-01,3.38,USD/Kg,0.00,Knitting Yarn,30/1 Combed,Domestic North India,INR: 0.01204038
2024-01-31,3.38,USD/Kg,0.00,Knitting Yarn,30/1 Combed,Domestic North India,INR: 0.01203211
2024-01-30,3.38,USD/Kg,-0.29,Knitting Yarn,30/1 Combed,Domestic North India,INR: 0.01202597
2024-01-29,3.39,USD/Kg,0.00,Knitting Yarn,30/1 Combed,Domestic North India,INR: 0.01203102
2024-01-26,3.39,USD/Kg,0.00,Knitting Yarn,30/1 Combed,Domestic North India,INR: 0.01202661
2024-01-25,3.39,USD/Kg,0.00,Knitting Yarn,30/1 Combed,Domestic North India,INR: 0.01203288
2024-01-24,3.39,USD/Kg,-0.29,Knitting Yarn,30/1 Combed,Domestic North India,INR: 0.01201610
2024-01-23,3.40,USD/Kg,2.10,Knitting Yarn,30/1 Combed,Domestic North India,INR: 0.01203437
2024-01-22,3.33,USD/Kg,0.00,Knitting Yarn,30/1 Combed,Domestic North India,INR: 0.01202988
2024-01-19,3.33,USD/Kg,-0.30,Knitting Yarn,30/1 Combed,Domestic North India,INR: 0.01202438
2024-01-18,3.34,USD/Kg,-0.60,Knitting Yarn,30/1 Combed,Domestic North India,INR: 0.01202879
2024-01-17,3.36,USD/Kg,0.30,Knitting Yarn,30/1 Combed,Domestic North India,INR: 0.01203522
2024-01-16,3.35,USD/Kg,-0.30,Knitting Yarn,30/1 Combed,Domestic North India,INR: 0.01206860
2024-01-15,3.36,USD/Kg,0.30,Knitting Yarn,30/1 Combed,Domestic North India,INR: 0.01206643
2024-01-12,3.35,USD/Kg,0.90,Knitting Yarn,30/1 Combed,Domestic North India,INR: 0.01203748
2024-01-11,3.32,USD/Kg,-0.30,Knitting Yarn,30/1 Combed,Domestic North India,INR: 0.01204614
2024-01-10,3.33,USD/Kg,-0.60,Knitting Yarn,30/1 Combed,Domestic North India,INR: 0.01202916
2024-01-09,3.35,USD/Kg,-0.30,Knitting Yarn,30/1 Combed,Domestic North India,INR: 0.01203941
2024-01-08,3.36,USD/Kg,0.60,Knitting Yarn,30/1 Combed,Domestic North India,INR: 0.01202304
2024-01-05,3.34,USD/Kg,0.00,Knitting Yarn,30/1 Combed,Domestic North India,INR: 0.01201208
2024-01-04,3.34,USD/Kg,0.30,Knitting Yarn,30/1 Combed,Domestic North India,INR: 0.01200217
2024-01-03,3.33,USD/Kg,0.00,Knitting Yarn,30/1 Combed,Domestic North India,INR: 0.01201094
2024-01-02,3.33,USD/Kg,0.00,Knitting Yarn,30/1 Combed,Domestic North India,INR: 0.01201882
2024-01-01,3.33,USD/Kg,0.00,Knitting Yarn,30/1 Combed,Domestic North India,INR: 0.01201468
2023-12-29,3.33,USD/Kg,0.00,Knitting Yarn,30/1 Combed,Domestic North India,INR: 0.01206403
2023-12-28,3.33,USD/Kg,0.60,Knitting Yarn,30/1 Combed,Domestic North India,INR: 0.01200935
2023-12-27,3.31,USD/Kg,-0.90,Knitting Yarn,30/1 Combed,Domestic North India,INR: 0.01202168
2023-12-26,3.34,USD/Kg,0.00,Knitting Yarn,30/1 Combed,Domestic North India,INR: 0.01202320
2023-12-25,3.34,USD/Kg,0.60,Knitting Yarn,30/1 Combed,Domestic North India,INR: 0.01202320
2023-12-22,3.32,USD/Kg,0.30,Knitting Yarn,30/1 Combed,Domestic North India,INR: 0.01202908
2023-12-21,3.31,USD/Kg,-1.49,Knitting Yarn,30/1 Combed,Domestic North India,INR: 0.01200949
2023-12-20,3.36,USD/Kg,-0.59,Knitting Yarn,30/1 Combed,Domestic North India,INR: 0.01203545
2023-12-19,3.38,USD/Kg,-0.29,Knitting Yarn,30/1 Combed,Domestic North India,INR: 0.01202956
2023-12-18,3.39,USD/Kg,-0.59,Knitting Yarn,30/1 Combed,Domestic North India,INR: 0.01204212
2023-12-15,3.41,USD/Kg,0.29,Knitting Yarn,30/1 Combed,Domestic North India,INR: 0.01200491
2023-12-14,3.40,USD/Kg,-0.29,Knitting Yarn,30/1 Combed,Domestic North India,INR: 0.01200717
2023-12-13,3.41,USD/Kg,-0.29,Knitting Yarn,30/1 Combed,Domestic North India,INR: 0.01199165
2023-12-12,3.42,USD/Kg,-0.29,Knitting Yarn,30/1 Combed,Domestic North India,INR: 0.01199866
2023-12-11,3.43,USD/Kg,0.00,Knitting Yarn,30/1 Combed,Domestic North India,INR: 0.01198518
2023-12-08,3.43,USD/Kg,0.29,Knitting Yarn,30/1 Combed,Domestic North India,INR: 0.01199692
2023-12-07,3.42,USD/Kg,0.29,Knitting Yarn,30/1 Combed,Domestic North India,INR: 0.01200016
2023-12-06,3.41,USD/Kg,0.29,Knitting Yarn,30/1 Combed,Domestic North India,INR: 0.01200204
2023-12-05,3.40,USD/Kg,0.59,Knitting Yarn,30/1 Combed,Domestic North India,INR: 0.01198583
2023-12-04,3.38,USD/Kg,0.00,Knitting Yarn,30/1 Combed,Domestic North India,INR: 0.01201412
2023-12-01,3.38,USD/Kg,-0.29,Knitting Yarn,30/1 Combed,Domestic North India,INR: 0.01199713
2023-11-30,3.39,USD/Kg,-0.29,Knitting Yarn,30/1 Combed,Domestic North India,INR: 0.01200047
2023-11-29,3.40,USD/Kg,0.29,Knitting Yarn,30/1 Combed,Domestic North India,INR: 0.01199296
2023-11-28,3.39,USD/Kg,-0.29,Knitting Yarn,30/1 Combed,Domestic North India,INR: 0.01199577
2023-11-27,3.40,USD/Kg,-0.58,Knitting Yarn,30/1 Combed,Domestic North India,INR: 0.01200204
2023-11-24,3.42,USD/Kg,-0.29,Knitting Yarn,30/1 Combed,Domestic North India,INR: 0.01199843
2023-11-23,3.43,USD/Kg,0.00,Knitting Yarn,30/1 Combed,Domestic North India,INR: 0.01199551
2023-11-22,3.43,USD/Kg,0.00,Knitting Yarn,30/1 Combed,Domestic North India,INR: 0.01199818
2023-11-21,3.43,USD/Kg,0.00,Knitting Yarn,30/1 Combed,Domestic North India,INR: 0.01200157
2023-11-20,3.43,USD/Kg,0.59,Knitting Yarn,30/1 Combed,Domestic North India,INR: 0.01200592
2023-11-17,3.41,USD/Kg,-0.58,Knitting Yarn,30/1 Combed,Domestic North India,INR: 0.01203072
2023-11-16,3.43,USD/Kg,-0.29,Knitting Yarn,30/1 Combed,Domestic North India,INR: 0.01202120
2023-11-15,3.44,USD/Kg,-0.29,Knitting Yarn,30/1 Combed,Domestic North India,INR: 0.01204481
2023-11-14,3.45,USD/Kg,0.00,Knitting Yarn,30/1 Combed,Domestic North India,INR: 0.01202117
2023-11-13,3.45,USD/Kg,0.58,Knitting Yarn,30/1 Combed,Domestic North India,INR: 0.01200466
2023-11-10,3.43,USD/Kg,0.29,Knitting Yarn,30/1 Combed,Domestic North India,INR: 0.01200230
2023-11-09,3.42,USD/Kg,0.00,Knitting Yarn,30/1 Combed,Domestic North India,INR: 0.01201649
2023-11-08,3.42,USD/Kg,-0.58,Knitting Yarn,30/1 Combed,Domestic North India,INR: 0.01201447
2023-11-07,3.44,USD/Kg,-0.29,Knitting Yarn,30/1 Combed,Domestic North India,INR: 0.01201590
2023-11-06,3.45,USD/Kg,0.29,Knitting Yarn,30/1 Combed,Domestic North India,INR: 0.01202507
2023-11-03,3.44,USD/Kg,0.00,Knitting Yarn,30/1 Combed,Domestic North India,INR: 0.01201381
2023-11-02,3.44,USD/Kg,-0.29,Knitting Yarn,30/1 Combed,Domestic North India,INR: 0.01201147
2023-11-01,3.45,USD/Kg,0.00,Knitting Yarn,30/1 Combed,Domestic North India,INR: 0.01200801
2023-10-31,3.45,USD/Kg,2.99,Knitting Yarn,30/1 Combed,Domestic North India,INR: 0.01201237
2023-10-30,3.35,USD/Kg,-0.30,Knitting Yarn,30/1 Combed,Domestic North India,INR: 0.01198869
2023-10-27,3.36,USD/Kg,-0.30,Knitting Yarn,30/1 Combed,Domestic North India,INR: 0.01200726
2023-10-26,3.37,USD/Kg,0.30,Knitting Yarn,30/1 Combed,Domestic North India,INR: 0.01202619
2023-10-25,3.36,USD/Kg,-0.30,Knitting Yarn,30/1 Combed,Domestic North India,INR: 0.01204578
2023-10-24,3.37,USD/Kg,-0.30,Knitting Yarn,30/1 Combed,Domestic North India,INR: 0.01204390
2023-10-23,3.38,USD/Kg,0.00,Knitting Yarn,30/1 Combed,Domestic North India,INR: 0.01202500
2023-10-20,3.38,USD/Kg,0.00,Knitting Yarn,30/1 Combed,Domestic North India,INR: 0.01203043
2023-10-19,3.38,USD/Kg,0.30,Knitting Yarn,30/1 Combed,Domestic North India,INR: 0.01200936
2023-10-18,3.37,USD/Kg,0.60,Knitting Yarn,30/1 Combed,Domestic North India,INR: 0.01201144
2023-10-17,3.35,USD/Kg,0.00,Knitting Yarn,30/1 Combed,Domestic North India,INR: 0.01201970
2023-10-16,3.35,USD/Kg,0.00,Knitting Yarn,30/1 Combed,Domestic North India,INR: 0.01200732
2023-10-13,3.35,USD/Kg,0.30,Knitting Yarn,30/1 Combed,Domestic North India,INR: 0.01201019
2023-10-12,3.34,USD/Kg,0.00,Knitting Yarn,30/1 Combed,Domestic North India,INR: 0.01202652
2023-10-11,3.34,USD/Kg,-0.30,Knitting Yarn,30/1 Combed,Domestic North India,INR: 0.01201193
2023-10-10,3.35,USD/Kg,-0.30,Knitting Yarn,30/1 Combed,Domestic North India,INR: 0.01200905
2023-10-09,3.36,USD/Kg,-0.30,Knitting Yarn,30/1 Combed,Domestic North India,INR: 0.01203010
2023-10-06,3.37,USD/Kg,0.30,Knitting Yarn,30/1 Combed,Domestic North India,INR: 0.01201543
2023-10-05,3.36,USD/Kg,2.44,Knitting Yarn,30/1 Combed,Domestic North India,INR: 0.01201128
2023-10-04,3.28,USD/Kg,0.00,Knitting Yarn,30/1 Combed,Domestic North India,INR: 0.01201525
2023-10-03,3.28,USD/Kg,-0.30,Knitting Yarn,30/1 Combed,Domestic North India,INR: 0.01199601
2023-10-02,3.29,USD/Kg,0.00,Knitting Yarn,30/1 Combed,Domestic North India,INR: 0.01204311
2023-09-29,3.29,USD/Kg,0.00,Knitting Yarn,30/1 Combed,Domestic North India,INR: 0.01201916
2023-09-28,3.29,USD/Kg,0.00,Knitting Yarn,30/1 Combed,Domestic North India,INR: 0.01201401
2023-09-27,3.29,USD/Kg,0.00,Knitting Yarn,30/1 Combed,Domestic North India,INR: 0.01200482
2023-09-26,3.29,USD/Kg,0.30,Knitting Yarn,30/1 Combed,Domestic North India,INR: 0.01204390
2023-09-25,3.28,USD/Kg,0.31,Knitting Yarn,30/1 Combed,Domestic North India,INR: 0.01205182
2023-09-22,3.27,USD/Kg,0.00,Knitting Yarn,30/1 Combed,Domestic North India,INR: 0.01206541
2023-09-21,3.27,USD/Kg,0.31,Knitting Yarn,30/1 Combed,Domestic North India,INR: 0.01203554
2023-09-20,3.26,USD/Kg,0.62,Knitting Yarn,30/1 Combed,Domestic North India,INR: 0.01201887
2023-09-19,3.24,USD/Kg,0.31,Knitting Yarn,30/1 Combed,Domestic North India,INR: 0.01201322
2023-09-18,3.23,USD/Kg,0.31,Knitting Yarn,30/1 Combed,Domestic North India,INR: 0.01203571
2023-09-15,3.22,USD/Kg,0.31,Knitting Yarn,30/1 Combed,Domestic North India,INR: 0.01204405
2023-09-14,3.21,USD/Kg,0.31,Knitting Yarn,30/1 Combed,Domestic North India,INR: 0.01205657
2023-09-13,3.20,USD/Kg,-0.62,Knitting Yarn,30/1 Combed,Domestic North India,INR: 0.01206979
2023-09-12,3.22,USD/Kg,-0.31,Knitting Yarn,30/1 Combed,Domestic North India,INR: 0.01205655
2023-09-11,3.23,USD/Kg,0.00,Knitting Yarn,30/1 Combed,Domestic North India,INR: 0.01204361
2023-09-08,3.23,USD/Kg,0.00,Knitting Yarn,30/1 Combed,Domestic North India,INR: 0.01201320
2023-09-07,3.23,USD/Kg,0.62,Knitting Yarn,30/1 Combed,Domestic North India,INR: 0.01201091
2023-09-06,3.21,USD/Kg,-0.31,Knitting Yarn,30/1 Combed,Domestic North India,INR: 0.01203545
2023-09-05,3.22,USD/Kg,0.00,Knitting Yarn,30/1 Combed,Domestic North India,INR: 0.01208672
2023-09-04,3.22,USD/Kg,-0.31,Knitting Yarn,30/1 Combed,Domestic North India,INR: 0.01208839
2023-09-01,3.23,USD/Kg,0.31,Knitting Yarn,30/1 Combed,Domestic North India,INR: 0.01209444
2023-08-31,3.22,USD/Kg,0.00,Knitting Yarn,30/1 Combed,Domestic North India,INR: 0.01209180
2023-08-30,3.22,USD/Kg,0.31,Knitting Yarn,30/1 Combed,Domestic North India,INR: 0.01212112
2023-08-29,3.21,USD/Kg,-0.31,Knitting Yarn,30/1 Combed,Domestic North India,INR: 0.01209308
2023-08-28,3.22,USD/Kg,0.31,Knitting Yarn,30/1 Combed,Domestic North India,INR: 0.01209708
2023-08-25,3.21,USD/Kg,0.31,Knitting Yarn,30/1 Combed,Domestic North India,INR: 0.01210044
2023-08-24,3.20,USD/Kg,-0.31,Knitting Yarn,30/1 Combed,Domestic North India,INR: 0.01211461
2023-08-23,3.21,USD/Kg,0.00,Knitting Yarn,30/1 Combed,Domestic North India,INR: 0.01203803
2023-08-22,3.21,USD/Kg,0.31,Knitting Yarn,30/1 Combed,Domestic North India,INR: 0.01203170
2023-08-21,3.20,USD/Kg,-0.31,Knitting Yarn,30/1 Combed,Domestic North India,INR: 0.01202392
2023-08-18,3.21,USD/Kg,0.31,Knitting Yarn,30/1 Combed,Domestic North India,INR: 0.01203390
2023-08-17,3.20,USD/Kg,-0.31,Knitting Yarn,30/1 Combed,Domestic North India,INR: 0.01201385
2023-08-16,3.21,USD/Kg,-0.62,Knitting Yarn,30/1 Combed,Domestic North India,INR: 0.01201915
2023-08-15,3.23,USD/Kg,0.00,Knitting Yarn,30/1 Combed,Domestic North India,INR: 0.01200738
2023-08-14,3.23,USD/Kg,0.00,Knitting Yarn,30/1 Combed,Domestic North India,INR: 0.01206308
2023-08-11,3.23,USD/Kg,-0.31,Knitting Yarn,30/1 Combed,Domestic North India,INR: 0.01207727
2023-08-10,3.24,USD/Kg,0.31,Knitting Yarn,30/1 Combed,Domestic North India,INR: 0.01206760
2023-08-09,3.23,USD/Kg,0.00,Knitting Yarn,30/1 Combed,Domestic North India,INR: 0.01206964
2023-08-08,3.23,USD/Kg,0.31,Knitting Yarn,30/1 Combed,Domestic North India,INR: 0.01207751
2023-08-07,3.22,USD/Kg,0.31,Knitting Yarn,30/1 Combed,Domestic North India,INR: 0.01209255
2023-08-04,3.21,USD/Kg,0.00,Knitting Yarn,30/1 Combed,Domestic North India,INR: 0.01207955
2023-08-03,3.21,USD/Kg,0.31,Knitting Yarn,30/1 Combed,Domestic North India,INR: 0.01208699
2023-08-02,3.20,USD/Kg,0.00,Knitting Yarn,30/1 Combed,Domestic North India,INR: 0.01215040
2023-08-01,3.20,USD/Kg,-0.31,Knitting Yarn,30/1 Combed,Domestic North India,INR: 0.01215919
2023-07-31,3.21,USD/Kg,0.31,Knitting Yarn,30/1 Combed,Domestic North India,INR: 0.01215760
2023-07-28,3.20,USD/Kg,0.00,Knitting Yarn,30/1 Combed,Domestic North India,INR: 0.01213958
2023-07-27,3.20,USD/Kg,-0.62,Knitting Yarn,30/1 Combed,Domestic North India,INR: 0.01219873
2023-07-26,3.22,USD/Kg,-0.31,Knitting Yarn,30/1 Combed,Domestic North India,INR: 0.01220232
2023-07-25,3.23,USD/Kg,-0.31,Knitting Yarn,30/1 Combed,Domestic North India,INR: 0.01222276
2023-07-24,3.24,USD/Kg,0.62,Knitting Yarn,30/1 Combed,Domestic North India,INR: 0.01219452
2023-07-21,3.22,USD/Kg,0.31,Knitting Yarn,30/1 Combed,Domestic North India,INR: 0.01218281
2023-07-20,3.21,USD/Kg,0.94,Knitting Yarn,30/1 Combed,Domestic North India,INR: 0.01218592
2023-07-19,3.18,USD/Kg,0.00,Knitting Yarn,30/1 Combed,Domestic North India,INR: 0.01218389
2023-07-18,3.18,USD/Kg,-0.31,Knitting Yarn,30/1 Combed,Domestic North India,INR: 0.01218696
2023-07-17,3.19,USD/Kg,-0.62,Knitting Yarn,30/1 Combed,Domestic North India,INR: 0.01218367
2023-07-14,3.21,USD/Kg,0.63,Knitting Yarn,30/1 Combed,Domestic North India,INR: 0.01219051
2023-07-13,3.19,USD/Kg,0.63,Knitting Yarn,30/1 Combed,Domestic North India,INR: 0.01219482
2023-07-12,3.17,USD/Kg,0.00,Knitting Yarn,30/1 Combed,Domestic North India,INR: 0.01213590
2023-07-11,3.17,USD/Kg,0.96,Knitting Yarn,30/1 Combed,Domestic North India,INR: 0.01211746
2023-07-10,3.14,USD/Kg,0.32,Knitting Yarn,30/1 Combed,Domestic North India,INR: 0.01210426
2023-07-07,3.13,USD/Kg,-0.32,Knitting Yarn,30/1 Combed,Domestic North India,INR: 0.01208187
2023-07-06,3.14,USD/Kg,0.32,Knitting Yarn,30/1 Combed,Domestic North India,INR: 0.01213675
2023-07-05,3.13,USD/Kg,-0.32,Knitting Yarn,30/1 Combed,Domestic North India,INR: 0.01219403
2023-07-04,3.14,USD/Kg,0.32,Knitting Yarn,30/1 Combed,Domestic North India,INR: 0.01220251
2023-07-03,3.13,USD/Kg,0.32,Knitting Yarn,30/1 Combed,Domestic North India,INR: 0.01218078
2023-06-30,3.12,USD/Kg,-0.64,Knitting Yarn,30/1 Combed,Domestic North India,INR: 0.01218388
2023-06-29,3.14,USD/Kg,-0.32,Knitting Yarn,30/1 Combed,Domestic North India,INR: 0.01219114
2023-06-28,3.15,USD/Kg,-0.32,Knitting Yarn,30/1 Combed,Domestic North India,INR: 0.01219534
2023-06-27,3.16,USD/Kg,-0.32,Knitting Yarn,30/1 Combed,Domestic North India,INR: 0.01219553
2023-06-26,3.17,USD/Kg,0.00,Knitting Yarn,30/1 Combed,Domestic North India,INR: 0.01219493
2023-06-23,3.17,USD/Kg,0.00,Knitting Yarn,30/1 Combed,Domestic North India,INR: 0.01220710
2023-06-22,3.17,USD/Kg,0.32,Knitting Yarn,30/1 Combed,Domestic North India,INR: 0.01220379
2023-06-21,3.16,USD/Kg,0.32,Knitting Yarn,30/1 Combed,Domestic North India,INR: 0.01219632
2023-06-20,3.15,USD/Kg,0.00,Knitting Yarn,30/1 Combed,Domestic North India,INR: 0.01219749
2023-06-19,3.15,USD/Kg,0.00,Knitting Yarn,30/1 Combed,Domestic North India,INR: 0.01220770
2023-06-16,3.15,USD/Kg,0.00,Knitting Yarn,30/1 Combed,Domestic North India,INR: 0.01220810
2023-06-15,3.15,USD/Kg,-0.32,Knitting Yarn,30/1 Combed,Domestic North India,INR: 0.01218843
2023-06-14,3.16,USD/Kg,0.00,Knitting Yarn,30/1 Combed,Domestic North India,INR: 0.01215206
2023-06-13,3.16,USD/Kg,0.32,Knitting Yarn,30/1 Combed,Domestic North India,INR: 0.01214514
2023-06-12,3.15,USD/Kg,0.32,Knitting Yarn,30/1 Combed,Domestic North India,INR: 0.01212929
2023-06-09,3.14,USD/Kg,0.00,Knitting Yarn,30/1 Combed,Domestic North India,INR: 0.01212289
2023-06-08,3.14,USD/Kg,-0.32,Knitting Yarn,30/1 Combed,Domestic North India,INR: 0.01210385
2023-06-07,3.15,USD/Kg,0.64,Knitting Yarn,30/1 Combed,Domestic North India,INR: 0.01211852
2023-06-06,3.13,USD/Kg,0.00,Knitting Yarn,30/1 Combed,Domestic North India,INR: 0.01211949
2023-06-05,3.13,USD/Kg,0.00,Knitting Yarn,30/1 Combed,Domestic North India,INR: 0.01213444
2023-06-02,3.13,USD/Kg,-0.63,Knitting Yarn,30/1 Combed,Domestic North India,INR: 0.01215410
2023-06-01,3.15,USD/Kg,0.00,Knitting Yarn,30/1 Combed,Domestic North India,INR: 0.01209672
2023-05-31,3.15,USD/Kg,0.00,Knitting Yarn,30/1 Combed,Domestic North India,INR: 0.01209420
2023-05-30,3.15,USD/Kg,-0.32,Knitting Yarn,30/1 Combed,Domestic North India,INR: 0.01210948
2023-05-29,3.16,USD/Kg,0.32,Knitting Yarn,30/1 Combed,Domestic North India,INR: 0.01211020
2023-05-26,3.15,USD/Kg,0.32,Knitting Yarn,30/1 Combed,Domestic North India,INR: 0.01208571
2023-05-25,3.14,USD/Kg,-1.88,Knitting Yarn,30/1 Combed,Domestic North India,INR: 0.01208987
2023-05-24,3.20,USD/Kg,-0.62,Knitting Yarn,30/1 Combed,Domestic North India,INR: 0.01206404
2023-05-23,3.22,USD/Kg,0.31,Knitting Yarn,30/1 Combed,Domestic North India,INR: 0.01207361
2023-05-22,3.21,USD/Kg,0.31,Knitting Yarn,30/1 Combed,Domestic North India,INR: 0.01206199
2023-05-19,3.20,USD/Kg,0.00,Knitting Yarn,30/1 Combed,Domestic North India,INR: 0.01208819
2023-05-18,3.20,USD/Kg,0.31,Knitting Yarn,30/1 Combed,Domestic North India,INR: 0.01212839
2023-05-17,3.19,USD/Kg,0.31,Knitting Yarn,30/1 Combed,Domestic North India,INR: 0.01215122
2023-05-16,3.18,USD/Kg,-0.31,Knitting Yarn,30/1 Combed,Domestic North India,INR: 0.01215551
2023-05-15,3.19,USD/Kg,-0.62,Knitting Yarn,30/1 Combed,Domestic North India,INR: 0.01216537
2023-05-12,3.21,USD/Kg,-0.31,Knitting Yarn,30/1 Combed,Domestic North India,INR: 0.01218019
2023-05-11,3.22,USD/Kg,0.31,Knitting Yarn,30/1 Combed,Domestic North India,INR: 0.01220701
2023-05-10,3.21,USD/Kg,-0.31,Knitting Yarn,30/1 Combed,Domestic North India,INR: 0.01217947
2023-05-09,3.22,USD/Kg,-0.62,Knitting Yarn,30/1 Combed,Domestic North India,INR: 0.01222652
2023-05-08,3.24,USD/Kg,0.00,Knitting Yarn,30/1 Combed,Domestic North India,INR: 0.01223543
2023-05-05,3.24,USD/Kg,0.31,Knitting Yarn,30/1 Combed,Domestic North India,INR: 0.01223745
2023-05-04,3.23,USD/Kg,-0.31,Knitting Yarn,30/1 Combed,Domestic North India,INR: 0.01222789
2023-05-03,3.24,USD/Kg,0.31,Knitting Yarn,30/1 Combed,Domestic North India,INR: 0.01222812
2023-05-02,3.23,USD/Kg,0.31,Knitting Yarn,30/1 Combed,Domestic North India,INR: 0.01222868
2023-05-01,3.22,USD/Kg,0.31,Knitting Yarn,30/1 Combed,Domestic North India,INR: 0.01223316
2023-04-28,3.21,USD/Kg,0.00,Knitting Yarn,30/1 Combed,Domestic North India,INR: 0.01223028
2023-04-27,3.21,USD/Kg,0.31,Knitting Yarn,30/1 Combed,Domestic North India,INR: 0.01222985
2023-04-26,3.20,USD/Kg,0.00,Knitting Yarn,30/1 Combed,Domestic North India,INR: 0.01219633
2023-04-25,3.20,USD/Kg,-0.31,Knitting Yarn,30/1 Combed,Domestic North India,INR: 0.01221709
2023-04-24,3.21,USD/Kg,0.31,Knitting Yarn,30/1 Combed,Domestic North India,INR: 0.01218694
2023-04-21,3.20,USD/Kg,0.00,Knitting Yarn,30/1 Combed,Domestic North India,INR: 0.01217417
2023-04-20,3.20,USD/Kg,-0.31,Knitting Yarn,30/1 Combed,Domestic North India,INR: 0.01214463
2023-04-19,3.21,USD/Kg,-1.83,Knitting Yarn,30/1 Combed,Domestic North India,INR: 0.01217906
2023-04-18,3.27,USD/Kg,0.00,Knitting Yarn,30/1 Combed,Domestic North India,INR: 0.01219440
2023-04-17,3.27,USD/Kg,0.31,Knitting Yarn,30/1 Combed,Domestic North India,INR: 0.01221821
2023-04-14,3.26,USD/Kg,0.00,Knitting Yarn,30/1 Combed,Domestic North India,INR: 0.01224276
2023-04-13,3.26,USD/Kg,-0.31,Knitting Yarn,30/1 Combed,Domestic North India,INR: 0.01220092
2023-04-12,3.27,USD/Kg,-0.30,Knitting Yarn,30/1 Combed,Domestic North India,INR: 0.01218467
2023-04-11,3.28,USD/Kg,-0.30,Knitting Yarn,30/1 Combed,Domestic North India,INR: 0.01219748
2023-04-10,3.29,USD/Kg,0.00,Knitting Yarn,30/1 Combed,Domestic North India,INR: 0.01221224
2023-04-07,3.29,USD/Kg,0.30,Knitting Yarn,30/1 Combed,Domestic North India,INR: 0.01222023
2023-04-06,3.28,USD/Kg,-0.30,Knitting Yarn,30/1 Combed,Domestic North India,INR: 0.01220250
2023-04-05,3.29,USD/Kg,0.30,Knitting Yarn,30/1 Combed,Domestic North India,INR: 0.01217804
2023-04-04,3.28,USD/Kg,0.00,Knitting Yarn,30/1 Combed,Domestic North India,INR: 0.01217431
2023-04-03,3.28,USD/Kg,0.61,Knitting Yarn,30/1 Combed,Domestic North India,INR: 0.01216766
2023-03-31,3.26,USD/Kg,0.31,Knitting Yarn,30/1 Combed,Domestic North India,INR: 0.01218017
2023-03-30,3.25,USD/Kg,0.00,Knitting Yarn,30/1 Combed,Domestic North India,INR: 0.01215723
2023-03-29,3.25,USD/Kg,0.62,Knitting Yarn,30/1 Combed,Domestic North India,INR: 0.01217070
2023-03-28,3.23,USD/Kg,0.00,Knitting Yarn,30/1 Combed,Domestic North India,INR: 0.01216319
2023-03-27,3.23,USD/Kg,-0.62,Knitting Yarn,30/1 Combed,Domestic North India,INR: 0.01214491
2023-03-24,3.25,USD/Kg,0.00,Knitting Yarn,30/1 Combed,Domestic North India,INR: 0.01215576
2023-03-23,3.25,USD/Kg,0.31,Knitting Yarn,30/1 Combed,Domestic North India,INR: 0.01211742
2023-03-22,3.24,USD/Kg,-0.61,Knitting Yarn,30/1 Combed,Domestic North India,INR: 0.01209520
2023-03-21,3.26,USD/Kg,-0.31,Knitting Yarn,30/1 Combed,Domestic North India,INR: 0.01211690
2023-03-20,3.27,USD/Kg,0.00,Knitting Yarn,30/1 Combed,Domestic North India,INR: 0.01211598
2023-03-17,3.27,USD/Kg,-0.30,Knitting Yarn,30/1 Combed,Domestic North India,INR: 0.01211642
2023-03-16,3.28,USD/Kg,0.00,Knitting Yarn,30/1 Combed,Domestic North India,INR: 0.01208957
2023-03-15,3.28,USD/Kg,0.00,Knitting Yarn,30/1 Combed,Domestic North India,INR: 0.01214992
2023-03-14,3.28,USD/Kg,0.00,Knitting Yarn,30/1 Combed,Domestic North India,INR: 0.01213316
2023-03-13,3.28,USD/Kg,-0.30,Knitting Yarn,30/1 Combed,Domestic North India,INR: 0.01219732
2023-03-10,3.29,USD/Kg,0.00,Knitting Yarn,30/1 Combed,Domestic North India,INR: 0.01219236
2023-03-09,3.29,USD/Kg,-0.30,Knitting Yarn,30/1 Combed,Domestic North India,INR: 0.01220037
2023-03-08,3.30,USD/Kg,0.00,Knitting Yarn,30/1 Combed,Domestic North India,INR: 0.01218400
2023-03-07,3.30,USD/Kg,0.30,Knitting Yarn,30/1 Combed,Domestic North India,INR: 0.01221678
2023-03-06,3.29,USD/Kg,0.30,Knitting Yarn,30/1 Combed,Domestic North India,INR: 0.01223799
2023-03-03,3.28,USD/Kg,0.61,Knitting Yarn,30/1 Combed,Domestic North India,INR: 0.01214255
2023-03-02,3.26,USD/Kg,0.00,Knitting Yarn,30/1 Combed,Domestic North India,INR: 0.01213296
2023-03-01,3.26,USD/Kg,0.00,Knitting Yarn,30/1 Combed,Domestic North India,INR: 0.01210131
2023-02-28,3.26,USD/Kg,0.31,Knitting Yarn,30/1 Combed,Domestic North India,INR: 0.01209890
2023-02-27,3.25,USD/Kg,0.31,Knitting Yarn,30/1 Combed,Domestic North India,INR: 0.01205799
2023-02-24,3.24,USD/Kg,-0.31,Knitting Yarn,30/1 Combed,Domestic North India,INR: 0.01210392
2023-02-23,3.25,USD/Kg,0.31,Knitting Yarn,30/1 Combed,Domestic North India,INR: 0.01208709
2023-02-22,3.24,USD/Kg,-0.61,Knitting Yarn,30/1 Combed,Domestic North India,INR: 0.01206828
2023-02-21,3.26,USD/Kg,0.31,Knitting Yarn,30/1 Combed,Domestic North India,INR: 0.01209223
2023-02-20,3.25,USD/Kg,0.00,Knitting Yarn,30/1 Combed,Domestic North India,INR: 0.01208233
2023-02-17,3.25,USD/Kg,0.31,Knitting Yarn,30/1 Combed,Domestic North India,INR: 0.01209372
2023-02-16,3.24,USD/Kg,0.00,Knitting Yarn,30/1 Combed,Domestic North India,INR: 0.01209383
2023-02-15,3.24,USD/Kg,0.31,Knitting Yarn,30/1 Combed,Domestic North India,INR: 0.01206741
2023-02-14,3.23,USD/Kg,0.62,Knitting Yarn,30/1 Combed,Domestic North India,INR: 0.01207302
2023-02-13,3.21,USD/Kg,-1.23,Knitting Yarn,30/1 Combed,Domestic North India,INR: 0.01211941
2023-02-10,3.25,USD/Kg,0.31,Knitting Yarn,30/1 Combed,Domestic North India,INR: 0.01211655
2023-02-09,3.24,USD/Kg,0.31,Knitting Yarn,30/1 Combed,Domestic North India,INR: 0.01209779
2023-02-08,3.23,USD/Kg,1.57,Knitting Yarn,30/1 Combed,Domestic North India,INR: 0.01208571
2023-02-07,3.18,USD/Kg,-0.31,Knitting Yarn,30/1 Combed,Domestic North India,INR: 0.01208380
2023-02-06,3.19,USD/Kg,0.95,Knitting Yarn,30/1 Combed,Domestic North India,INR: 0.01214250
2023-02-03,3.16,USD/Kg,-0.32,Knitting Yarn,30/1 Combed,Domestic North India,INR: 0.01218826
2023-02-02,3.17,USD/Kg,0.00,Knitting Yarn,30/1 Combed,Domestic North India,INR: 0.01223832
2023-02-01,3.17,USD/Kg,0.00,Knitting Yarn,30/1 Combed,Domestic North India,INR: 0.01222963
2023-01-31,3.17,USD/Kg,-0.31,Knitting Yarn,30/1 Combed,Domestic North India,INR: 0.01225789
2023-01-30,3.18,USD/Kg,0.00,Knitting Yarn,30/1 Combed,Domestic North India,INR: 0.01226792
2023-01-27,3.18,USD/Kg,0.32,Knitting Yarn,30/1 Combed,Domestic North India,INR: 0.01227816
2023-01-26,3.17,USD/Kg,-0.31,Knitting Yarn,30/1 Combed,Domestic North India,INR: 0.01226949
2023-01-25,3.18,USD/Kg,0.00,Knitting Yarn,30/1 Combed,Domestic North India,INR: 0.01225458
2023-01-24,3.18,USD/Kg,0.95,Knitting Yarn,30/1 Combed,Domestic North India,INR: 0.01227171
2023-01-23,3.15,USD/Kg,-0.32,Knitting Yarn,30/1 Combed,Domestic North India,INR: 0.01234964
2023-01-20,3.16,USD/Kg,-0.32,Knitting Yarn,30/1 Combed,Domestic North India,INR: 0.01230920
2023-01-19,3.17,USD/Kg,-0.31,Knitting Yarn,30/1 Combed,Domestic North India,INR: 0.01227954
2023-01-18,3.18,USD/Kg,-0.62,Knitting Yarn,30/1 Combed,Domestic North India,INR: 0.01226606
2023-01-17,3.20,USD/Kg,-0.31,Knitting Yarn,30/1 Combed,Domestic North India,INR: 0.01224697
2023-01-16,3.21,USD/Kg,-0.62,Knitting Yarn,30/1 Combed,Domestic North India,INR: 0.01230243
2023-01-13,3.23,USD/Kg,0.31,Knitting Yarn,30/1 Combed,Domestic North India,INR: 0.01232808
2023-01-12,3.22,USD/Kg,0.00,Knitting Yarn,30/1 Combed,Domestic North India,INR: 0.01225009
2023-01-11,3.22,USD/Kg,0.00,Knitting Yarn,30/1 Combed,Domestic North India,INR: 0.01224925
2023-01-10,3.22,USD/Kg,0.31,Knitting Yarn,30/1 Combed,Domestic North India,INR: 0.01216836
2023-01-09,3.21,USD/Kg,0.31,Knitting Yarn,30/1 Combed,Domestic North India,INR: 0.01215453
2023-01-06,3.20,USD/Kg,0.31,Knitting Yarn,30/1 Combed,Domestic North India,INR: 0.01209988
2023-01-05,3.19,USD/Kg,0.31,Knitting Yarn,30/1 Combed,Domestic North India,INR: 0.01209679
2023-01-04,3.18,USD/Kg,-0.31,Knitting Yarn,30/1 Combed,Domestic North India,INR: 0.01208031
2023-01-03,3.19,USD/Kg,-0.62,Knitting Yarn,30/1 Combed,Domestic North India,INR: 0.01209100
2023-01-02,3.21,USD/Kg,0.00,Knitting Yarn,30/1 Combed,Domestic North India,INR: 0.01208472
2025-06-06,2.94,USD/Kg,-3.61,Knitting Yarn,30/1 Combed,FOB North India,USD: 1.00000000
2025-06-05,3.05,USD/Kg,0.00,Knitting Yarn,30/1 Combed,FOB North India,USD: 1.00000000
2025-06-04,3.05,USD/Kg,-0.65,Knitting Yarn,30/1 Combed,FOB North India,USD: 1.00000000
2025-06-03,3.07,USD/Kg,0.33,Knitting Yarn,30/1 Combed,FOB North India,USD: 1.00000000
2025-06-02,3.06,USD/Kg,0.00,Knitting Yarn,30/1 Combed,FOB North India,USD: 1.00000000
2025-05-30,3.06,USD/Kg,0.66,Knitting Yarn,30/1 Combed,FOB North India,USD: 1.00000000
2025-05-29,3.04,USD/Kg,0.00,Knitting Yarn,30/1 Combed,FOB North India,USD: 1.00000000
2025-05-28,3.04,USD/Kg,-0.33,Knitting Yarn,30/1 Combed,FOB North India,USD: 1.00000000
2025-05-27,3.05,USD/Kg,0.00,Knitting Yarn,30/1 Combed,FOB North India,USD: 1.00000000
2025-05-26,3.05,USD/Kg,0.00,Knitting Yarn,30/1 Combed,FOB North India,USD: 1.00000000
2025-05-23,3.05,USD/Kg,0.33,Knitting Yarn,30/1 Combed,FOB North India,USD: 1.00000000
2025-05-22,3.04,USD/Kg,0.66,Knitting Yarn,30/1 Combed,FOB North India,USD: 1.00000000
2025-05-21,3.02,USD/Kg,0.33,Knitting Yarn,30/1 Combed,FOB North India,USD: 1.00000000
2025-05-20,3.01,USD/Kg,-0.33,Knitting Yarn,30/1 Combed,FOB North India,USD: 1.00000000
2025-05-19,3.02,USD/Kg,0.67,Knitting Yarn,30/1 Combed,FOB North India,USD: 1.00000000
2025-05-16,3.00,USD/Kg,0.67,Knitting Yarn,30/1 Combed,FOB North India,USD: 1.00000000
2025-05-15,2.98,USD/Kg,-0.33,Knitting Yarn,30/1 Combed,FOB North India,USD: 1.00000000
2025-05-14,2.99,USD/Kg,-0.33,Knitting Yarn,30/1 Combed,FOB North India,USD: 1.00000000
2025-05-13,3.00,USD/Kg,0.33,Knitting Yarn,30/1 Combed,FOB North India,USD: 1.00000000
2025-05-12,2.99,USD/Kg,0.34,Knitting Yarn,30/1 Combed,FOB North India,USD: 1.00000000
2025-05-09,2.98,USD/Kg,-0.67,Knitting Yarn,30/1 Combed,FOB North India,USD: 1.00000000
2025-05-08,3.00,USD/Kg,0.33,Knitting Yarn,30/1 Combed,FOB North India,USD: 1.00000000
2025-05-07,2.99,USD/Kg,-3.24,Knitting Yarn,30/1 Combed,FOB North India,USD: 1.00000000
2025-05-06,3.09,USD/Kg,-0.64,Knitting Yarn,30/1 Combed,FOB North India,USD: 1.00000000
2025-05-05,3.11,USD/Kg,-0.64,Knitting Yarn,30/1 Combed,FOB North India,USD: 1.00000000
2025-05-02,3.13,USD/Kg,-0.63,Knitting Yarn,30/1 Combed,FOB North India,USD: 1.00000000
2025-05-01,3.15,USD/Kg,0.32,Knitting Yarn,30/1 Combed,FOB North India,USD: 1.00000000
2025-04-30,3.14,USD/Kg,0.00,Knitting Yarn,30/1 Combed,FOB North India,USD: 1.00000000
2025-04-29,3.14,USD/Kg,-0.32,Knitting Yarn,30/1 Combed,FOB North India,USD: 1.00000000
2025-04-28,3.15,USD/Kg,-0.32,Knitting Yarn,30/1 Combed,FOB North India,USD: 1.00000000
2025-04-25,3.16,USD/Kg,-0.32,Knitting Yarn,30/1 Combed,FOB North India,USD: 1.00000000
2025-04-24,3.17,USD/Kg,0.63,Knitting Yarn,30/1 Combed,FOB North India,USD: 1.00000000
2025-04-23,3.15,USD/Kg,-0.63,Knitting Yarn,30/1 Combed,FOB North India,USD: 1.00000000
2025-04-22,3.17,USD/Kg,0.32,Knitting Yarn,30/1 Combed,FOB North India,USD: 1.00000000
2025-04-21,3.16,USD/Kg,0.32,Knitting Yarn,30/1 Combed,FOB North India,USD: 1.00000000
2025-04-18,3.15,USD/Kg,-2.17,Knitting Yarn,30/1 Combed,FOB North India,USD: 1.00000000
2025-04-17,3.22,USD/Kg,0.00,Knitting Yarn,30/1 Combed,FOB North India,USD: 1.00000000
2025-04-16,3.22,USD/Kg,0.00,Knitting Yarn,30/1 Combed,FOB North India,USD: 1.00000000
2025-04-15,3.22,USD/Kg,0.00,Knitting Yarn,30/1 Combed,FOB North India,USD: 1.00000000
2025-04-14,3.22,USD/Kg,-0.31,Knitting Yarn,30/1 Combed,FOB North India,USD: 1.00000000
2025-04-11,3.23,USD/Kg,0.31,Knitting Yarn,30/1 Combed,FOB North India,USD: 1.00000000
2025-04-10,3.22,USD/Kg,0.00,Knitting Yarn,30/1 Combed,FOB North India,USD: 1.00000000
2025-04-09,3.22,USD/Kg,-0.31,Knitting Yarn,30/1 Combed,FOB North India,USD: 1.00000000
2025-04-08,3.23,USD/Kg,-0.31,Knitting Yarn,30/1 Combed,FOB North India,USD: 1.00000000
2025-04-07,3.24,USD/Kg,0.31,Knitting Yarn,30/1 Combed,FOB North India,USD: 1.00000000
2025-04-04,3.23,USD/Kg,0.31,Knitting Yarn,30/1 Combed,FOB North India,USD: 1.00000000
2025-04-03,3.22,USD/Kg,-0.31,Knitting Yarn,30/1 Combed,FOB North India,USD: 1.00000000
2025-04-02,3.23,USD/Kg,0.62,Knitting Yarn,30/1 Combed,FOB North India,USD: 1.00000000
2025-04-01,3.21,USD/Kg,0.31,Knitting Yarn,30/1 Combed,FOB North India,USD: 1.00000000
2025-03-31,3.20,USD/Kg,-0.31,Knitting Yarn,30/1 Combed,FOB North India,USD: 1.00000000
2025-03-28,3.21,USD/Kg,-0.31,Knitting Yarn,30/1 Combed,FOB North India,USD: 1.00000000
2025-03-27,3.22,USD/Kg,0.00,Knitting Yarn,30/1 Combed,FOB North India,USD: 1.00000000
2025-03-26,3.22,USD/Kg,0.00,Knitting Yarn,30/1 Combed,FOB North India,USD: 1.00000000
2025-03-25,3.22,USD/Kg,0.31,Knitting Yarn,30/1 Combed,FOB North India,USD: 1.00000000
2025-03-24,3.21,USD/Kg,0.31,Knitting Yarn,30/1 Combed,FOB North India,USD: 1.00000000
2025-03-21,3.20,USD/Kg,0.00,Knitting Yarn,30/1 Combed,FOB North India,USD: 1.00000000
2025-03-20,3.20,USD/Kg,-0.31,Knitting Yarn,30/1 Combed,FOB North India,USD: 1.00000000
2025-03-19,3.21,USD/Kg,0.00,Knitting Yarn,30/1 Combed,FOB North India,USD: 1.00000000
2025-03-18,3.21,USD/Kg,-0.31,Knitting Yarn,30/1 Combed,FOB North India,USD: 1.00000000
2025-03-17,3.22,USD/Kg,-0.62,Knitting Yarn,30/1 Combed,FOB North India,USD: 1.00000000
2025-03-14,3.24,USD/Kg,-0.31,Knitting Yarn,30/1 Combed,FOB North India,USD: 1.00000000
2025-03-13,3.25,USD/Kg,-0.61,Knitting Yarn,30/1 Combed,FOB North India,USD: 1.00000000
2025-03-12,3.27,USD/Kg,0.00,Knitting Yarn,30/1 Combed,FOB North India,USD: 1.00000000
2025-03-11,3.27,USD/Kg,0.00,Knitting Yarn,30/1 Combed,FOB North India,USD: 1.00000000
2025-03-10,3.27,USD/Kg,-0.30,Knitting Yarn,30/1 Combed,FOB North India,USD: 1.00000000
2025-03-07,3.28,USD/Kg,0.31,Knitting Yarn,30/1 Combed,FOB North India,USD: 1.00000000
2025-03-06,3.27,USD/Kg,-0.30,Knitting Yarn,30/1 Combed,FOB North India,USD: 1.00000000
2025-03-05,3.28,USD/Kg,-0.30,Knitting Yarn,30/1 Combed,FOB North India,USD: 1.00000000
2025-03-04,3.29,USD/Kg,1.86,Knitting Yarn,30/1 Combed,FOB North India,USD: 1.00000000
2025-03-03,3.23,USD/Kg,-0.31,Knitting Yarn,30/1 Combed,FOB North India,USD: 1.00000000
2025-02-28,3.24,USD/Kg,0.00,Knitting Yarn,30/1 Combed,FOB North India,USD: 1.00000000
2025-02-27,3.24,USD/Kg,0.31,Knitting Yarn,30/1 Combed,FOB North India,USD: 1.00000000
2025-02-26,3.23,USD/Kg,0.31,Knitting Yarn,30/1 Combed,FOB North India,USD: 1.00000000
2025-02-25,3.22,USD/Kg,-0.31,Knitting Yarn,30/1 Combed,FOB North India,USD: 1.00000000
2025-02-24,3.23,USD/Kg,0.31,Knitting Yarn,30/1 Combed,FOB North India,USD: 1.00000000
2025-02-21,3.22,USD/Kg,-0.31,Knitting Yarn,30/1 Combed,FOB North India,USD: 1.00000000
2025-02-20,3.23,USD/Kg,1.25,Knitting Yarn,30/1 Combed,FOB North India,USD: 1.00000000
2025-02-19,3.19,USD/Kg,0.95,Knitting Yarn,30/1 Combed,FOB North India,USD: 1.00000000
2025-02-18,3.16,USD/Kg,0.00,Knitting Yarn,30/1 Combed,FOB North India,USD: 1.00000000
2025-02-17,3.16,USD/Kg,0.32,Knitting Yarn,30/1 Combed,FOB North India,USD: 1.00000000
2025-02-14,3.15,USD/Kg,0.32,Knitting Yarn,30/1 Combed,FOB North India,USD: 1.00000000
2025-02-13,3.14,USD/Kg,0.32,Knitting Yarn,30/1 Combed,FOB North India,USD: 1.00000000
2025-02-12,3.13,USD/Kg,-0.32,Knitting Yarn,30/1 Combed,FOB North India,USD: 1.00000000
2025-02-11,3.14,USD/Kg,0.32,Knitting Yarn,30/1 Combed,FOB North India,USD: 1.00000000
2025-02-10,3.13,USD/Kg,-0.63,Knitting Yarn,30/1 Combed,FOB North India,USD: 1.00000000
2025-02-07,3.15,USD/Kg,-0.32,Knitting Yarn,30/1 Combed,FOB North India,USD: 1.00000000
2025-02-06,3.16,USD/Kg,-0.32,Knitting Yarn,30/1 Combed,FOB North India,USD: 1.00000000
2025-02-05,3.17,USD/Kg,-2.46,Knitting Yarn,30/1 Combed,FOB North India,USD: 1.00000000
2025-02-04,3.25,USD/Kg,-0.31,Knitting Yarn,30/1 Combed,FOB North India,USD: 1.00000000
2025-02-03,3.26,USD/Kg,-0.31,Knitting Yarn,30/1 Combed,FOB North India,USD: 1.00000000
2025-01-31,3.27,USD/Kg,0.00,Knitting Yarn,30/1 Combed,FOB North India,USD: 1.00000000
2025-01-30,3.27,USD/Kg,-0.61,Knitting Yarn,30/1 Combed,FOB North India,USD: 1.00000000
2025-01-29,3.29,USD/Kg,0.00,Knitting Yarn,30/1 Combed,FOB North India,USD: 1.00000000
2025-01-28,3.29,USD/Kg,0.61,Knitting Yarn,30/1 Combed,FOB North India,USD: 1.00000000
2025-01-27,3.27,USD/Kg,0.00,Knitting Yarn,30/1 Combed,FOB North India,USD: 1.00000000
2025-01-24,3.27,USD/Kg,0.00,Knitting Yarn,30/1 Combed,FOB North India,USD: 1.00000000
2025-01-23,3.27,USD/Kg,0.00,Knitting Yarn,30/1 Combed,FOB North India,USD: 1.00000000
2025-01-22,3.27,USD/Kg,0.00,Knitting Yarn,30/1 Combed,FOB North India,USD: 1.00000000
2025-01-21,3.27,USD/Kg,0.31,Knitting Yarn,30/1 Combed,FOB North India,USD: 1.00000000
2025-01-20,3.26,USD/Kg,-0.61,Knitting Yarn,30/1 Combed,FOB North India,USD: 1.00000000
2025-01-17,3.28,USD/Kg,-0.61,Knitting Yarn,30/1 Combed,FOB North India,USD: 1.00000000
2025-01-16,3.30,USD/Kg,0.00,Knitting Yarn,30/1 Combed,FOB North India,USD: 1.00000000
2025-01-15,3.30,USD/Kg,0.61,Knitting Yarn,30/1 Combed,FOB North India,USD: 1.00000000
2025-01-14,3.28,USD/Kg,0.31,Knitting Yarn,30/1 Combed,FOB North India,USD: 1.00000000
2025-01-13,3.27,USD/Kg,-0.30,Knitting Yarn,30/1 Combed,FOB North India,USD: 1.00000000
2025-01-10,3.28,USD/Kg,0.61,Knitting Yarn,30/1 Combed,FOB North India,USD: 1.00000000
2025-01-09,3.26,USD/Kg,0.31,Knitting Yarn,30/1 Combed,FOB North India,USD: 1.00000000
2025-01-08,3.25,USD/Kg,0.00,Knitting Yarn,30/1 Combed,FOB North India,USD: 1.00000000
2025-01-07,3.25,USD/Kg,0.31,Knitting Yarn,30/1 Combed,FOB North India,USD: 1.00000000
2025-01-06,3.24,USD/Kg,0.00,Knitting Yarn,30/1 Combed,FOB North India,USD: 1.00000000
2025-01-03,3.24,USD/Kg,-0.61,Knitting Yarn,30/1 Combed,FOB North India,USD: 1.00000000
2025-01-02,3.26,USD/Kg,0.62,Knitting Yarn,30/1 Combed,FOB North India,USD: 1.00000000
2025-01-01,3.24,USD/Kg,-0.61,Knitting Yarn,30/1 Combed,FOB North India,USD: 1.00000000
2024-12-31,3.26,USD/Kg,-0.61,Knitting Yarn,30/1 Combed,FOB North India,USD: 1.00000000
2024-12-30,3.28,USD/Kg,-0.61,Knitting Yarn,30/1 Combed,FOB North India,USD: 1.00000000
2024-12-27,3.30,USD/Kg,-0.30,Knitting Yarn,30/1 Combed,FOB North India,USD: 1.00000000
2024-12-26,3.31,USD/Kg,-0.60,Knitting Yarn,30/1 Combed,FOB North India,USD: 1.00000000
2024-12-25,3.33,USD/Kg,-0.60,Knitting Yarn,30/1 Combed,FOB North India,USD: 1.00000000
2024-12-24,3.35,USD/Kg,0.60,Knitting Yarn,30/1 Combed,FOB North India,USD: 1.00000000
2024-12-23,3.33,USD/Kg,0.30,Knitting Yarn,30/1 Combed,FOB North India,USD: 1.00000000
2024-12-20,3.32,USD/Kg,0.00,Knitting Yarn,30/1 Combed,FOB North India,USD: 1.00000000
2024-12-19,3.32,USD/Kg,0.00,Knitting Yarn,30/1 Combed,FOB North India,USD: 1.00000000
2024-12-18,3.32,USD/Kg,1.22,Knitting Yarn,30/1 Combed,FOB North India,USD: 1.00000000
2024-12-17,3.28,USD/Kg,0.00,Knitting Yarn,30/1 Combed,FOB North India,USD: 1.00000000
2024-12-16,3.28,USD/Kg,0.61,Knitting Yarn,30/1 Combed,FOB North India,USD: 1.00000000
2024-12-13,3.26,USD/Kg,0.00,Knitting Yarn,30/1 Combed,FOB North India,USD: 1.00000000
2024-12-12,3.26,USD/Kg,-0.31,Knitting Yarn,30/1 Combed,FOB North India,USD: 1.00000000
2024-12-11,3.27,USD/Kg,0.62,Knitting Yarn,30/1 Combed,FOB North India,USD: 1.00000000
2024-12-10,3.25,USD/Kg,0.62,Knitting Yarn,30/1 Combed,FOB North India,USD: 1.00000000
2024-12-09,3.23,USD/Kg,0.31,Knitting Yarn,30/1 Combed,FOB North India,USD: 1.00000000
2024-12-06,3.22,USD/Kg,0.00,Knitting Yarn,30/1 Combed,FOB North India,USD: 1.00000000
2024-12-05,3.22,USD/Kg,0.31,Knitting Yarn,30/1 Combed,FOB North India,USD: 1.00000000
2024-12-04,3.21,USD/Kg,-0.31,Knitting Yarn,30/1 Combed,FOB North India,USD: 1.00000000
2024-12-03,3.22,USD/Kg,0.00,Knitting Yarn,30/1 Combed,FOB North India,USD: 1.00000000
2024-12-02,3.22,USD/Kg,-0.31,Knitting Yarn,30/1 Combed,FOB North India,USD: 1.00000000
2024-11-29,3.23,USD/Kg,0.00,Knitting Yarn,30/1 Combed,FOB North India,USD: 1.00000000
2024-11-28,3.23,USD/Kg,0.31,Knitting Yarn,30/1 Combed,FOB North India,USD: 1.00000000
2024-11-27,3.22,USD/Kg,1.90,Knitting Yarn,30/1 Combed,FOB North India,USD: 1.00000000
2024-11-26,3.16,USD/Kg,0.00,Knitting Yarn,30/1 Combed,FOB North India,USD: 1.00000000
2024-11-25,3.16,USD/Kg,-0.63,Knitting Yarn,30/1 Combed,FOB North India,USD: 1.00000000
2024-11-22,3.18,USD/Kg,0.32,Knitting Yarn,30/1 Combed,FOB North India,USD: 1.00000000
2024-11-21,3.17,USD/Kg,0.32,Knitting Yarn,30/1 Combed,FOB North India,USD: 1.00000000
2024-11-20,3.16,USD/Kg,-0.63,Knitting Yarn,30/1 Combed,FOB North India,USD: 1.00000000
2024-11-19,3.18,USD/Kg,0.63,Knitting Yarn,30/1 Combed,FOB North India,USD: 1.00000000
2024-11-18,3.16,USD/Kg,-2.47,Knitting Yarn,30/1 Combed,FOB North India,USD: 1.00000000
2024-11-15,3.24,USD/Kg,0.31,Knitting Yarn,30/1 Combed,FOB North India,USD: 1.00000000
2024-11-14,3.23,USD/Kg,-0.31,Knitting Yarn,30/1 Combed,FOB North India,USD: 1.00000000
2024-11-13,3.24,USD/Kg,0.31,Knitting Yarn,30/1 Combed,FOB North India,USD: 1.00000000
2024-11-12,3.23,USD/Kg,0.00,Knitting Yarn,30/1 Combed,FOB North India,USD: 1.00000000
2024-11-11,3.23,USD/Kg,-0.31,Knitting Yarn,30/1 Combed,FOB North India,USD: 1.00000000
2024-11-08,3.24,USD/Kg,-0.31,Knitting Yarn,30/1 Combed,FOB North India,USD: 1.00000000
2024-11-07,3.25,USD/Kg,-0.61,Knitting Yarn,30/1 Combed,FOB North India,USD: 1.00000000
2024-11-06,3.27,USD/Kg,1.24,Knitting Yarn,30/1 Combed,FOB North India,USD: 1.00000000
2024-11-05,3.23,USD/Kg,0.00,Knitting Yarn,30/1 Combed,FOB North India,USD: 1.00000000
2024-11-04,3.23,USD/Kg,-0.31,Knitting Yarn,30/1 Combed,FOB North India,USD: 1.00000000
2024-11-01,3.24,USD/Kg,0.31,Knitting Yarn,30/1 Combed,FOB North India,USD: 1.00000000
2024-10-31,3.23,USD/Kg,0.31,Knitting Yarn,30/1 Combed,FOB North India,USD: 1.00000000
2024-10-30,3.22,USD/Kg,0.31,Knitting Yarn,30/1 Combed,FOB North India,USD: 1.00000000
2024-10-29,3.21,USD/Kg,0.63,Knitting Yarn,30/1 Combed,FOB North India,USD: 1.00000000
2024-10-28,3.19,USD/Kg,0.31,Knitting Yarn,30/1 Combed,FOB North India,USD: 1.00000000
2024-10-25,3.18,USD/Kg,0.63,Knitting Yarn,30/1 Combed,FOB North India,USD: 1.00000000
2024-10-24,3.16,USD/Kg,0.64,Knitting Yarn,30/1 Combed,FOB North India,USD: 1.00000000
2024-10-23,3.14,USD/Kg,-0.32,Knitting Yarn,30/1 Combed,FOB North India,USD: 1.00000000
2024-10-22,3.15,USD/Kg,0.00,Knitting Yarn,30/1 Combed,FOB North India,USD: 1.00000000
2024-10-21,3.15,USD/Kg,-0.32,Knitting Yarn,30/1 Combed,FOB North India,USD: 1.00000000
2024-10-18,3.16,USD/Kg,0.32,Knitting Yarn,30/1 Combed,FOB North India,USD: 1.00000000
2024-10-17,3.15,USD/Kg,0.64,Knitting Yarn,30/1 Combed,FOB North India,USD: 1.00000000
2024-10-16,3.13,USD/Kg,0.32,Knitting Yarn,30/1 Combed,FOB North India,USD: 1.00000000
2024-10-15,3.12,USD/Kg,0.32,Knitting Yarn,30/1 Combed,FOB North India,USD: 1.00000000
2024-10-14,3.11,USD/Kg,0.32,Knitting Yarn,30/1 Combed,FOB North India,USD: 1.00000000
2024-10-11,3.10,USD/Kg,0.32,Knitting Yarn,30/1 Combed,FOB North India,USD: 1.00000000
2024-10-10,3.09,USD/Kg,-0.64,Knitting Yarn,30/1 Combed,FOB North India,USD: 1.00000000
2024-10-09,3.11,USD/Kg,-1.27,Knitting Yarn,30/1 Combed,FOB North India,USD: 1.00000000
2024-10-08,3.15,USD/Kg,-0.63,Knitting Yarn,30/1 Combed,FOB North India,USD: 1.00000000
2024-10-07,3.17,USD/Kg,-0.31,Knitting Yarn,30/1 Combed,FOB North India,USD: 1.00000000
2024-10-04,3.18,USD/Kg,0.32,Knitting Yarn,30/1 Combed,FOB North India,USD: 1.00000000
2024-10-03,3.17,USD/Kg,0.32,Knitting Yarn,30/1 Combed,FOB North India,USD: 1.00000000
2024-10-02,3.16,USD/Kg,0.64,Knitting Yarn,30/1 Combed,FOB North India,USD: 1.00000000
2024-10-01,3.14,USD/Kg,0.00,Knitting Yarn,30/1 Combed,FOB North India,USD: 1.00000000
2024-09-30,3.14,USD/Kg,0.32,Knitting Yarn,30/1 Combed,FOB North India,USD: 1.00000000
2024-09-27,3.13,USD/Kg,0.64,Knitting Yarn,30/1 Combed,FOB North India,USD: 1.00000000
2024-09-26,3.11,USD/Kg,-0.32,Knitting Yarn,30/1 Combed,FOB North India,USD: 1.00000000
2024-09-25,3.12,USD/Kg,0.00,Knitting Yarn,30/1 Combed,FOB North India,USD: 1.00000000
2024-09-24,3.12,USD/Kg,-0.32,Knitting Yarn,30/1 Combed,FOB North India,USD: 1.00000000
2024-09-23,3.13,USD/Kg,0.32,Knitting Yarn,30/1 Combed,FOB North India,USD: 1.00000000
2024-09-20,3.12,USD/Kg,0.65,Knitting Yarn,30/1 Combed,FOB North India,USD: 1.00000000
2024-09-19,3.10,USD/Kg,0.00,Knitting Yarn,30/1 Combed,FOB North India,USD: 1.00000000
2024-09-18,3.10,USD/Kg,0.32,Knitting Yarn,30/1 Combed,FOB North India,USD: 1.00000000
2024-09-17,3.09,USD/Kg,0.32,Knitting Yarn,30/1 Combed,FOB North India,USD: 1.00000000
2024-09-16,3.08,USD/Kg,-0.32,Knitting Yarn,30/1 Combed,FOB North India,USD: 1.00000000
2024-09-13,3.09,USD/Kg,-0.64,Knitting Yarn,30/1 Combed,FOB North India,USD: 1.00000000
2024-09-12,3.11,USD/Kg,-0.32,Knitting Yarn,30/1 Combed,FOB North India,USD: 1.00000000
2024-09-11,3.12,USD/Kg,0.32,Knitting Yarn,30/1 Combed,FOB North India,USD: 1.00000000
2024-09-10,3.11,USD/Kg,0.65,Knitting Yarn,30/1 Combed,FOB North India,USD: 1.00000000
2024-09-09,3.09,USD/Kg,-0.32,Knitting Yarn,30/1 Combed,FOB North India,USD: 1.00000000
2024-09-06,3.10,USD/Kg,0.32,Knitting Yarn,30/1 Combed,FOB North India,USD: 1.00000000
2024-09-05,3.09,USD/Kg,0.00,Knitting Yarn,30/1 Combed,FOB North India,USD: 1.00000000
2024-09-04,3.09,USD/Kg,-0.64,Knitting Yarn,30/1 Combed,FOB North India,USD: 1.00000000
2024-09-03,3.11,USD/Kg,-0.32,Knitting Yarn,30/1 Combed,FOB North India,USD: 1.00000000
2024-09-02,3.12,USD/Kg,0.32,Knitting Yarn,30/1 Combed,FOB North India,USD: 1.00000000
2024-08-30,3.11,USD/Kg,-0.32,Knitting Yarn,30/1 Combed,FOB North India,USD: 1.00000000
2024-08-29,3.12,USD/Kg,0.00,Knitting Yarn,30/1 Combed,FOB North India,USD: 1.00000000
2024-08-28,3.12,USD/Kg,0.32,Knitting Yarn,30/1 Combed,FOB North India,USD: 1.00000000
2024-08-27,3.11,USD/Kg,-0.32,Knitting Yarn,30/1 Combed,FOB North India,USD: 1.00000000
2024-08-26,3.12,USD/Kg,0.00,Knitting Yarn,30/1 Combed,FOB North India,USD: 1.00000000
2024-08-23,3.12,USD/Kg,0.32,Knitting Yarn,30/1 Combed,FOB North India,USD: 1.00000000
2024-08-22,3.11,USD/Kg,0.00,Knitting Yarn,30/1 Combed,FOB North India,USD: 1.00000000
2024-08-21,3.11,USD/Kg,-3.42,Knitting Yarn,30/1 Combed,FOB North India,USD: 1.00000000
2024-08-20,3.22,USD/Kg,-0.31,Knitting Yarn,30/1 Combed,FOB North India,USD: 1.00000000
2024-08-19,3.23,USD/Kg,-0.62,Knitting Yarn,30/1 Combed,FOB North India,USD: 1.00000000
2024-08-16,3.25,USD/Kg,0.31,Knitting Yarn,30/1 Combed,FOB North India,USD: 1.00000000
2024-08-15,3.24,USD/Kg,0.00,Knitting Yarn,30/1 Combed,FOB North India,USD: 1.00000000
2024-08-14,3.24,USD/Kg,0.31,Knitting Yarn,30/1 Combed,FOB North India,USD: 1.00000000
2024-08-13,3.23,USD/Kg,0.00,Knitting Yarn,30/1 Combed,FOB North India,USD: 1.00000000
2024-08-12,3.23,USD/Kg,0.31,Knitting Yarn,30/1 Combed,FOB North India,USD: 1.00000000
2024-08-09,3.22,USD/Kg,0.00,Knitting Yarn,30/1 Combed,FOB North India,USD: 1.00000000
2024-08-08,3.22,USD/Kg,-0.31,Knitting Yarn,30/1 Combed,FOB North India,USD: 1.00000000
2024-08-07,3.23,USD/Kg,-0.62,Knitting Yarn,30/1 Combed,FOB North India,USD: 1.00000000
2024-08-06,3.25,USD/Kg,2.20,Knitting Yarn,30/1 Combed,FOB North India,USD: 1.00000000
2024-08-05,3.18,USD/Kg,0.00,Knitting Yarn,30/1 Combed,FOB North India,USD: 1.00000000
2024-08-02,3.18,USD/Kg,0.00,Knitting Yarn,30/1 Combed,FOB North India,USD: 1.00000000
2024-08-01,3.18,USD/Kg,0.32,Knitting Yarn,30/1 Combed,FOB North India,USD: 1.00000000
2024-07-31,3.17,USD/Kg,-0.31,Knitting Yarn,30/1 Combed,FOB North India,USD: 1.00000000
2024-07-30,3.18,USD/Kg,-0.31,Knitting Yarn,30/1 Combed,FOB North India,USD: 1.00000000
2024-07-29,3.19,USD/Kg,0.00,Knitting Yarn,30/1 Combed,FOB North India,USD: 1.00000000
2024-07-26,3.19,USD/Kg,0.31,Knitting Yarn,30/1 Combed,FOB North India,USD: 1.00000000
2024-07-25,3.18,USD/Kg,0.32,Knitting Yarn,30/1 Combed,FOB North India,USD: 1.00000000
2024-07-24,3.17,USD/Kg,0.00,Knitting Yarn,30/1 Combed,FOB North India,USD: 1.00000000
2024-07-23,3.17,USD/Kg,0.00,Knitting Yarn,30/1 Combed,FOB North India,USD: 1.00000000
2024-07-22,3.17,USD/Kg,0.32,Knitting Yarn,30/1 Combed,FOB North India,USD: 1.00000000
2024-07-19,3.16,USD/Kg,0.32,Knitting Yarn,30/1 Combed,FOB North India,USD: 1.00000000
2024-07-18,3.15,USD/Kg,0.32,Knitting Yarn,30/1 Combed,FOB North India,USD: 1.00000000
2024-07-17,3.14,USD/Kg,0.00,Knitting Yarn,30/1 Combed,FOB North India,USD: 1.00000000
2024-07-16,3.14,USD/Kg,0.32,Knitting Yarn,30/1 Combed,FOB North India,USD: 1.00000000
2024-07-15,3.13,USD/Kg,-0.32,Knitting Yarn,30/1 Combed,FOB North India,USD: 1.00000000
2024-07-12,3.14,USD/Kg,-0.32,Knitting Yarn,30/1 Combed,FOB North India,USD: 1.00000000
2024-07-11,3.15,USD/Kg,-1.87,Knitting Yarn,30/1 Combed,FOB North India,USD: 1.00000000
2024-07-10,3.21,USD/Kg,-0.31,Knitting Yarn,30/1 Combed,FOB North India,USD: 1.00000000
2024-07-09,3.22,USD/Kg,0.63,Knitting Yarn,30/1 Combed,FOB North India,USD: 1.00000000
2024-07-08,3.20,USD/Kg,-0.31,Knitting Yarn,30/1 Combed,FOB North India,USD: 1.00000000
2024-07-05,3.21,USD/Kg,0.63,Knitting Yarn,30/1 Combed,FOB North India,USD: 1.00000000
2024-07-04,3.19,USD/Kg,0.63,Knitting Yarn,30/1 Combed,FOB North India,USD: 1.00000000
2024-07-03,3.17,USD/Kg,0.32,Knitting Yarn,30/1 Combed,FOB North India,USD: 1.00000000
2024-07-02,3.16,USD/Kg,-0.32,Knitting Yarn,30/1 Combed,FOB North India,USD: 1.00000000
2024-07-01,3.17,USD/Kg,0.32,Knitting Yarn,30/1 Combed,FOB North India,USD: 1.00000000
2024-06-28,3.16,USD/Kg,-1.56,Knitting Yarn,30/1 Combed,FOB North India,USD: 1.00000000
2024-06-27,3.21,USD/Kg,0.00,Knitting Yarn,30/1 Combed,FOB North India,USD: 1.00000000
2024-06-26,3.21,USD/Kg,0.31,Knitting Yarn,30/1 Combed,FOB North India,USD: 1.00000000
2024-06-25,3.20,USD/Kg,-0.31,Knitting Yarn,30/1 Combed,FOB North India,USD: 1.00000000
2024-06-24,3.21,USD/Kg,0.63,Knitting Yarn,30/1 Combed,FOB North India,USD: 1.00000000
2024-06-21,3.19,USD/Kg,-0.31,Knitting Yarn,30/1 Combed,FOB North India,USD: 1.00000000
2024-06-20,3.20,USD/Kg,-0.31,Knitting Yarn,30/1 Combed,FOB North India,USD: 1.00000000
2024-06-19,3.21,USD/Kg,0.31,Knitting Yarn,30/1 Combed,FOB North India,USD: 1.00000000
2024-06-18,3.20,USD/Kg,0.00,Knitting Yarn,30/1 Combed,FOB North India,USD: 1.00000000
2024-06-17,3.20,USD/Kg,-0.62,Knitting Yarn,30/1 Combed,FOB North India,USD: 1.00000000
2024-06-14,3.22,USD/Kg,0.31,Knitting Yarn,30/1 Combed,FOB North India,USD: 1.00000000
2024-06-13,3.21,USD/Kg,0.31,Knitting Yarn,30/1 Combed,FOB North India,USD: 1.00000000
2024-06-12,3.20,USD/Kg,0.00,Knitting Yarn,30/1 Combed,FOB North India,USD: 1.00000000
2024-06-11,3.20,USD/Kg,-0.31,Knitting Yarn,30/1 Combed,FOB North India,USD: 1.00000000
2024-06-10,3.21,USD/Kg,0.00,Knitting Yarn,30/1 Combed,FOB North India,USD: 1.00000000
2024-06-07,3.21,USD/Kg,-0.31,Knitting Yarn,30/1 Combed,FOB North India,USD: 1.00000000
2024-06-06,3.22,USD/Kg,-0.31,Knitting Yarn,30/1 Combed,FOB North India,USD: 1.00000000
2024-06-05,3.23,USD/Kg,0.00,Knitting Yarn,30/1 Combed,FOB North India,USD: 1.00000000
2024-06-04,3.23,USD/Kg,0.00,Knitting Yarn,30/1 Combed,FOB North India,USD: 1.00000000
2024-06-03,3.23,USD/Kg,0.31,Knitting Yarn,30/1 Combed,FOB North India,USD: 1.00000000
2024-05-31,3.22,USD/Kg,0.31,Knitting Yarn,30/1 Combed,FOB North India,USD: 1.00000000
2024-05-30,3.21,USD/Kg,-0.62,Knitting Yarn,30/1 Combed,FOB North India,USD: 1.00000000
2024-05-29,3.23,USD/Kg,-0.31,Knitting Yarn,30/1 Combed,FOB North India,USD: 1.00000000
2024-05-28,3.24,USD/Kg,0.62,Knitting Yarn,30/1 Combed,FOB North India,USD: 1.00000000
2024-05-27,3.22,USD/Kg,-0.31,Knitting Yarn,30/1 Combed,FOB North India,USD: 1.00000000
2024-05-24,3.23,USD/Kg,0.31,Knitting Yarn,30/1 Combed,FOB North India,USD: 1.00000000
2024-05-23,3.22,USD/Kg,0.31,Knitting Yarn,30/1 Combed,FOB North India,USD: 1.00000000
2024-05-22,3.21,USD/Kg,0.31,Knitting Yarn,30/1 Combed,FOB North India,USD: 1.00000000
2024-05-21,3.20,USD/Kg,0.00,Knitting Yarn,30/1 Combed,FOB North India,USD: 1.00000000
2024-05-20,3.20,USD/Kg,0.00,Knitting Yarn,30/1 Combed,FOB North India,USD: 1.00000000
2024-05-17,3.20,USD/Kg,0.31,Knitting Yarn,30/1 Combed,FOB North India,USD: 1.00000000
2024-05-16,3.19,USD/Kg,0.31,Knitting Yarn,30/1 Combed,FOB North India,USD: 1.00000000
2024-05-15,3.18,USD/Kg,-0.62,Knitting Yarn,30/1 Combed,FOB North India,USD: 1.00000000
2024-05-14,3.20,USD/Kg,0.31,Knitting Yarn,30/1 Combed,FOB North India,USD: 1.00000000
2024-05-13,3.19,USD/Kg,0.00,Knitting Yarn,30/1 Combed,FOB North India,USD: 1.00000000
2024-05-10,3.19,USD/Kg,-0.62,Knitting Yarn,30/1 Combed,FOB North India,USD: 1.00000000
2024-05-09,3.21,USD/Kg,0.00,Knitting Yarn,30/1 Combed,FOB North India,USD: 1.00000000
2024-05-08,3.21,USD/Kg,0.00,Knitting Yarn,30/1 Combed,FOB North India,USD: 1.00000000
2024-05-07,3.21,USD/Kg,0.31,Knitting Yarn,30/1 Combed,FOB North India,USD: 1.00000000
2024-05-06,3.20,USD/Kg,-0.31,Knitting Yarn,30/1 Combed,FOB North India,USD: 1.00000000
2024-05-03,3.21,USD/Kg,0.31,Knitting Yarn,30/1 Combed,FOB North India,USD: 1.00000000
2024-05-02,3.20,USD/Kg,0.00,Knitting Yarn,30/1 Combed,FOB North India,USD: 1.00000000
2024-05-01,3.20,USD/Kg,-0.31,Knitting Yarn,30/1 Combed,FOB North India,USD: 1.00000000
2024-04-30,3.21,USD/Kg,-1.23,Knitting Yarn,30/1 Combed,FOB North India,USD: 1.00000000
2024-04-29,3.25,USD/Kg,0.62,Knitting Yarn,30/1 Combed,FOB North India,USD: 1.00000000
2024-04-26,3.23,USD/Kg,0.31,Knitting Yarn,30/1 Combed,FOB North India,USD: 1.00000000
2024-04-25,3.22,USD/Kg,0.31,Knitting Yarn,30/1 Combed,FOB North India,USD: 1.00000000
2024-04-24,3.21,USD/Kg,0.31,Knitting Yarn,30/1 Combed,FOB North India,USD: 1.00000000
2024-04-23,3.20,USD/Kg,0.00,Knitting Yarn,30/1 Combed,FOB North India,USD: 1.00000000
2024-04-22,3.20,USD/Kg,-0.31,Knitting Yarn,30/1 Combed,FOB North India,USD: 1.00000000
2024-04-19,3.21,USD/Kg,0.00,Knitting Yarn,30/1 Combed,FOB North India,USD: 1.00000000
2024-04-18,3.21,USD/Kg,0.00,Knitting Yarn,30/1 Combed,FOB North India,USD: 1.00000000
2024-04-17,3.21,USD/Kg,-0.62,Knitting Yarn,30/1 Combed,FOB North India,USD: 1.00000000
2024-04-16,3.23,USD/Kg,0.31,Knitting Yarn,30/1 Combed,FOB North India,USD: 1.00000000
2024-04-15,3.22,USD/Kg,0.00,Knitting Yarn,30/1 Combed,FOB North India,USD: 1.00000000
2024-04-12,3.22,USD/Kg,0.31,Knitting Yarn,30/1 Combed,FOB North India,USD: 1.00000000
2024-04-11,3.21,USD/Kg,0.00,Knitting Yarn,30/1 Combed,FOB North India,USD: 1.00000000
2024-04-10,3.21,USD/Kg,0.00,Knitting Yarn,30/1 Combed,FOB North India,USD: 1.00000000
2024-04-09,3.21,USD/Kg,0.31,Knitting Yarn,30/1 Combed,FOB North India,USD: 1.00000000
2024-04-08,3.20,USD/Kg,0.00,Knitting Yarn,30/1 Combed,FOB North India,USD: 1.00000000
2024-04-05,3.20,USD/Kg,0.00,Knitting Yarn,30/1 Combed,FOB North India,USD: 1.00000000
2024-04-04,3.20,USD/Kg,0.31,Knitting Yarn,30/1 Combed,FOB North India,USD: 1.00000000
2024-04-03,3.19,USD/Kg,-0.62,Knitting Yarn,30/1 Combed,FOB North India,USD: 1.00000000
2024-04-02,3.21,USD/Kg,0.00,Knitting Yarn,30/1 Combed,FOB North India,USD: 1.00000000
2024-04-01,3.21,USD/Kg,-0.31,Knitting Yarn,30/1 Combed,FOB North India,USD: 1.00000000
2024-03-29,3.22,USD/Kg,0.31,Knitting Yarn,30/1 Combed,FOB North India,USD: 1.00000000
2024-03-28,3.21,USD/Kg,-1.83,Knitting Yarn,30/1 Combed,FOB North India,USD: 1.00000000
2024-03-27,3.27,USD/Kg,0.31,Knitting Yarn,30/1 Combed,FOB North India,USD: 1.00000000
2024-03-26,3.26,USD/Kg,-0.61,Knitting Yarn,30/1 Combed,FOB North India,USD: 1.00000000
2024-03-25,3.28,USD/Kg,0.00,Knitting Yarn,30/1 Combed,FOB North India,USD: 1.00000000
2024-03-22,3.28,USD/Kg,-0.30,Knitting Yarn,30/1 Combed,FOB North India,USD: 1.00000000
2024-03-21,3.29,USD/Kg,-0.30,Knitting Yarn,30/1 Combed,FOB North India,USD: 1.00000000
2024-03-20,3.30,USD/Kg,0.00,Knitting Yarn,30/1 Combed,FOB North India,USD: 1.00000000
2024-03-19,3.30,USD/Kg,0.00,Knitting Yarn,30/1 Combed,FOB North India,USD: 1.00000000
2024-03-18,3.30,USD/Kg,0.30,Knitting Yarn,30/1 Combed,FOB North India,USD: 1.00000000
2024-03-15,3.29,USD/Kg,0.30,Knitting Yarn,30/1 Combed,FOB North India,USD: 1.00000000
2024-03-14,3.28,USD/Kg,0.00,Knitting Yarn,30/1 Combed,FOB North India,USD: 1.00000000
2024-03-13,3.28,USD/Kg,-0.30,Knitting Yarn,30/1 Combed,FOB North India,USD: 1.00000000
2024-03-12,3.29,USD/Kg,0.30,Knitting Yarn,30/1 Combed,FOB North India,USD: 1.00000000
2024-03-11,3.28,USD/Kg,-0.61,Knitting Yarn,30/1 Combed,FOB North India,USD: 1.00000000
2024-03-08,3.30,USD/Kg,0.61,Knitting Yarn,30/1 Combed,FOB North India,USD: 1.00000000
2024-03-07,3.28,USD/Kg,-0.30,Knitting Yarn,30/1 Combed,FOB North India,USD: 1.00000000
2024-03-06,3.29,USD/Kg,0.30,Knitting Yarn,30/1 Combed,FOB North India,USD: 1.00000000
2024-03-05,3.28,USD/Kg,0.61,Knitting Yarn,30/1 Combed,FOB North India,USD: 1.00000000
2024-03-04,3.26,USD/Kg,0.00,Knitting Yarn,30/1 Combed,FOB North India,USD: 1.00000000
2024-03-01,3.26,USD/Kg,-0.31,Knitting Yarn,30/1 Combed,FOB North India,USD: 1.00000000
2024-02-29,3.27,USD/Kg,-1.21,Knitting Yarn,30/1 Combed,FOB North India,USD: 1.00000000
2024-02-28,3.31,USD/Kg,-0.30,Knitting Yarn,30/1 Combed,FOB North India,USD: 1.00000000
2024-02-27,3.32,USD/Kg,-0.30,Knitting Yarn,30/1 Combed,FOB North India,USD: 1.00000000
2024-02-26,3.33,USD/Kg,-0.30,Knitting Yarn,30/1 Combed,FOB North India,USD: 1.00000000
2024-02-23,3.34,USD/Kg,0.30,Knitting Yarn,30/1 Combed,FOB North India,USD: 1.00000000
2024-02-22,3.33,USD/Kg,-0.30,Knitting Yarn,30/1 Combed,FOB North India,USD: 1.00000000
2024-02-21,3.34,USD/Kg,-0.30,Knitting Yarn,30/1 Combed,FOB North India,USD: 1.00000000
2024-02-20,3.35,USD/Kg,0.00,Knitting Yarn,30/1 Combed,FOB North India,USD: 1.00000000
2024-02-19,3.35,USD/Kg,-0.30,Knitting Yarn,30/1 Combed,FOB North India,USD: 1.00000000
2024-02-16,3.36,USD/Kg,0.30,Knitting Yarn,30/1 Combed,FOB North India,USD: 1.00000000
2024-02-15,3.35,USD/Kg,2.13,Knitting Yarn,30/1 Combed,FOB North India,USD: 1.00000000
2024-02-14,3.28,USD/Kg,0.31,Knitting Yarn,30/1 Combed,FOB North India,USD: 1.00000000
2024-02-13,3.27,USD/Kg,0.00,Knitting Yarn,30/1 Combed,FOB North India,USD: 1.00000000
2024-02-12,3.27,USD/Kg,0.31,Knitting Yarn,30/1 Combed,FOB North India,USD: 1.00000000
2024-02-09,3.26,USD/Kg,0.00,Knitting Yarn,30/1 Combed,FOB North India,USD: 1.00000000
2024-02-08,3.26,USD/Kg,-0.31,Knitting Yarn,30/1 Combed,FOB North India,USD: 1.00000000
2024-02-07,3.27,USD/Kg,0.00,Knitting Yarn,30/1 Combed,FOB North India,USD: 1.00000000
2024-02-06,3.27,USD/Kg,0.62,Knitting Yarn,30/1 Combed,FOB North India,USD: 1.00000000
2024-02-05,3.25,USD/Kg,-0.61,Knitting Yarn,30/1 Combed,FOB North India,USD: 1.00000000
2024-02-02,3.27,USD/Kg,-0.61,Knitting Yarn,30/1 Combed,FOB North India,USD: 1.00000000
2024-02-01,3.29,USD/Kg,0.61,Knitting Yarn,30/1 Combed,FOB North India,USD: 1.00000000
2024-01-31,3.27,USD/Kg,0.00,Knitting Yarn,30/1 Combed,FOB North India,USD: 1.00000000
2024-01-30,3.27,USD/Kg,-0.30,Knitting Yarn,30/1 Combed,FOB North India,USD: 1.00000000
2024-01-29,3.28,USD/Kg,-0.30,Knitting Yarn,30/1 Combed,FOB North India,USD: 1.00000000
2024-01-26,3.29,USD/Kg,-0.60,Knitting Yarn,30/1 Combed,FOB North India,USD: 1.00000000
2024-01-25,3.31,USD/Kg,0.00,Knitting Yarn,30/1 Combed,FOB North India,USD: 1.00000000
2024-01-24,3.31,USD/Kg,-0.30,Knitting Yarn,30/1 Combed,FOB North India,USD: 1.00000000
2024-01-23,3.32,USD/Kg,-0.30,Knitting Yarn,30/1 Combed,FOB North India,USD: 1.00000000
2024-01-22,3.33,USD/Kg,0.00,Knitting Yarn,30/1 Combed,FOB North India,USD: 1.00000000
2024-01-19,3.33,USD/Kg,0.30,Knitting Yarn,30/1 Combed,FOB North India,USD: 1.00000000
2024-01-18,3.32,USD/Kg,-0.30,Knitting Yarn,30/1 Combed,FOB North India,USD: 1.00000000
2024-01-17,3.33,USD/Kg,0.30,Knitting Yarn,30/1 Combed,FOB North India,USD: 1.00000000
2024-01-16,3.32,USD/Kg,-0.30,Knitting Yarn,30/1 Combed,FOB North India,USD: 1.00000000
2024-01-15,3.33,USD/Kg,-0.30,Knitting Yarn,30/1 Combed,FOB North India,USD: 1.00000000
2024-01-12,3.34,USD/Kg,-0.60,Knitting Yarn,30/1 Combed,FOB North India,USD: 1.00000000
2024-01-11,3.36,USD/Kg,0.30,Knitting Yarn,30/1 Combed,FOB North India,USD: 1.00000000
2024-01-10,3.35,USD/Kg,0.60,Knitting Yarn,30/1 Combed,FOB North India,USD: 1.00000000
2024-01-09,3.33,USD/Kg,0.60,Knitting Yarn,30/1 Combed,FOB North India,USD: 1.00000000
2024-01-08,3.31,USD/Kg,0.00,Knitting Yarn,30/1 Combed,FOB North India,USD: 1.00000000
2024-01-05,3.31,USD/Kg,-0.90,Knitting Yarn,30/1 Combed,FOB North India,USD: 1.00000000
2024-01-04,3.34,USD/Kg,0.30,Knitting Yarn,30/1 Combed,FOB North India,USD: 1.00000000
2024-01-03,3.33,USD/Kg,0.00,Knitting Yarn,30/1 Combed,FOB North India,USD: 1.00000000
2024-01-02,3.33,USD/Kg,0.30,Knitting Yarn,30/1 Combed,FOB North India,USD: 1.00000000
2024-01-01,3.32,USD/Kg,-0.60,Knitting Yarn,30/1 Combed,FOB North India,USD: 1.00000000
2023-12-29,3.34,USD/Kg,0.30,Knitting Yarn,30/1 Combed,FOB North India,USD: 1.00000000
2023-12-28,3.33,USD/Kg,0.30,Knitting Yarn,30/1 Combed,FOB North India,USD: 1.00000000
2023-12-27,3.32,USD/Kg,0.00,Knitting Yarn,30/1 Combed,FOB North India,USD: 1.00000000
2023-12-26,3.32,USD/Kg,0.00,Knitting Yarn,30/1 Combed,FOB North India,USD: 1.00000000
2023-12-25,3.32,USD/Kg,0.00,Knitting Yarn,30/1 Combed,FOB North India,USD: 1.00000000
2023-12-22,3.32,USD/Kg,0.30,Knitting Yarn,30/1 Combed,FOB North India,USD: 1.00000000
2023-12-21,3.31,USD/Kg,-0.30,Knitting Yarn,30/1 Combed,FOB North India,USD: 1.00000000
2023-12-20,3.32,USD/Kg,0.61,Knitting Yarn,30/1 Combed,FOB North India,USD: 1.00000000
2023-12-19,3.30,USD/Kg,0.00,Knitting Yarn,30/1 Combed,FOB North India,USD: 1.00000000
2023-12-18,3.30,USD/Kg,0.00,Knitting Yarn,30/1 Combed,FOB North India,USD: 1.00000000
2023-12-15,3.30,USD/Kg,0.30,Knitting Yarn,30/1 Combed,FOB North India,USD: 1.00000000
2023-12-14,3.29,USD/Kg,0.30,Knitting Yarn,30/1 Combed,FOB North India,USD: 1.00000000
2023-12-13,3.28,USD/Kg,-0.30,Knitting Yarn,30/1 Combed,FOB North India,USD: 1.00000000
2023-12-12,3.29,USD/Kg,0.61,Knitting Yarn,30/1 Combed,FOB North India,USD: 1.00000000
2023-12-11,3.27,USD/Kg,0.00,Knitting Yarn,30/1 Combed,FOB North India,USD: 1.00000000
2023-12-08,3.27,USD/Kg,0.31,Knitting Yarn,30/1 Combed,FOB North India,USD: 1.00000000
2023-12-07,3.26,USD/Kg,-0.31,Knitting Yarn,30/1 Combed,FOB North India,USD: 1.00000000
2023-12-06,3.27,USD/Kg,-0.30,Knitting Yarn,30/1 Combed,FOB North India,USD: 1.00000000
2023-12-05,3.28,USD/Kg,-0.30,Knitting Yarn,30/1 Combed,FOB North India,USD: 1.00000000
2023-12-04,3.29,USD/Kg,-0.30,Knitting Yarn,30/1 Combed,FOB North India,USD: 1.00000000
2023-12-01,3.30,USD/Kg,-0.60,Knitting Yarn,30/1 Combed,FOB North India,USD: 1.00000000
2023-11-30,3.32,USD/Kg,0.00,Knitting Yarn,30/1 Combed,FOB North India,USD: 1.00000000
2023-11-29,3.32,USD/Kg,0.61,Knitting Yarn,30/1 Combed,FOB North India,USD: 1.00000000
2023-11-28,3.30,USD/Kg,0.30,Knitting Yarn,30/1 Combed,FOB North India,USD: 1.00000000
2023-11-27,3.29,USD/Kg,0.30,Knitting Yarn,30/1 Combed,FOB North India,USD: 1.00000000
2023-11-24,3.28,USD/Kg,0.00,Knitting Yarn,30/1 Combed,FOB North India,USD: 1.00000000
2023-11-23,3.28,USD/Kg,-0.30,Knitting Yarn,30/1 Combed,FOB North India,USD: 1.00000000
2023-11-22,3.29,USD/Kg,0.30,Knitting Yarn,30/1 Combed,FOB North India,USD: 1.00000000
2023-11-21,3.28,USD/Kg,0.31,Knitting Yarn,30/1 Combed,FOB North India,USD: 1.00000000
2023-11-20,3.27,USD/Kg,0.31,Knitting Yarn,30/1 Combed,FOB North India,USD: 1.00000000
2023-11-17,3.26,USD/Kg,0.00,Knitting Yarn,30/1 Combed,FOB North India,USD: 1.00000000
2023-11-16,3.26,USD/Kg,0.00,Knitting Yarn,30/1 Combed,FOB North India,USD: 1.00000000
2023-11-15,3.26,USD/Kg,0.62,Knitting Yarn,30/1 Combed,FOB North India,USD: 1.00000000
2023-11-14,3.24,USD/Kg,0.62,Knitting Yarn,30/1 Combed,FOB North India,USD: 1.00000000
2023-11-13,3.22,USD/Kg,0.31,Knitting Yarn,30/1 Combed,FOB North India,USD: 1.00000000
2023-11-10,3.21,USD/Kg,0.00,Knitting Yarn,30/1 Combed,FOB North India,USD: 1.00000000
2023-11-09,3.21,USD/Kg,0.31,Knitting Yarn,30/1 Combed,FOB North India,USD: 1.00000000
2023-11-08,3.20,USD/Kg,-0.62,Knitting Yarn,30/1 Combed,FOB North India,USD: 1.00000000
2023-11-07,3.22,USD/Kg,0.31,Knitting Yarn,30/1 Combed,FOB North India,USD: 1.00000000
2023-11-06,3.21,USD/Kg,-0.31,Knitting Yarn,30/1 Combed,FOB North India,USD: 1.00000000
2023-11-03,3.22,USD/Kg,0.00,Knitting Yarn,30/1 Combed,FOB North India,USD: 1.00000000
2023-11-02,3.22,USD/Kg,0.00,Knitting Yarn,30/1 Combed,FOB North India,USD: 1.00000000
2023-11-01,3.22,USD/Kg,0.31,Knitting Yarn,30/1 Combed,FOB North India,USD: 1.00000000
2023-10-31,3.21,USD/Kg,-0.62,Knitting Yarn,30/1 Combed,FOB North India,USD: 1.00000000
2023-10-30,3.23,USD/Kg,0.31,Knitting Yarn,30/1 Combed,FOB North India,USD: 1.00000000
2023-10-27,3.22,USD/Kg,0.31,Knitting Yarn,30/1 Combed,FOB North India,USD: 1.00000000
2023-10-26,3.21,USD/Kg,-0.31,Knitting Yarn,30/1 Combed,FOB North India,USD: 1.00000000
2023-10-25,3.22,USD/Kg,0.31,Knitting Yarn,30/1 Combed,FOB North India,USD: 1.00000000
2023-10-24,3.21,USD/Kg,0.00,Knitting Yarn,30/1 Combed,FOB North India,USD: 1.00000000
2023-10-23,3.21,USD/Kg,0.00,Knitting Yarn,30/1 Combed,FOB North India,USD: 1.00000000
2023-10-20,3.21,USD/Kg,-0.31,Knitting Yarn,30/1 Combed,FOB North India,USD: 1.00000000
2023-10-19,3.22,USD/Kg,-0.31,Knitting Yarn,30/1 Combed,FOB North India,USD: 1.00000000
2023-10-18,3.23,USD/Kg,0.31,Knitting Yarn,30/1 Combed,FOB North India,USD: 1.00000000
2023-10-17,3.22,USD/Kg,-0.31,Knitting Yarn,30/1 Combed,FOB North India,USD: 1.00000000
2023-10-16,3.23,USD/Kg,-1.82,Knitting Yarn,30/1 Combed,FOB North India,USD: 1.00000000
2023-10-13,3.29,USD/Kg,0.00,Knitting Yarn,30/1 Combed,FOB North India,USD: 1.00000000
2023-10-12,3.29,USD/Kg,-0.60,Knitting Yarn,30/1 Combed,FOB North India,USD: 1.00000000
2023-10-11,3.31,USD/Kg,0.00,Knitting Yarn,30/1 Combed,FOB North India,USD: 1.00000000
2023-10-10,3.31,USD/Kg,0.30,Knitting Yarn,30/1 Combed,FOB North India,USD: 1.00000000
2023-10-09,3.30,USD/Kg,-0.30,Knitting Yarn,30/1 Combed,FOB North India,USD: 1.00000000
2023-10-06,3.31,USD/Kg,-0.30,Knitting Yarn,30/1 Combed,FOB North India,USD: 1.00000000
2023-10-05,3.32,USD/Kg,0.30,Knitting Yarn,30/1 Combed,FOB North India,USD: 1.00000000
2023-10-04,3.31,USD/Kg,0.61,Knitting Yarn,30/1 Combed,FOB North India,USD: 1.00000000
2023-10-03,3.29,USD/Kg,0.30,Knitting Yarn,30/1 Combed,FOB North India,USD: 1.00000000
2023-10-02,3.28,USD/Kg,-0.30,Knitting Yarn,30/1 Combed,FOB North India,USD: 1.00000000
2023-09-29,3.29,USD/Kg,0.30,Knitting Yarn,30/1 Combed,FOB North India,USD: 1.00000000
2023-09-28,3.28,USD/Kg,0.31,Knitting Yarn,30/1 Combed,FOB North India,USD: 1.00000000
2023-09-27,3.27,USD/Kg,0.00,Knitting Yarn,30/1 Combed,FOB North India,USD: 1.00000000
2023-09-26,3.27,USD/Kg,-0.30,Knitting Yarn,30/1 Combed,FOB North India,USD: 1.00000000
2023-09-25,3.28,USD/Kg,0.00,Knitting Yarn,30/1 Combed,FOB North India,USD: 1.00000000
2023-09-22,3.28,USD/Kg,0.31,Knitting Yarn,30/1 Combed,FOB North India,USD: 1.00000000
2023-09-21,3.27,USD/Kg,0.31,Knitting Yarn,30/1 Combed,FOB North India,USD: 1.00000000
2023-09-20,3.26,USD/Kg,-0.61,Knitting Yarn,30/1 Combed,FOB North India,USD: 1.00000000
2023-09-19,3.28,USD/Kg,-0.30,Knitting Yarn,30/1 Combed,FOB North India,USD: 1.00000000
2023-09-18,3.29,USD/Kg,-0.30,Knitting Yarn,30/1 Combed,FOB North India,USD: 1.00000000
2023-09-15,3.30,USD/Kg,-0.60,Knitting Yarn,30/1 Combed,FOB North India,USD: 1.00000000
2023-09-14,3.32,USD/Kg,-0.30,Knitting Yarn,30/1 Combed,FOB North India,USD: 1.00000000
2023-09-13,3.33,USD/Kg,-0.30,Knitting Yarn,30/1 Combed,FOB North India,USD: 1.00000000
2023-09-12,3.34,USD/Kg,0.00,Knitting Yarn,30/1 Combed,FOB North India,USD: 1.00000000
2023-09-11,3.34,USD/Kg,-0.60,Knitting Yarn,30/1 Combed,FOB North India,USD: 1.00000000
2023-09-08,3.36,USD/Kg,0.00,Knitting Yarn,30/1 Combed,FOB North India,USD: 1.00000000
2023-09-07,3.36,USD/Kg,0.00,Knitting Yarn,30/1 Combed,FOB North India,USD: 1.00000000
2023-09-06,3.36,USD/Kg,-0.30,Knitting Yarn,30/1 Combed,FOB North India,USD: 1.00000000
2023-09-05,3.37,USD/Kg,-0.30,Knitting Yarn,30/1 Combed,FOB North India,USD: 1.00000000
2023-09-04,3.38,USD/Kg,0.00,Knitting Yarn,30/1 Combed,FOB North India,USD: 1.00000000
2023-09-01,3.38,USD/Kg,0.30,Knitting Yarn,30/1 Combed,FOB North India,USD: 1.00000000
2023-08-31,3.37,USD/Kg,-0.59,Knitting Yarn,30/1 Combed,FOB North India,USD: 1.00000000
2023-08-30,3.39,USD/Kg,-0.29,Knitting Yarn,30/1 Combed,FOB North India,USD: 1.00000000
2023-08-29,3.40,USD/Kg,-0.29,Knitting Yarn,30/1 Combed,FOB North India,USD: 1.00000000
2023-08-28,3.41,USD/Kg,0.29,Knitting Yarn,30/1 Combed,FOB North India,USD: 1.00000000
2023-08-25,3.40,USD/Kg,0.29,Knitting Yarn,30/1 Combed,FOB North India,USD: 1.00000000
2023-08-24,3.39,USD/Kg,-0.29,Knitting Yarn,30/1 Combed,FOB North India,USD: 1.00000000
2023-08-23,3.40,USD/Kg,0.00,Knitting Yarn,30/1 Combed,FOB North India,USD: 1.00000000
2023-08-22,3.40,USD/Kg,-0.58,Knitting Yarn,30/1 Combed,FOB North India,USD: 1.00000000
2023-08-21,3.42,USD/Kg,-0.29,Knitting Yarn,30/1 Combed,FOB North India,USD: 1.00000000
2023-08-18,3.43,USD/Kg,-0.29,Knitting Yarn,30/1 Combed,FOB North India,USD: 1.00000000
2023-08-17,3.44,USD/Kg,0.58,Knitting Yarn,30/1 Combed,FOB North India,USD: 1.00000000
2023-08-16,3.42,USD/Kg,0.29,Knitting Yarn,30/1 Combed,FOB North India,USD: 1.00000000
2023-08-15,3.41,USD/Kg,0.00,Knitting Yarn,30/1 Combed,FOB North India,USD: 1.00000000
2023-08-14,3.41,USD/Kg,0.00,Knitting Yarn,30/1 Combed,FOB North India,USD: 1.00000000
2023-08-11,3.41,USD/Kg,-0.58,Knitting Yarn,30/1 Combed,FOB North India,USD: 1.00000000
2023-08-10,3.43,USD/Kg,-0.58,Knitting Yarn,30/1 Combed,FOB North India,USD: 1.00000000
2023-08-09,3.45,USD/Kg,-0.58,Knitting Yarn,30/1 Combed,FOB North India,USD: 1.00000000
2023-08-08,3.47,USD/Kg,-0.29,Knitting Yarn,30/1 Combed,FOB North India,USD: 1.00000000
2023-08-07,3.48,USD/Kg,-0.85,Knitting Yarn,30/1 Combed,FOB North India,USD: 1.00000000
2023-08-04,3.51,USD/Kg,-0.57,Knitting Yarn,30/1 Combed,FOB North India,USD: 1.00000000
2023-08-03,3.53,USD/Kg,0.00,Knitting Yarn,30/1 Combed,FOB North India,USD: 1.00000000
2023-08-02,3.53,USD/Kg,0.28,Knitting Yarn,30/1 Combed,FOB North India,USD: 1.00000000
2023-08-01,3.52,USD/Kg,-0.28,Knitting Yarn,30/1 Combed,FOB North India,USD: 1.00000000
2023-07-31,3.53,USD/Kg,0.28,Knitting Yarn,30/1 Combed,FOB North India,USD: 1.00000000
2023-07-28,3.52,USD/Kg,-0.28,Knitting Yarn,30/1 Combed,FOB North India,USD: 1.00000000
2023-07-27,3.53,USD/Kg,0.28,Knitting Yarn,30/1 Combed,FOB North India,USD: 1.00000000
2023-07-26,3.52,USD/Kg,0.00,Knitting Yarn,30/1 Combed,FOB North India,USD: 1.00000000
2023-07-25,3.52,USD/Kg,0.28,Knitting Yarn,30/1 Combed,FOB North India,USD: 1.00000000
2023-07-24,3.51,USD/Kg,-0.28,Knitting Yarn,30/1 Combed,FOB North India,USD: 1.00000000
2023-07-21,3.52,USD/Kg,2.62,Knitting Yarn,30/1 Combed,FOB North India,USD: 1.00000000
2023-07-20,3.43,USD/Kg,0.29,Knitting Yarn,30/1 Combed,FOB North India,USD: 1.00000000
2023-07-19,3.42,USD/Kg,-0.29,Knitting Yarn,30/1 Combed,FOB North India,USD: 1.00000000
2023-07-18,3.43,USD/Kg,0.29,Knitting Yarn,30/1 Combed,FOB North India,USD: 1.00000000
2023-07-17,3.42,USD/Kg,-0.58,Knitting Yarn,30/1 Combed,FOB North India,USD: 1.00000000
2023-07-14,3.44,USD/Kg,-0.29,Knitting Yarn,30/1 Combed,FOB North India,USD: 1.00000000
2023-07-13,3.45,USD/Kg,-0.29,Knitting Yarn,30/1 Combed,FOB North India,USD: 1.00000000
2023-07-12,3.46,USD/Kg,-0.29,Knitting Yarn,30/1 Combed,FOB North India,USD: 1.00000000
2023-07-11,3.47,USD/Kg,0.29,Knitting Yarn,30/1 Combed,FOB North India,USD: 1.00000000
2023-07-10,3.46,USD/Kg,-0.29,Knitting Yarn,30/1 Combed,FOB North India,USD: 1.00000000
2023-07-07,3.47,USD/Kg,2.66,Knitting Yarn,30/1 Combed,FOB North India,USD: 1.00000000
2023-07-06,3.38,USD/Kg,0.60,Knitting Yarn,30/1 Combed,FOB North India,USD: 1.00000000
2023-07-05,3.36,USD/Kg,-0.30,Knitting Yarn,30/1 Combed,FOB North India,USD: 1.00000000
2023-07-04,3.37,USD/Kg,0.30,Knitting Yarn,30/1 Combed,FOB North India,USD: 1.00000000
2023-07-03,3.36,USD/Kg,0.30,Knitting Yarn,30/1 Combed,FOB North India,USD: 1.00000000
2023-06-30,3.35,USD/Kg,0.00,Knitting Yarn,30/1 Combed,FOB North India,USD: 1.00000000
2023-06-29,3.35,USD/Kg,0.60,Knitting Yarn,30/1 Combed,FOB North India,USD: 1.00000000
2023-06-28,3.33,USD/Kg,-1.19,Knitting Yarn,30/1 Combed,FOB North India,USD: 1.00000000
2023-06-27,3.37,USD/Kg,-0.30,Knitting Yarn,30/1 Combed,FOB North India,USD: 1.00000000
2023-06-26,3.38,USD/Kg,-0.29,Knitting Yarn,30/1 Combed,FOB North India,USD: 1.00000000
2023-06-23,3.39,USD/Kg,0.30,Knitting Yarn,30/1 Combed,FOB North India,USD: 1.00000000
2023-06-22,3.38,USD/Kg,0.00,Knitting Yarn,30/1 Combed,FOB North India,USD: 1.00000000
2023-06-21,3.38,USD/Kg,0.60,Knitting Yarn,30/1 Combed,FOB North India,USD: 1.00000000
2023-06-20,3.36,USD/Kg,-0.30,Knitting Yarn,30/1 Combed,FOB North India,USD: 1.00000000
2023-06-19,3.37,USD/Kg,0.00,Knitting Yarn,30/1 Combed,FOB North India,USD: 1.00000000
2023-06-16,3.37,USD/Kg,-0.30,Knitting Yarn,30/1 Combed,FOB North India,USD: 1.00000000
2023-06-15,3.38,USD/Kg,-0.29,Knitting Yarn,30/1 Combed,FOB North India,USD: 1.00000000
2023-06-14,3.39,USD/Kg,0.00,Knitting Yarn,30/1 Combed,FOB North India,USD: 1.00000000
2023-06-13,3.39,USD/Kg,0.00,Knitting Yarn,30/1 Combed,FOB North India,USD: 1.00000000
2023-06-12,3.39,USD/Kg,0.00,Knitting Yarn,30/1 Combed,FOB North India,USD: 1.00000000
2023-06-09,3.39,USD/Kg,2.11,Knitting Yarn,30/1 Combed,FOB North India,USD: 1.00000000
2023-06-08,3.32,USD/Kg,-0.30,Knitting Yarn,30/1 Combed,FOB North India,USD: 1.00000000
2023-06-07,3.33,USD/Kg,-0.30,Knitting Yarn,30/1 Combed,FOB North India,USD: 1.00000000
2023-06-06,3.34,USD/Kg,0.60,Knitting Yarn,30/1 Combed,FOB North India,USD: 1.00000000
2023-06-05,3.32,USD/Kg,-0.30,Knitting Yarn,30/1 Combed,FOB North India,USD: 1.00000000
2023-06-02,3.33,USD/Kg,-0.30,Knitting Yarn,30/1 Combed,FOB North India,USD: 1.00000000
2023-06-01,3.34,USD/Kg,-0.30,Knitting Yarn,30/1 Combed,FOB North India,USD: 1.00000000
2023-05-31,3.35,USD/Kg,0.30,Knitting Yarn,30/1 Combed,FOB North India,USD: 1.00000000
2023-05-30,3.34,USD/Kg,-0.30,Knitting Yarn,30/1 Combed,FOB North India,USD: 1.00000000
2023-05-29,3.35,USD/Kg,0.60,Knitting Yarn,30/1 Combed,FOB North India,USD: 1.00000000
2023-05-26,3.33,USD/Kg,0.60,Knitting Yarn,30/1 Combed,FOB North India,USD: 1.00000000
2023-05-25,3.31,USD/Kg,0.30,Knitting Yarn,30/1 Combed,FOB North India,USD: 1.00000000
2023-05-24,3.30,USD/Kg,-0.60,Knitting Yarn,30/1 Combed,FOB North India,USD: 1.00000000
2023-05-23,3.32,USD/Kg,0.00,Knitting Yarn,30/1 Combed,FOB North India,USD: 1.00000000
2023-05-22,3.32,USD/Kg,0.00,Knitting Yarn,30/1 Combed,FOB North India,USD: 1.00000000
2023-05-19,3.32,USD/Kg,-0.90,Knitting Yarn,30/1 Combed,FOB North India,USD: 1.00000000
2023-05-18,3.35,USD/Kg,0.30,Knitting Yarn,30/1 Combed,FOB North India,USD: 1.00000000
2023-05-17,3.34,USD/Kg,-0.60,Knitting Yarn,30/1 Combed,FOB North India,USD: 1.00000000
2023-05-16,3.36,USD/Kg,0.00,Knitting Yarn,30/1 Combed,FOB North India,USD: 1.00000000
2023-05-15,3.36,USD/Kg,-0.30,Knitting Yarn,30/1 Combed,FOB North India,USD: 1.00000000
2023-05-12,3.37,USD/Kg,-0.59,Knitting Yarn,30/1 Combed,FOB North India,USD: 1.00000000
2023-05-11,3.39,USD/Kg,0.30,Knitting Yarn,30/1 Combed,FOB North India,USD: 1.00000000
2023-05-10,3.38,USD/Kg,2.42,Knitting Yarn,30/1 Combed,FOB North India,USD: 1.00000000
2023-05-09,3.30,USD/Kg,0.30,Knitting Yarn,30/1 Combed,FOB North India,USD: 1.00000000
2023-05-08,3.29,USD/Kg,-0.30,Knitting Yarn,30/1 Combed,FOB North India,USD: 1.00000000
2023-05-05,3.30,USD/Kg,-0.30,Knitting Yarn,30/1 Combed,FOB North India,USD: 1.00000000
2023-05-04,3.31,USD/Kg,-0.30,Knitting Yarn,30/1 Combed,FOB North India,USD: 1.00000000
2023-05-03,3.32,USD/Kg,-0.60,Knitting Yarn,30/1 Combed,FOB North India,USD: 1.00000000
2023-05-02,3.34,USD/Kg,-0.30,Knitting Yarn,30/1 Combed,FOB North India,USD: 1.00000000
2023-05-01,3.35,USD/Kg,-0.30,Knitting Yarn,30/1 Combed,FOB North India,USD: 1.00000000
2023-04-28,3.36,USD/Kg,0.90,Knitting Yarn,30/1 Combed,FOB North India,USD: 1.00000000
2023-04-27,3.33,USD/Kg,0.60,Knitting Yarn,30/1 Combed,FOB North India,USD: 1.00000000
2023-04-26,3.31,USD/Kg,0.00,Knitting Yarn,30/1 Combed,FOB North India,USD: 1.00000000
2023-04-25,3.31,USD/Kg,-0.30,Knitting Yarn,30/1 Combed,FOB North India,USD: 1.00000000
2023-04-24,3.32,USD/Kg,-0.30,Knitting Yarn,30/1 Combed,FOB North India,USD: 1.00000000
2023-04-21,3.33,USD/Kg,0.30,Knitting Yarn,30/1 Combed,FOB North India,USD: 1.00000000
2023-04-20,3.32,USD/Kg,0.30,Knitting Yarn,30/1 Combed,FOB North India,USD: 1.00000000
2023-04-19,3.31,USD/Kg,0.30,Knitting Yarn,30/1 Combed,FOB North India,USD: 1.00000000
2023-04-18,3.30,USD/Kg,0.00,Knitting Yarn,30/1 Combed,FOB North India,USD: 1.00000000
2023-04-17,3.30,USD/Kg,-0.30,Knitting Yarn,30/1 Combed,FOB North India,USD: 1.00000000
2023-04-14,3.31,USD/Kg,0.30,Knitting Yarn,30/1 Combed,FOB North India,USD: 1.00000000
2023-04-13,3.30,USD/Kg,-0.30,Knitting Yarn,30/1 Combed,FOB North India,USD: 1.00000000
2023-04-12,3.31,USD/Kg,0.00,Knitting Yarn,30/1 Combed,FOB North India,USD: 1.00000000
2023-04-11,3.31,USD/Kg,-0.30,Knitting Yarn,30/1 Combed,FOB North India,USD: 1.00000000
2023-04-10,3.32,USD/Kg,0.00,Knitting Yarn,30/1 Combed,FOB North India,USD: 1.00000000
2023-04-07,3.32,USD/Kg,0.30,Knitting Yarn,30/1 Combed,FOB North India,USD: 1.00000000
2023-04-06,3.31,USD/Kg,0.30,Knitting Yarn,30/1 Combed,FOB North India,USD: 1.00000000
2023-04-05,3.30,USD/Kg,-0.30,Knitting Yarn,30/1 Combed,FOB North India,USD: 1.00000000
2023-04-04,3.31,USD/Kg,0.30,Knitting Yarn,30/1 Combed,FOB North India,USD: 1.00000000
2023-04-03,3.30,USD/Kg,-0.30,Knitting Yarn,30/1 Combed,FOB North India,USD: 1.00000000
2023-03-31,3.31,USD/Kg,0.61,Knitting Yarn,30/1 Combed,FOB North India,USD: 1.00000000
2023-03-30,3.29,USD/Kg,-0.60,Knitting Yarn,30/1 Combed,FOB North India,USD: 1.00000000
2023-03-29,3.31,USD/Kg,-0.30,Knitting Yarn,30/1 Combed,FOB North India,USD: 1.00000000
2023-03-28,3.32,USD/Kg,-0.30,Knitting Yarn,30/1 Combed,FOB North India,USD: 1.00000000
2023-03-27,3.33,USD/Kg,0.00,Knitting Yarn,30/1 Combed,FOB North India,USD: 1.00000000
2023-03-24,3.33,USD/Kg,-0.30,Knitting Yarn,30/1 Combed,FOB North India,USD: 1.00000000
2023-03-23,3.34,USD/Kg,-0.30,Knitting Yarn,30/1 Combed,FOB North India,USD: 1.00000000
2023-03-22,3.35,USD/Kg,0.00,Knitting Yarn,30/1 Combed,FOB North India,USD: 1.00000000
2023-03-21,3.35,USD/Kg,0.00,Knitting Yarn,30/1 Combed,FOB North India,USD: 1.00000000
2023-03-20,3.35,USD/Kg,0.30,Knitting Yarn,30/1 Combed,FOB North India,USD: 1.00000000
2023-03-17,3.34,USD/Kg,0.00,Knitting Yarn,30/1 Combed,FOB North India,USD: 1.00000000
2023-03-16,3.34,USD/Kg,0.00,Knitting Yarn,30/1 Combed,FOB North India,USD: 1.00000000
2023-03-15,3.34,USD/Kg,-0.30,Knitting Yarn,30/1 Combed,FOB North India,USD: 1.00000000
2023-03-14,3.35,USD/Kg,0.00,Knitting Yarn,30/1 Combed,FOB North India,USD: 1.00000000
2023-03-13,3.35,USD/Kg,0.00,Knitting Yarn,30/1 Combed,FOB North India,USD: 1.00000000
2023-03-10,3.35,USD/Kg,0.30,Knitting Yarn,30/1 Combed,FOB North India,USD: 1.00000000
2023-03-09,3.34,USD/Kg,-0.30,Knitting Yarn,30/1 Combed,FOB North India,USD: 1.00000000
2023-03-08,3.35,USD/Kg,-0.30,Knitting Yarn,30/1 Combed,FOB North India,USD: 1.00000000
2023-03-07,3.36,USD/Kg,-0.30,Knitting Yarn,30/1 Combed,FOB North India,USD: 1.00000000
2023-03-06,3.37,USD/Kg,0.60,Knitting Yarn,30/1 Combed,FOB North India,USD: 1.00000000
2023-03-03,3.35,USD/Kg,0.30,Knitting Yarn,30/1 Combed,FOB North India,USD: 1.00000000
2023-03-02,3.34,USD/Kg,0.30,Knitting Yarn,30/1 Combed,FOB North India,USD: 1.00000000
2023-03-01,3.33,USD/Kg,0.30,Knitting Yarn,30/1 Combed,FOB North India,USD: 1.00000000
2023-02-28,3.32,USD/Kg,-0.60,Knitting Yarn,30/1 Combed,FOB North India,USD: 1.00000000
2023-02-27,3.34,USD/Kg,0.00,Knitting Yarn,30/1 Combed,FOB North India,USD: 1.00000000
2023-02-24,3.34,USD/Kg,-0.30,Knitting Yarn,30/1 Combed,FOB North India,USD: 1.00000000
2023-02-23,3.35,USD/Kg,0.00,Knitting Yarn,30/1 Combed,FOB North India,USD: 1.00000000
2023-02-22,3.35,USD/Kg,0.30,Knitting Yarn,30/1 Combed,FOB North India,USD: 1.00000000
2023-02-21,3.34,USD/Kg,0.00,Knitting Yarn,30/1 Combed,FOB North India,USD: 1.00000000
2023-02-20,3.34,USD/Kg,-0.60,Knitting Yarn,30/1 Combed,FOB North India,USD: 1.00000000
2023-02-17,3.36,USD/Kg,0.00,Knitting Yarn,30/1 Combed,FOB North India,USD: 1.00000000
2023-02-16,3.36,USD/Kg,1.51,Knitting Yarn,30/1 Combed,FOB North India,USD: 1.00000000
2023-02-15,3.31,USD/Kg,-2.07,Knitting Yarn,30/1 Combed,FOB North India,USD: 1.00000000
2023-02-14,3.38,USD/Kg,-0.29,Knitting Yarn,30/1 Combed,FOB North India,USD: 1.00000000
2023-02-13,3.39,USD/Kg,2.11,Knitting Yarn,30/1 Combed,FOB North India,USD: 1.00000000
2023-02-10,3.32,USD/Kg,0.30,Knitting Yarn,30/1 Combed,FOB North India,USD: 1.00000000
2023-02-09,3.31,USD/Kg,0.00,Knitting Yarn,30/1 Combed,FOB North India,USD: 1.00000000
2023-02-08,3.31,USD/Kg,0.61,Knitting Yarn,30/1 Combed,FOB North India,USD: 1.00000000
2023-02-07,3.29,USD/Kg,0.00,Knitting Yarn,30/1 Combed,FOB North India,USD: 1.00000000
2023-02-06,3.29,USD/Kg,0.00,Knitting Yarn,30/1 Combed,FOB North India,USD: 1.00000000
2023-02-03,3.29,USD/Kg,0.30,Knitting Yarn,30/1 Combed,FOB North India,USD: 1.00000000
2023-02-02,3.28,USD/Kg,0.00,Knitting Yarn,30/1 Combed,FOB North India,USD: 1.00000000
2023-02-01,3.28,USD/Kg,0.61,Knitting Yarn,30/1 Combed,FOB North India,USD: 1.00000000
2023-01-31,3.26,USD/Kg,0.31,Knitting Yarn,30/1 Combed,FOB North India,USD: 1.00000000
2023-01-30,3.25,USD/Kg,0.00,Knitting Yarn,30/1 Combed,FOB North India,USD: 1.00000000
2023-01-27,3.25,USD/Kg,0.62,Knitting Yarn,30/1 Combed,FOB North India,USD: 1.00000000
2023-01-26,3.23,USD/Kg,0.00,Knitting Yarn,30/1 Combed,FOB North India,USD: 1.00000000
2023-01-25,3.23,USD/Kg,-0.31,Knitting Yarn,30/1 Combed,FOB North India,USD: 1.00000000
2023-01-24,3.24,USD/Kg,0.62,Knitting Yarn,30/1 Combed,FOB North India,USD: 1.00000000
2023-01-23,3.22,USD/Kg,-0.92,Knitting Yarn,30/1 Combed,FOB North India,USD: 1.00000000
2023-01-20,3.25,USD/Kg,0.31,Knitting Yarn,30/1 Combed,FOB North India,USD: 1.00000000
2023-01-19,3.24,USD/Kg,0.62,Knitting Yarn,30/1 Combed,FOB North India,USD: 1.00000000
2023-01-18,3.22,USD/Kg,0.63,Knitting Yarn,30/1 Combed,FOB North India,USD: 1.00000000
2023-01-17,3.20,USD/Kg,-0.31,Knitting Yarn,30/1 Combed,FOB North India,USD: 1.00000000
2023-01-16,3.21,USD/Kg,0.00,Knitting Yarn,30/1 Combed,FOB North India,USD: 1.00000000
2023-01-13,3.21,USD/Kg,-0.31,Knitting Yarn,30/1 Combed,FOB North India,USD: 1.00000000
2023-01-12,3.22,USD/Kg,0.31,Knitting Yarn,30/1 Combed,FOB North India,USD: 1.00000000
2023-01-11,3.21,USD/Kg,-0.62,Knitting Yarn,30/1 Combed,FOB North India,USD: 1.00000000
2023-01-10,3.23,USD/Kg,0.00,Knitting Yarn,30/1 Combed,FOB North India,USD: 1.00000000
2023-01-09,3.23,USD/Kg,0.00,Knitting Yarn,30/1 Combed,FOB North India,USD: 1.00000000
2023-01-06,3.23,USD/Kg,1.57,Knitting Yarn,30/1 Combed,FOB North India,USD: 1.00000000
2023-01-05,3.18,USD/Kg,0.00,Knitting Yarn,30/1 Combed,FOB North India,USD: 1.00000000
2023-01-04,3.18,USD/Kg,-0.31,Knitting Yarn,30/1 Combed,FOB North India,USD: 1.00000000
2023-01-03,3.19,USD/Kg,0.00,Knitting Yarn,30/1 Combed,FOB North India,USD: 1.00000000
2023-01-02,3.19,USD/Kg,0.00,Knitting Yarn,30/1 Combed,FOB North India,USD: 1.00000000
2025-06-06,3.41,USD/Kg,0.29,Knitting Yarn,40/1 Carded,Domestic China,CNY: 0.13935340
2025-06-05,3.40,USD/Kg,0.29,Knitting Yarn,40/1 Carded,Domestic China,CNY: 0.13917497
2025-06-04,3.39,USD/Kg,0.30,Knitting Yarn,40/1 Carded,Domestic China,CNY: 0.13911882
2025-06-03,3.38,USD/Kg,0.30,Knitting Yarn,40/1 Carded,Domestic China,CNY: 0.13889275
2025-06-02,3.37,USD/Kg,-0.30,Knitting Yarn,40/1 Carded,Domestic China,CNY: 0.13889275
2025-05-30,3.38,USD/Kg,0.30,Knitting Yarn,40/1 Carded,Domestic China,CNY: 0.13916141
2025-05-29,3.37,USD/Kg,-1.17,Knitting Yarn,40/1 Carded,Domestic China,CNY: 0.13898927
2025-05-28,3.41,USD/Kg,-0.29,Knitting Yarn,40/1 Carded,Domestic China,CNY: 0.13897382
2025-05-27,3.42,USD/Kg,0.29,Knitting Yarn,40/1 Carded,Domestic China,CNY: 0.13914205
2025-05-26,3.41,USD/Kg,2.40,Knitting Yarn,40/1 Carded,Domestic China,CNY: 0.13926413
2025-05-23,3.33,USD/Kg,0.00,Knitting Yarn,40/1 Carded,Domestic China,CNY: 0.13880599
2025-05-22,3.33,USD/Kg,0.00,Knitting Yarn,40/1 Carded,Domestic China,CNY: 0.13884068
2025-05-21,3.33,USD/Kg,-0.30,Knitting Yarn,40/1 Carded,Domestic China,CNY: 0.13850607
2025-05-20,3.34,USD/Kg,-0.60,Knitting Yarn,40/1 Carded,Domestic China,CNY: 0.13861935
2025-05-19,3.36,USD/Kg,-1.18,Knitting Yarn,40/1 Carded,Domestic China,CNY: 0.13870587
2025-05-16,3.40,USD/Kg,0.29,Knitting Yarn,40/1 Carded,Domestic China,CNY: 0.13875399
2025-05-15,3.39,USD/Kg,0.00,Knitting Yarn,40/1 Carded,Domestic China,CNY: 0.13882526
2025-05-14,3.39,USD/Kg,-0.29,Knitting Yarn,40/1 Carded,Domestic China,CNY: 0.13882526
2025-05-13,3.40,USD/Kg,0.00,Knitting Yarn,40/1 Carded,Domestic China,CNY: 0.13882526
2025-05-12,3.40,USD/Kg,-0.29,Knitting Yarn,40/1 Carded,Domestic China,CNY: 0.13840160
2025-05-09,3.41,USD/Kg,0.00,Knitting Yarn,40/1 Carded,Domestic China,CNY: 0.13840160
2025-05-08,3.41,USD/Kg,-0.29,Knitting Yarn,40/1 Carded,Domestic China,CNY: 0.13840160
2025-05-07,3.42,USD/Kg,0.29,Knitting Yarn,40/1 Carded,Domestic China,CNY: 0.13708019
2025-05-06,3.41,USD/Kg,-0.29,Knitting Yarn,40/1 Carded,Domestic China,CNY: 0.13708019
2025-05-05,3.42,USD/Kg,0.29,Knitting Yarn,40/1 Carded,Domestic China,CNY: 0.13708019
2025-05-02,3.41,USD/Kg,0.00,Knitting Yarn,40/1 Carded,Domestic China,CNY: 0.13708019
2025-05-01,3.41,USD/Kg,0.00,Knitting Yarn,40/1 Carded,Domestic China,CNY: 0.13708019
2025-04-30,3.41,USD/Kg,-0.29,Knitting Yarn,40/1 Carded,Domestic China,CNY: 0.13708019
2025-04-29,3.42,USD/Kg,0.00,Knitting Yarn,40/1 Carded,Domestic China,CNY: 0.13708019
2025-04-28,3.42,USD/Kg,0.00,Knitting Yarn,40/1 Carded,Domestic China,CNY: 0.13721750
2025-04-25,3.42,USD/Kg,0.29,Knitting Yarn,40/1 Carded,Domestic China,CNY: 0.13723068
2025-04-24,3.41,USD/Kg,0.59,Knitting Yarn,40/1 Carded,Domestic China,CNY: 0.13723068
2025-04-23,3.39,USD/Kg,0.30,Knitting Yarn,40/1 Carded,Domestic China,CNY: 0.13675588
2025-04-22,3.38,USD/Kg,0.30,Knitting Yarn,40/1 Carded,Domestic China,CNY: 0.13712907
2025-04-21,3.37,USD/Kg,0.30,Knitting Yarn,40/1 Carded,Domestic China,CNY: 0.13706516
2025-04-18,3.36,USD/Kg,-0.30,Knitting Yarn,40/1 Carded,Domestic China,CNY: 0.13706516
2025-04-17,3.37,USD/Kg,0.30,Knitting Yarn,40/1 Carded,Domestic China,CNY: 0.13686818
2025-04-16,3.36,USD/Kg,0.30,Knitting Yarn,40/1 Carded,Domestic China,CNY: 0.13671474
2025-04-15,3.35,USD/Kg,0.30,Knitting Yarn,40/1 Carded,Domestic China,CNY: 0.13674840
2025-04-14,3.34,USD/Kg,0.00,Knitting Yarn,40/1 Carded,Domestic China,CNY: 0.13713283
2025-04-11,3.34,USD/Kg,0.30,Knitting Yarn,40/1 Carded,Domestic China,CNY: 0.13671474
2025-04-10,3.33,USD/Kg,-0.30,Knitting Yarn,40/1 Carded,Domestic China,CNY: 0.13605627
2025-04-09,3.34,USD/Kg,0.30,Knitting Yarn,40/1 Carded,Domestic China,CNY: 0.13627506
2025-04-08,3.33,USD/Kg,0.00,Knitting Yarn,40/1 Carded,Domestic China,CNY: 0.13677645
2025-04-07,3.33,USD/Kg,0.00,Knitting Yarn,40/1 Carded,Domestic China,CNY: 0.13733340
2025-04-04,3.33,USD/Kg,0.30,Knitting Yarn,40/1 Carded,Domestic China,CNY: 0.13702760
2025-04-03,3.32,USD/Kg,0.00,Knitting Yarn,40/1 Carded,Domestic China,CNY: 0.13759701
2025-04-02,3.32,USD/Kg,0.00,Knitting Yarn,40/1 Carded,Domestic China,CNY: 0.13754969
2025-04-01,3.32,USD/Kg,0.00,Knitting Yarn,40/1 Carded,Domestic China,CNY: 0.13786448
2025-03-31,3.32,USD/Kg,-0.30,Knitting Yarn,40/1 Carded,Domestic China,CNY: 0.13767278
2025-03-28,3.33,USD/Kg,-0.30,Knitting Yarn,40/1 Carded,Domestic China,CNY: 0.13763867
2025-03-27,3.34,USD/Kg,0.30,Knitting Yarn,40/1 Carded,Domestic China,CNY: 0.13758565
2025-03-26,3.33,USD/Kg,0.00,Knitting Yarn,40/1 Carded,Domestic China,CNY: 0.13779039
2025-03-25,3.33,USD/Kg,-0.30,Knitting Yarn,40/1 Carded,Domestic China,CNY: 0.13786448
2025-03-24,3.34,USD/Kg,0.00,Knitting Yarn,40/1 Carded,Domestic China,CNY: 0.13794511
2025-03-21,3.34,USD/Kg,0.00,Knitting Yarn,40/1 Carded,Domestic China,CNY: 0.13796529
2025-03-20,3.34,USD/Kg,-0.30,Knitting Yarn,40/1 Carded,Domestic China,CNY: 0.13829824
2025-03-19,3.35,USD/Kg,0.30,Knitting Yarn,40/1 Carded,Domestic China,CNY: 0.13835469
2025-03-18,3.34,USD/Kg,-0.30,Knitting Yarn,40/1 Carded,Domestic China,CNY: 0.13825140
2025-03-17,3.35,USD/Kg,0.00,Knitting Yarn,40/1 Carded,Domestic China,CNY: 0.13816258
2025-03-14,3.35,USD/Kg,0.00,Knitting Yarn,40/1 Carded,Domestic China,CNY: 0.13816258
2025-03-13,3.35,USD/Kg,0.30,Knitting Yarn,40/1 Carded,Domestic China,CNY: 0.13816258
2025-03-12,3.34,USD/Kg,-0.30,Knitting Yarn,40/1 Carded,Domestic China,CNY: 0.13833363
2025-03-11,3.35,USD/Kg,0.00,Knitting Yarn,40/1 Carded,Domestic China,CNY: 0.13773156
2025-03-10,3.35,USD/Kg,0.00,Knitting Yarn,40/1 Carded,Domestic China,CNY: 0.13823133
2025-03-07,3.35,USD/Kg,-0.30,Knitting Yarn,40/1 Carded,Domestic China,CNY: 0.13797290
2025-03-06,3.36,USD/Kg,0.00,Knitting Yarn,40/1 Carded,Domestic China,CNY: 0.13791011
2025-03-05,3.36,USD/Kg,0.30,Knitting Yarn,40/1 Carded,Domestic China,CNY: 0.13763488
2025-03-04,3.35,USD/Kg,0.30,Knitting Yarn,40/1 Carded,Domestic China,CNY: 0.13726648
2025-03-03,3.34,USD/Kg,-0.30,Knitting Yarn,40/1 Carded,Domestic China,CNY: 0.13729097
2025-02-28,3.35,USD/Kg,-0.30,Knitting Yarn,40/1 Carded,Domestic China,CNY: 0.13724575
2025-02-27,3.36,USD/Kg,-0.30,Knitting Yarn,40/1 Carded,Domestic China,CNY: 0.13774105
2025-02-26,3.37,USD/Kg,0.30,Knitting Yarn,40/1 Carded,Domestic China,CNY: 0.13788919
2025-02-25,3.36,USD/Kg,0.00,Knitting Yarn,40/1 Carded,Domestic China,CNY: 0.13796719
2025-02-24,3.36,USD/Kg,-0.30,Knitting Yarn,40/1 Carded,Domestic China,CNY: 0.13791201
2025-02-21,3.37,USD/Kg,-0.30,Knitting Yarn,40/1 Carded,Domestic China,CNY: 0.13781698
2025-02-20,3.38,USD/Kg,0.00,Knitting Yarn,40/1 Carded,Domestic China,CNY: 0.13729097
2025-02-19,3.38,USD/Kg,-0.29,Knitting Yarn,40/1 Carded,Domestic China,CNY: 0.13737019
2025-02-18,3.39,USD/Kg,-0.29,Knitting Yarn,40/1 Carded,Domestic China,CNY: 0.13766709
2025-02-17,3.40,USD/Kg,-0.29,Knitting Yarn,40/1 Carded,Domestic China,CNY: 0.13785498
2025-02-14,3.41,USD/Kg,-0.29,Knitting Yarn,40/1 Carded,Domestic China,CNY: 0.13681669
2025-02-13,3.42,USD/Kg,0.00,Knitting Yarn,40/1 Carded,Domestic China,CNY: 0.13681669
2025-02-12,3.42,USD/Kg,-0.29,Knitting Yarn,40/1 Carded,Domestic China,CNY: 0.13684196
2025-02-11,3.43,USD/Kg,0.29,Knitting Yarn,40/1 Carded,Domestic China,CNY: 0.13688879
2025-02-10,3.42,USD/Kg,0.29,Knitting Yarn,40/1 Carded,Domestic China,CNY: 0.13721562
2025-02-07,3.41,USD/Kg,0.29,Knitting Yarn,40/1 Carded,Domestic China,CNY: 0.13719680
2025-02-06,3.40,USD/Kg,0.29,Knitting Yarn,40/1 Carded,Domestic China,CNY: 0.13752510
2025-02-05,3.39,USD/Kg,0.59,Knitting Yarn,40/1 Carded,Domestic China,CNY: 0.13921954
2025-02-04,3.37,USD/Kg,0.00,Knitting Yarn,40/1 Carded,Domestic China,CNY: 0.13896802
2025-02-03,3.37,USD/Kg,0.00,Knitting Yarn,40/1 Carded,Domestic China,CNY: 0.13914399
2025-01-31,3.37,USD/Kg,0.00,Knitting Yarn,40/1 Carded,Domestic China,CNY: 0.13923504
2025-01-30,3.37,USD/Kg,-0.30,Knitting Yarn,40/1 Carded,Domestic China,CNY: 0.13947196
2025-01-29,3.38,USD/Kg,-1.17,Knitting Yarn,40/1 Carded,Domestic China,CNY: 0.13790821
2025-01-28,3.42,USD/Kg,0.00,Knitting Yarn,40/1 Carded,Domestic China,CNY: 0.13791296
2025-01-27,3.42,USD/Kg,-0.29,Knitting Yarn,40/1 Carded,Domestic China,CNY: 0.13804185
2025-01-24,3.43,USD/Kg,0.00,Knitting Yarn,40/1 Carded,Domestic China,CNY: 0.13722504
2025-01-23,3.43,USD/Kg,0.00,Knitting Yarn,40/1 Carded,Domestic China,CNY: 0.13751375
2025-01-22,3.43,USD/Kg,-0.58,Knitting Yarn,40/1 Carded,Domestic China,CNY: 0.13651598
2025-01-21,3.45,USD/Kg,-0.29,Knitting Yarn,40/1 Carded,Domestic China,CNY: 0.13671848
2025-01-20,3.46,USD/Kg,0.00,Knitting Yarn,40/1 Carded,Domestic China,CNY: 0.13651821
2025-01-17,3.46,USD/Kg,-0.29,Knitting Yarn,40/1 Carded,Domestic China,CNY: 0.13638285
2025-01-16,3.47,USD/Kg,0.00,Knitting Yarn,40/1 Carded,Domestic China,CNY: 0.13640518
2025-01-15,3.47,USD/Kg,0.00,Knitting Yarn,40/1 Carded,Domestic China,CNY: 0.13638843
2025-01-14,3.47,USD/Kg,-0.29,Knitting Yarn,40/1 Carded,Domestic China,CNY: 0.13641076
2025-01-13,3.48,USD/Kg,0.00,Knitting Yarn,40/1 Carded,Domestic China,CNY: 0.13637541
2025-01-10,3.48,USD/Kg,0.00,Knitting Yarn,40/1 Carded,Domestic China,CNY: 0.13638564
2025-01-09,3.48,USD/Kg,0.29,Knitting Yarn,40/1 Carded,Domestic China,CNY: 0.13639588
2025-01-08,3.47,USD/Kg,0.00,Knitting Yarn,40/1 Carded,Domestic China,CNY: 0.13649175
2025-01-07,3.47,USD/Kg,0.00,Knitting Yarn,40/1 Carded,Domestic China,CNY: 0.13656090
2025-01-06,3.47,USD/Kg,0.29,Knitting Yarn,40/1 Carded,Domestic China,CNY: 0.13660083
2025-01-03,3.46,USD/Kg,-0.29,Knitting Yarn,40/1 Carded,Domestic China,CNY: 0.13699381
2025-01-02,3.47,USD/Kg,-0.29,Knitting Yarn,40/1 Carded,Domestic China,CNY: 0.13702572
2025-01-01,3.48,USD/Kg,0.00,Knitting Yarn,40/1 Carded,Domestic China,CNY: 0.13702572
2024-12-31,3.48,USD/Kg,2.05,Knitting Yarn,40/1 Carded,Domestic China,CNY: 0.13700319
2024-12-30,3.41,USD/Kg,-0.29,Knitting Yarn,40/1 Carded,Domestic China,CNY: 0.13700882
2024-12-27,3.42,USD/Kg,0.00,Knitting Yarn,40/1 Carded,Domestic China,CNY: 0.13701821
2024-12-26,3.42,USD/Kg,-0.29,Knitting Yarn,40/1 Carded,Domestic China,CNY: 0.13702009
2024-12-25,3.43,USD/Kg,0.29,Knitting Yarn,40/1 Carded,Domestic China,CNY: 0.13706892
2024-12-24,3.42,USD/Kg,0.29,Knitting Yarn,40/1 Carded,Domestic China,CNY: 0.13702384
2024-12-23,3.41,USD/Kg,-0.29,Knitting Yarn,40/1 Carded,Domestic China,CNY: 0.13705389
2024-12-20,3.42,USD/Kg,0.00,Knitting Yarn,40/1 Carded,Domestic China,CNY: 0.13705389
2024-12-19,3.42,USD/Kg,0.29,Knitting Yarn,40/1 Carded,Domestic China,CNY: 0.13724199
2024-12-18,3.41,USD/Kg,0.00,Knitting Yarn,40/1 Carded,Domestic China,CNY: 0.13725705
2024-12-17,3.41,USD/Kg,0.00,Knitting Yarn,40/1 Carded,Domestic China,CNY: 0.13729663
2024-12-16,3.41,USD/Kg,-0.29,Knitting Yarn,40/1 Carded,Domestic China,CNY: 0.13743626
2024-12-13,3.42,USD/Kg,0.00,Knitting Yarn,40/1 Carded,Domestic China,CNY: 0.13757808
2024-12-12,3.42,USD/Kg,1.79,Knitting Yarn,40/1 Carded,Domestic China,CNY: 0.13770501
2024-12-11,3.36,USD/Kg,0.00,Knitting Yarn,40/1 Carded,Domestic China,CNY: 0.13793674
2024-12-10,3.36,USD/Kg,0.00,Knitting Yarn,40/1 Carded,Domestic China,CNY: 0.13773156
2024-12-09,3.36,USD/Kg,-0.30,Knitting Yarn,40/1 Carded,Domestic China,CNY: 0.13754591
2024-12-06,3.37,USD/Kg,-0.30,Knitting Yarn,40/1 Carded,Domestic China,CNY: 0.13773725
2024-12-05,3.38,USD/Kg,0.30,Knitting Yarn,40/1 Carded,Domestic China,CNY: 0.13766520
2024-12-04,3.37,USD/Kg,0.00,Knitting Yarn,40/1 Carded,Domestic China,CNY: 0.13727213
2024-12-03,3.37,USD/Kg,0.00,Knitting Yarn,40/1 Carded,Domestic China,CNY: 0.13751942
2024-12-02,3.37,USD/Kg,-0.30,Knitting Yarn,40/1 Carded,Domestic China,CNY: 0.13808912
2024-11-29,3.38,USD/Kg,-0.29,Knitting Yarn,40/1 Carded,Domestic China,CNY: 0.13804909
2024-11-28,3.39,USD/Kg,0.00,Knitting Yarn,40/1 Carded,Domestic China,CNY: 0.13798432
2024-11-27,3.39,USD/Kg,-0.29,Knitting Yarn,40/1 Carded,Domestic China,CNY: 0.13801194
2024-11-26,3.40,USD/Kg,0.00,Knitting Yarn,40/1 Carded,Domestic China,CNY: 0.13801194
2024-11-25,3.40,USD/Kg,-0.29,Knitting Yarn,40/1 Carded,Domestic China,CNY: 0.13806434
2024-11-22,3.41,USD/Kg,0.00,Knitting Yarn,40/1 Carded,Domestic China,CNY: 0.13822655
2024-11-21,3.41,USD/Kg,0.29,Knitting Yarn,40/1 Carded,Domestic China,CNY: 0.13802623
2024-11-20,3.40,USD/Kg,0.00,Knitting Yarn,40/1 Carded,Domestic China,CNY: 0.13813872
2024-11-19,3.40,USD/Kg,0.29,Knitting Yarn,40/1 Carded,Domestic China,CNY: 0.13819026
2024-11-18,3.39,USD/Kg,0.30,Knitting Yarn,40/1 Carded,Domestic China,CNY: 0.13826478
2024-11-15,3.38,USD/Kg,-0.88,Knitting Yarn,40/1 Carded,Domestic China,CNY: 0.13830685
2024-11-14,3.41,USD/Kg,2.10,Knitting Yarn,40/1 Carded,Domestic China,CNY: 0.13841405
2024-11-13,3.34,USD/Kg,-0.30,Knitting Yarn,40/1 Carded,Domestic China,CNY: 0.13826287
2024-11-12,3.35,USD/Kg,0.00,Knitting Yarn,40/1 Carded,Domestic China,CNY: 0.13865587
2024-11-11,3.35,USD/Kg,-0.30,Knitting Yarn,40/1 Carded,Domestic China,CNY: 0.13929206
2024-11-08,3.36,USD/Kg,0.30,Knitting Yarn,40/1 Carded,Domestic China,CNY: 0.13999524
2024-11-07,3.35,USD/Kg,0.30,Knitting Yarn,40/1 Carded,Domestic China,CNY: 0.13931651
2024-11-06,3.34,USD/Kg,-0.30,Knitting Yarn,40/1 Carded,Domestic China,CNY: 0.14078162
2024-11-05,3.35,USD/Kg,-0.30,Knitting Yarn,40/1 Carded,Domestic China,CNY: 0.14086888
2024-11-04,3.36,USD/Kg,-0.30,Knitting Yarn,40/1 Carded,Domestic China,CNY: 0.14039620
2024-11-01,3.37,USD/Kg,0.30,Knitting Yarn,40/1 Carded,Domestic China,CNY: 0.14045733
2024-10-31,3.36,USD/Kg,0.00,Knitting Yarn,40/1 Carded,Domestic China,CNY: 0.14053234
2024-10-30,3.36,USD/Kg,0.00,Knitting Yarn,40/1 Carded,Domestic China,CNY: 0.14023082
2024-10-29,3.36,USD/Kg,0.00,Knitting Yarn,40/1 Carded,Domestic China,CNY: 0.14028197
2024-10-28,3.36,USD/Kg,-0.30,Knitting Yarn,40/1 Carded,Domestic China,CNY: 0.14042774
2024-10-25,3.37,USD/Kg,-0.59,Knitting Yarn,40/1 Carded,Domestic China,CNY: 0.14045536
2024-10-24,3.39,USD/Kg,0.00,Knitting Yarn,40/1 Carded,Domestic China,CNY: 0.14032527
2024-10-23,3.39,USD/Kg,0.30,Knitting Yarn,40/1 Carded,Domestic China,CNY: 0.14039620
2024-10-22,3.38,USD/Kg,1.20,Knitting Yarn,40/1 Carded,Domestic China,CNY: 0.14046917
2024-10-21,3.34,USD/Kg,1.83,Knitting Yarn,40/1 Carded,Domestic China,CNY: 0.14080937
2024-10-18,3.28,USD/Kg,-0.30,Knitting Yarn,40/1 Carded,Domestic China,CNY: 0.14037058
2024-10-17,3.29,USD/Kg,0.00,Knitting Yarn,40/1 Carded,Domestic China,CNY: 0.14046127
2024-10-16,3.29,USD/Kg,0.30,Knitting Yarn,40/1 Carded,Domestic China,CNY: 0.14046917
2024-10-15,3.28,USD/Kg,0.31,Knitting Yarn,40/1 Carded,Domestic China,CNY: 0.14107954
2024-10-14,3.27,USD/Kg,0.31,Knitting Yarn,40/1 Carded,Domestic China,CNY: 0.14151878
2024-10-11,3.26,USD/Kg,-0.31,Knitting Yarn,40/1 Carded,Domestic China,CNY: 0.14122100
2024-10-10,3.27,USD/Kg,0.31,Knitting Yarn,40/1 Carded,Domestic China,CNY: 0.14121103
2024-10-09,3.26,USD/Kg,-0.31,Knitting Yarn,40/1 Carded,Domestic China,CNY: 0.14166714
2024-10-08,3.27,USD/Kg,-0.30,Knitting Yarn,40/1 Carded,Domestic China,CNY: 0.14245014
2024-10-07,3.28,USD/Kg,0.31,Knitting Yarn,40/1 Carded,Domestic China,CNY: 0.14248059
2024-10-04,3.27,USD/Kg,-2.39,Knitting Yarn,40/1 Carded,Domestic China,CNY: 0.14192248
2024-10-03,3.35,USD/Kg,0.30,Knitting Yarn,40/1 Carded,Domestic China,CNY: 0.14207169
2024-10-02,3.34,USD/Kg,0.30,Knitting Yarn,40/1 Carded,Domestic China,CNY: 0.14221919
2024-10-01,3.33,USD/Kg,0.00,Knitting Yarn,40/1 Carded,Domestic China,CNY: 0.14248871
2024-09-30,3.33,USD/Kg,-0.30,Knitting Yarn,40/1 Carded,Domestic China,CNY: 0.14262690
2024-09-27,3.34,USD/Kg,-0.30,Knitting Yarn,40/1 Carded,Domestic China,CNY: 0.14265335
2024-09-26,3.35,USD/Kg,0.30,Knitting Yarn,40/1 Carded,Domestic China,CNY: 0.14218077
2024-09-25,3.34,USD/Kg,-0.30,Knitting Yarn,40/1 Carded,Domestic China,CNY: 0.14222323
2024-09-24,3.35,USD/Kg,0.00,Knitting Yarn,40/1 Carded,Domestic China,CNY: 0.14179570
2024-09-23,3.35,USD/Kg,0.30,Knitting Yarn,40/1 Carded,Domestic China,CNY: 0.14180575
2024-09-20,3.34,USD/Kg,-0.30,Knitting Yarn,40/1 Carded,Domestic China,CNY: 0.14148274
2024-09-19,3.35,USD/Kg,0.00,Knitting Yarn,40/1 Carded,Domestic China,CNY: 0.14120305
2024-09-18,3.35,USD/Kg,-0.30,Knitting Yarn,40/1 Carded,Domestic China,CNY: 0.14097413
2024-09-17,3.36,USD/Kg,0.60,Knitting Yarn,40/1 Carded,Domestic China,CNY: 0.14097413
2024-09-16,3.34,USD/Kg,0.00,Knitting Yarn,40/1 Carded,Domestic China,CNY: 0.14097214
2024-09-13,3.34,USD/Kg,0.00,Knitting Yarn,40/1 Carded,Domestic China,CNY: 0.14049680
2024-09-12,3.34,USD/Kg,-0.30,Knitting Yarn,40/1 Carded,Domestic China,CNY: 0.14043958
2024-09-11,3.35,USD/Kg,0.30,Knitting Yarn,40/1 Carded,Domestic China,CNY: 0.14041394
2024-09-10,3.34,USD/Kg,-0.30,Knitting Yarn,40/1 Carded,Domestic China,CNY: 0.14055604
2024-09-09,3.35,USD/Kg,-0.30,Knitting Yarn,40/1 Carded,Domestic China,CNY: 0.14106561
2024-09-06,3.36,USD/Kg,0.00,Knitting Yarn,40/1 Carded,Domestic China,CNY: 0.14099798
2024-09-05,3.36,USD/Kg,0.30,Knitting Yarn,40/1 Carded,Domestic China,CNY: 0.14059359
2024-09-04,3.35,USD/Kg,1.52,Knitting Yarn,40/1 Carded,Domestic China,CNY: 0.14042183
2024-09-03,3.30,USD/Kg,0.00,Knitting Yarn,40/1 Carded,Domestic China,CNY: 0.14049680
2024-09-02,3.30,USD/Kg,-0.30,Knitting Yarn,40/1 Carded,Domestic China,CNY: 0.14098208
2024-08-30,3.31,USD/Kg,-0.30,Knitting Yarn,40/1 Carded,Domestic China,CNY: 0.14091454
2024-08-29,3.32,USD/Kg,-0.30,Knitting Yarn,40/1 Carded,Domestic China,CNY: 0.14034497
2024-08-28,3.33,USD/Kg,0.30,Knitting Yarn,40/1 Carded,Domestic China,CNY: 0.14036861
2024-08-27,3.32,USD/Kg,-0.30,Knitting Yarn,40/1 Carded,Domestic China,CNY: 0.14046522
2024-08-26,3.33,USD/Kg,0.30,Knitting Yarn,40/1 Carded,Domestic China,CNY: 0.14035088
2024-08-23,3.32,USD/Kg,-0.30,Knitting Yarn,40/1 Carded,Domestic China,CNY: 0.13995605
2024-08-22,3.33,USD/Kg,0.00,Knitting Yarn,40/1 Carded,Domestic China,CNY: 0.14018954
2024-08-21,3.33,USD/Kg,-0.30,Knitting Yarn,40/1 Carded,Domestic China,CNY: 0.14012667
2024-08-20,3.34,USD/Kg,-0.30,Knitting Yarn,40/1 Carded,Domestic China,CNY: 0.14012667
2024-08-19,3.35,USD/Kg,0.00,Knitting Yarn,40/1 Carded,Domestic China,CNY: 0.13956734
2024-08-16,3.35,USD/Kg,0.00,Knitting Yarn,40/1 Carded,Domestic China,CNY: 0.13954202
2024-08-15,3.35,USD/Kg,-0.30,Knitting Yarn,40/1 Carded,Domestic China,CNY: 0.14008938
2024-08-14,3.36,USD/Kg,0.30,Knitting Yarn,40/1 Carded,Domestic China,CNY: 0.13978389
2024-08-13,3.35,USD/Kg,0.30,Knitting Yarn,40/1 Carded,Domestic China,CNY: 0.13937282
2024-08-12,3.34,USD/Kg,0.30,Knitting Yarn,40/1 Carded,Domestic China,CNY: 0.13952255
2024-08-09,3.33,USD/Kg,-0.30,Knitting Yarn,40/1 Carded,Domestic China,CNY: 0.13938059
2024-08-08,3.34,USD/Kg,-0.30,Knitting Yarn,40/1 Carded,Domestic China,CNY: 0.13925055
2024-08-07,3.35,USD/Kg,0.30,Knitting Yarn,40/1 Carded,Domestic China,CNY: 0.14024754
2024-08-06,3.34,USD/Kg,0.00,Knitting Yarn,40/1 Carded,Domestic China,CNY: 0.14042577
2024-08-05,3.34,USD/Kg,-0.30,Knitting Yarn,40/1 Carded,Domestic China,CNY: 0.13969992
2024-08-02,3.35,USD/Kg,-0.30,Knitting Yarn,40/1 Carded,Domestic China,CNY: 0.13804909
2024-08-01,3.36,USD/Kg,0.30,Knitting Yarn,40/1 Carded,Domestic China,CNY: 0.13854061
2024-07-31,3.35,USD/Kg,-0.30,Knitting Yarn,40/1 Carded,Domestic China,CNY: 0.13789870
2024-07-30,3.36,USD/Kg,-0.30,Knitting Yarn,40/1 Carded,Domestic China,CNY: 0.13775433
2024-07-29,3.37,USD/Kg,0.30,Knitting Yarn,40/1 Carded,Domestic China,CNY: 0.13791011
2024-07-26,3.36,USD/Kg,-0.30,Knitting Yarn,40/1 Carded,Domestic China,CNY: 0.13829537
2024-07-25,3.37,USD/Kg,-0.30,Knitting Yarn,40/1 Carded,Domestic China,CNY: 0.13769932
2024-07-24,3.38,USD/Kg,-0.29,Knitting Yarn,40/1 Carded,Domestic China,CNY: 0.13745138
2024-07-23,3.39,USD/Kg,0.00,Knitting Yarn,40/1 Carded,Domestic China,CNY: 0.13748161
2024-07-22,3.39,USD/Kg,-0.29,Knitting Yarn,40/1 Carded,Domestic China,CNY: 0.13755158
2024-07-19,3.40,USD/Kg,0.00,Knitting Yarn,40/1 Carded,Domestic China,CNY: 0.13774294
2024-07-18,3.40,USD/Kg,0.29,Knitting Yarn,40/1 Carded,Domestic China,CNY: 0.13773346
2024-07-17,3.39,USD/Kg,-0.29,Knitting Yarn,40/1 Carded,Domestic China,CNY: 0.14007957
2024-07-16,3.40,USD/Kg,0.29,Knitting Yarn,40/1 Carded,Domestic China,CNY: 0.13774294
2024-07-15,3.39,USD/Kg,0.00,Knitting Yarn,40/1 Carded,Domestic China,CNY: 0.13792342
2024-07-12,3.39,USD/Kg,0.00,Knitting Yarn,40/1 Carded,Domestic China,CNY: 0.13781698
2024-07-11,3.39,USD/Kg,-0.29,Knitting Yarn,40/1 Carded,Domestic China,CNY: 0.13744760
2024-07-10,3.40,USD/Kg,-1.16,Knitting Yarn,40/1 Carded,Domestic China,CNY: 0.13750052
2024-07-09,3.44,USD/Kg,0.29,Knitting Yarn,40/1 Carded,Domestic China,CNY: 0.13758754
2024-07-08,3.43,USD/Kg,0.00,Knitting Yarn,40/1 Carded,Domestic China,CNY: 0.13757543
2024-07-05,3.43,USD/Kg,0.00,Knitting Yarn,40/1 Carded,Domestic China,CNY: 0.13761215
2024-07-04,3.43,USD/Kg,-0.29,Knitting Yarn,40/1 Carded,Domestic China,CNY: 0.13755915
2024-07-03,3.44,USD/Kg,-0.29,Knitting Yarn,40/1 Carded,Domestic China,CNY: 0.13754212
2024-07-02,3.45,USD/Kg,0.00,Knitting Yarn,40/1 Carded,Domestic China,CNY: 0.13759133
2024-07-01,3.45,USD/Kg,0.29,Knitting Yarn,40/1 Carded,Domestic China,CNY: 0.13761215
2024-06-28,3.44,USD/Kg,0.00,Knitting Yarn,40/1 Carded,Domestic China,CNY: 0.13758565
2024-06-27,3.44,USD/Kg,0.29,Knitting Yarn,40/1 Carded,Domestic China,CNY: 0.13765572
2024-06-26,3.43,USD/Kg,-0.29,Knitting Yarn,40/1 Carded,Domestic China,CNY: 0.13769553
2024-06-25,3.44,USD/Kg,-0.29,Knitting Yarn,40/1 Carded,Domestic China,CNY: 0.13776572
2024-06-24,3.45,USD/Kg,-0.29,Knitting Yarn,40/1 Carded,Domestic China,CNY: 0.13773725
2024-06-21,3.46,USD/Kg,1.17,Knitting Yarn,40/1 Carded,Domestic China,CNY: 0.13773915
2024-06-20,3.42,USD/Kg,1.79,Knitting Yarn,40/1 Carded,Domestic China,CNY: 0.13779229
2024-06-19,3.36,USD/Kg,-0.30,Knitting Yarn,40/1 Carded,Domestic China,CNY: 0.13786068
2024-06-18,3.37,USD/Kg,0.30,Knitting Yarn,40/1 Carded,Domestic China,CNY: 0.13781698
2024-06-17,3.36,USD/Kg,0.30,Knitting Yarn,40/1 Carded,Domestic China,CNY: 0.14064104
2024-06-14,3.35,USD/Kg,0.00,Knitting Yarn,40/1 Carded,Domestic China,CNY: 0.13788159
2024-06-13,3.35,USD/Kg,0.30,Knitting Yarn,40/1 Carded,Domestic China,CNY: 0.13814063
2024-06-12,3.34,USD/Kg,-0.60,Knitting Yarn,40/1 Carded,Domestic China,CNY: 0.14066280
2024-06-11,3.36,USD/Kg,0.00,Knitting Yarn,40/1 Carded,Domestic China,CNY: 0.14071625
2024-06-10,3.36,USD/Kg,-0.88,Knitting Yarn,40/1 Carded,Domestic China,CNY: 0.14070635
2024-06-07,3.39,USD/Kg,0.30,Knitting Yarn,40/1 Carded,Domestic China,CNY: 0.13903565
2024-06-06,3.38,USD/Kg,0.30,Knitting Yarn,40/1 Carded,Domestic China,CNY: 0.14073605
2024-06-05,3.37,USD/Kg,0.30,Knitting Yarn,40/1 Carded,Domestic China,CNY: 0.14090659
2024-06-04,3.36,USD/Kg,0.00,Knitting Yarn,40/1 Carded,Domestic China,CNY: 0.13807768
2024-06-03,3.36,USD/Kg,0.00,Knitting Yarn,40/1 Carded,Domestic China,CNY: 0.13967594
2024-05-31,3.36,USD/Kg,-0.30,Knitting Yarn,40/1 Carded,Domestic China,CNY: 0.14079549
2024-05-30,3.37,USD/Kg,-0.30,Knitting Yarn,40/1 Carded,Domestic China,CNY: 0.14059359
2024-05-29,3.38,USD/Kg,0.00,Knitting Yarn,40/1 Carded,Domestic China,CNY: 0.14065093
2024-05-28,3.38,USD/Kg,-0.29,Knitting Yarn,40/1 Carded,Domestic China,CNY: 0.13806624
2024-05-27,3.39,USD/Kg,0.00,Knitting Yarn,40/1 Carded,Domestic China,CNY: 0.14062522
2024-05-24,3.39,USD/Kg,-0.29,Knitting Yarn,40/1 Carded,Domestic China,CNY: 0.14061929
2024-05-23,3.40,USD/Kg,-0.29,Knitting Yarn,40/1 Carded,Domestic China,CNY: 0.14097612
2024-05-22,3.41,USD/Kg,0.00,Knitting Yarn,40/1 Carded,Domestic China,CNY: 0.14096817
2024-05-21,3.41,USD/Kg,-0.29,Knitting Yarn,40/1 Carded,Domestic China,CNY: 0.13825713
2024-05-20,3.42,USD/Kg,-0.29,Knitting Yarn,40/1 Carded,Domestic China,CNY: 0.14101787
2024-05-17,3.43,USD/Kg,-0.29,Knitting Yarn,40/1 Carded,Domestic China,CNY: 0.13854253
2024-05-16,3.44,USD/Kg,0.29,Knitting Yarn,40/1 Carded,Domestic China,CNY: 0.13852910
2024-05-15,3.43,USD/Kg,-0.29,Knitting Yarn,40/1 Carded,Domestic China,CNY: 0.13825713
2024-05-14,3.44,USD/Kg,0.00,Knitting Yarn,40/1 Carded,Domestic China,CNY: 0.13824948
2024-05-13,3.44,USD/Kg,0.58,Knitting Yarn,40/1 Carded,Domestic China,CNY: 0.14102781
2024-05-10,3.42,USD/Kg,0.29,Knitting Yarn,40/1 Carded,Domestic China,CNY: 0.13850416
2024-05-09,3.41,USD/Kg,0.29,Knitting Yarn,40/1 Carded,Domestic China,CNY: 0.13841214
2024-05-08,3.40,USD/Kg,-0.29,Knitting Yarn,40/1 Carded,Domestic China,CNY: 0.14090659
2024-05-07,3.41,USD/Kg,1.79,Knitting Yarn,40/1 Carded,Domestic China,CNY: 0.14131479
2024-05-06,3.35,USD/Kg,0.00,Knitting Yarn,40/1 Carded,Domestic China,CNY: 0.14139672
2024-05-03,3.35,USD/Kg,0.30,Knitting Yarn,40/1 Carded,Domestic China,CNY: 0.13813299
2024-05-02,3.34,USD/Kg,0.30,Knitting Yarn,40/1 Carded,Domestic China,CNY: 0.13810438
2024-05-01,3.33,USD/Kg,0.00,Knitting Yarn,40/1 Carded,Domestic China,CNY: 0.13808912
2024-04-30,3.33,USD/Kg,0.30,Knitting Yarn,40/1 Carded,Domestic China,CNY: 0.13814635
2024-04-29,3.32,USD/Kg,0.00,Knitting Yarn,40/1 Carded,Domestic China,CNY: 0.13801480
2024-04-26,3.32,USD/Kg,-0.30,Knitting Yarn,40/1 Carded,Domestic China,CNY: 0.13812918
2024-04-25,3.33,USD/Kg,-0.30,Knitting Yarn,40/1 Carded,Domestic China,CNY: 0.13802622
2024-04-24,3.34,USD/Kg,0.00,Knitting Yarn,40/1 Carded,Domestic China,CNY: 0.13801670
2024-04-23,3.34,USD/Kg,-0.89,Knitting Yarn,40/1 Carded,Domestic China,CNY: 0.13805481
2024-04-22,3.37,USD/Kg,0.00,Knitting Yarn,40/1 Carded,Domestic China,CNY: 0.14083119
2024-04-19,3.37,USD/Kg,0.00,Knitting Yarn,40/1 Carded,Domestic China,CNY: 0.13816544
2024-04-18,3.37,USD/Kg,0.00,Knitting Yarn,40/1 Carded,Domestic China,CNY: 0.13815208
2024-04-17,3.37,USD/Kg,-0.30,Knitting Yarn,40/1 Carded,Domestic China,CNY: 0.13817498
2024-04-16,3.38,USD/Kg,-0.29,Knitting Yarn,40/1 Carded,Domestic China,CNY: 0.13815971
2024-04-15,3.39,USD/Kg,0.30,Knitting Yarn,40/1 Carded,Domestic China,CNY: 0.13818644
2024-04-12,3.38,USD/Kg,0.30,Knitting Yarn,40/1 Carded,Domestic China,CNY: 0.13818071
2024-04-11,3.37,USD/Kg,0.00,Knitting Yarn,40/1 Carded,Domestic China,CNY: 0.13826478
2024-04-10,3.37,USD/Kg,0.30,Knitting Yarn,40/1 Carded,Domestic China,CNY: 0.13828007
2024-04-09,3.36,USD/Kg,-0.30,Knitting Yarn,40/1 Carded,Domestic China,CNY: 0.13829920
2024-04-08,3.37,USD/Kg,0.00,Knitting Yarn,40/1 Carded,Domestic China,CNY: 0.14101389
2024-04-05,3.37,USD/Kg,-0.30,Knitting Yarn,40/1 Carded,Domestic China,CNY: 0.13821891
2024-04-04,3.38,USD/Kg,0.30,Knitting Yarn,40/1 Carded,Domestic China,CNY: 0.13820936
2024-04-03,3.37,USD/Kg,-0.30,Knitting Yarn,40/1 Carded,Domestic China,CNY: 0.13824757
2024-04-02,3.38,USD/Kg,0.30,Knitting Yarn,40/1 Carded,Domestic China,CNY: 0.13829920
2024-04-01,3.37,USD/Kg,0.00,Knitting Yarn,40/1 Carded,Domestic China,CNY: 0.13847922
2024-03-29,3.37,USD/Kg,0.00,Knitting Yarn,40/1 Carded,Domestic China,CNY: 0.13836043
2024-03-28,3.37,USD/Kg,-0.30,Knitting Yarn,40/1 Carded,Domestic China,CNY: 0.13837000
2024-03-27,3.38,USD/Kg,-0.29,Knitting Yarn,40/1 Carded,Domestic China,CNY: 0.13852910
2024-03-26,3.39,USD/Kg,0.30,Knitting Yarn,40/1 Carded,Domestic China,CNY: 0.13871165
2024-03-25,3.38,USD/Kg,-0.29,Knitting Yarn,40/1 Carded,Domestic China,CNY: 0.13916496
2024-03-22,3.39,USD/Kg,-0.29,Knitting Yarn,40/1 Carded,Domestic China,CNY: 0.13890432
2024-03-21,3.40,USD/Kg,0.00,Knitting Yarn,40/1 Carded,Domestic China,CNY: 0.13891783
2024-03-20,3.40,USD/Kg,0.29,Knitting Yarn,40/1 Carded,Domestic China,CNY: 0.13890818
2024-03-19,3.39,USD/Kg,-0.29,Knitting Yarn,40/1 Carded,Domestic China,CNY: 0.13891783
2024-03-18,3.40,USD/Kg,0.29,Knitting Yarn,40/1 Carded,Domestic China,CNY: 0.14020658
2024-03-15,3.39,USD/Kg,-0.29,Knitting Yarn,40/1 Carded,Domestic China,CNY: 0.13901632
2024-03-14,3.40,USD/Kg,0.00,Knitting Yarn,40/1 Carded,Domestic China,CNY: 0.13912850
2024-03-13,3.40,USD/Kg,0.29,Knitting Yarn,40/1 Carded,Domestic China,CNY: 0.13923698
2024-03-12,3.39,USD/Kg,0.30,Knitting Yarn,40/1 Carded,Domestic China,CNY: 0.13918659
2024-03-11,3.38,USD/Kg,0.30,Knitting Yarn,40/1 Carded,Domestic China,CNY: 0.14003215
2024-03-08,3.37,USD/Kg,-0.30,Knitting Yarn,40/1 Carded,Domestic China,CNY: 0.13901825
2024-03-07,3.38,USD/Kg,-0.29,Knitting Yarn,40/1 Carded,Domestic China,CNY: 0.13894871
2024-03-06,3.39,USD/Kg,0.30,Knitting Yarn,40/1 Carded,Domestic China,CNY: 0.13894678
2024-03-05,3.38,USD/Kg,0.60,Knitting Yarn,40/1 Carded,Domestic China,CNY: 0.13889082
2024-03-04,3.36,USD/Kg,-0.30,Knitting Yarn,40/1 Carded,Domestic China,CNY: 0.13982429
2024-03-01,3.37,USD/Kg,0.30,Knitting Yarn,40/1 Carded,Domestic China,CNY: 0.13911302
2024-02-29,3.36,USD/Kg,0.30,Knitting Yarn,40/1 Carded,Domestic China,CNY: 0.13894678
2024-02-28,3.35,USD/Kg,0.00,Knitting Yarn,40/1 Carded,Domestic China,CNY: 0.13891976
2024-02-27,3.35,USD/Kg,0.30,Knitting Yarn,40/1 Carded,Domestic China,CNY: 0.13894196
2024-02-26,3.34,USD/Kg,0.00,Knitting Yarn,40/1 Carded,Domestic China,CNY: 0.13984416
2024-02-23,3.34,USD/Kg,0.30,Knitting Yarn,40/1 Carded,Domestic China,CNY: 0.13899893
2024-02-22,3.33,USD/Kg,0.00,Knitting Yarn,40/1 Carded,Domestic China,CNY: 0.13910334
2024-02-21,3.33,USD/Kg,0.00,Knitting Yarn,40/1 Carded,Domestic China,CNY: 0.13906659
2024-02-20,3.33,USD/Kg,0.00,Knitting Yarn,40/1 Carded,Domestic China,CNY: 0.13892362
2024-02-19,3.33,USD/Kg,0.00,Knitting Yarn,40/1 Carded,Domestic China,CNY: 0.14048199
2024-02-16,3.33,USD/Kg,0.30,Knitting Yarn,40/1 Carded,Domestic China,CNY: 0.14053036
2024-02-15,3.32,USD/Kg,0.30,Knitting Yarn,40/1 Carded,Domestic China,CNY: 0.13933204
2024-02-14,3.31,USD/Kg,0.30,Knitting Yarn,40/1 Carded,Domestic China,CNY: 0.13908786
2024-02-13,3.30,USD/Kg,-0.30,Knitting Yarn,40/1 Carded,Domestic China,CNY: 0.13902019
2024-02-12,3.31,USD/Kg,0.00,Knitting Yarn,40/1 Carded,Domestic China,CNY: 0.14002627
2024-02-09,3.31,USD/Kg,0.30,Knitting Yarn,40/1 Carded,Domestic China,CNY: 0.14053234
2024-02-08,3.30,USD/Kg,0.00,Knitting Yarn,40/1 Carded,Domestic China,CNY: 0.14058766
2024-02-07,3.30,USD/Kg,0.30,Knitting Yarn,40/1 Carded,Domestic China,CNY: 0.14068259
2024-02-06,3.29,USD/Kg,-0.60,Knitting Yarn,40/1 Carded,Domestic China,CNY: 0.14058042
2024-02-05,3.31,USD/Kg,0.00,Knitting Yarn,40/1 Carded,Domestic China,CNY: 0.14047627
2024-02-02,3.31,USD/Kg,0.30,Knitting Yarn,40/1 Carded,Domestic China,CNY: 0.14082524
2024-02-01,3.30,USD/Kg,0.30,Knitting Yarn,40/1 Carded,Domestic China,CNY: 0.14078558
2024-01-31,3.29,USD/Kg,0.30,Knitting Yarn,40/1 Carded,Domestic China,CNY: 0.14076378
2024-01-30,3.28,USD/Kg,0.31,Knitting Yarn,40/1 Carded,Domestic China,CNY: 0.14087285
2024-01-29,3.27,USD/Kg,-0.30,Knitting Yarn,40/1 Carded,Domestic China,CNY: 0.14091136
2024-01-26,3.28,USD/Kg,-1.50,Knitting Yarn,40/1 Carded,Domestic China,CNY: 0.14095625
2024-01-25,3.33,USD/Kg,0.30,Knitting Yarn,40/1 Carded,Domestic China,CNY: 0.14104571
2024-01-24,3.32,USD/Kg,0.61,Knitting Yarn,40/1 Carded,Domestic China,CNY: 0.14104571
2024-01-23,3.30,USD/Kg,-0.30,Knitting Yarn,40/1 Carded,Domestic China,CNY: 0.13901052
2024-01-22,3.31,USD/Kg,0.00,Knitting Yarn,40/1 Carded,Domestic China,CNY: 0.14050667
2024-01-19,3.31,USD/Kg,0.61,Knitting Yarn,40/1 Carded,Domestic China,CNY: 0.14035088
2024-01-18,3.29,USD/Kg,0.00,Knitting Yarn,40/1 Carded,Domestic China,CNY: 0.14032527
2024-01-17,3.29,USD/Kg,-0.30,Knitting Yarn,40/1 Carded,Domestic China,CNY: 0.14032134
2024-01-16,3.30,USD/Kg,0.30,Knitting Yarn,40/1 Carded,Domestic China,CNY: 0.14070041
2024-01-15,3.29,USD/Kg,0.30,Knitting Yarn,40/1 Carded,Domestic China,CNY: 0.14062720
2024-01-12,3.28,USD/Kg,0.00,Knitting Yarn,40/1 Carded,Domestic China,CNY: 0.14089428
2024-01-11,3.28,USD/Kg,-0.30,Knitting Yarn,40/1 Carded,Domestic China,CNY: 0.13944473
2024-01-10,3.29,USD/Kg,-0.30,Knitting Yarn,40/1 Carded,Domestic China,CNY: 0.14059359
2024-01-09,3.30,USD/Kg,0.00,Knitting Yarn,40/1 Carded,Domestic China,CNY: 0.14084507
2024-01-08,3.30,USD/Kg,0.30,Knitting Yarn,40/1 Carded,Domestic China,CNY: 0.14079549
2024-01-05,3.29,USD/Kg,-0.30,Knitting Yarn,40/1 Carded,Domestic China,CNY: 0.14042971
2024-01-04,3.30,USD/Kg,0.00,Knitting Yarn,40/1 Carded,Domestic China,CNY: 0.14062324
2024-01-03,3.30,USD/Kg,0.30,Knitting Yarn,40/1 Carded,Domestic China,CNY: 0.14085301
2024-01-02,3.29,USD/Kg,0.30,Knitting Yarn,40/1 Carded,Domestic China,CNY: 0.14127087
2024-01-01,3.28,USD/Kg,0.00,Knitting Yarn,40/1 Carded,Domestic China,CNY: 0.14126608
2023-12-29,3.28,USD/Kg,-0.61,Knitting Yarn,40/1 Carded,Domestic China,CNY: 0.14068655
2023-12-28,3.30,USD/Kg,0.30,Knitting Yarn,40/1 Carded,Domestic China,CNY: 0.14002857
2023-12-27,3.29,USD/Kg,-0.30,Knitting Yarn,40/1 Carded,Domestic China,CNY: 0.13998936
2023-12-26,3.30,USD/Kg,-0.30,Knitting Yarn,40/1 Carded,Domestic China,CNY: 0.14012471
2023-12-25,3.31,USD/Kg,0.00,Knitting Yarn,40/1 Carded,Domestic China,CNY: 0.14097811
2023-12-22,3.31,USD/Kg,-0.30,Knitting Yarn,40/1 Carded,Domestic China,CNY: 0.14007172
2023-12-21,3.32,USD/Kg,-0.30,Knitting Yarn,40/1 Carded,Domestic China,CNY: 0.14015221
2023-12-20,3.33,USD/Kg,0.00,Knitting Yarn,40/1 Carded,Domestic China,CNY: 0.14127886
2023-12-19,3.33,USD/Kg,0.30,Knitting Yarn,40/1 Carded,Domestic China,CNY: 0.14019347
2023-12-18,3.32,USD/Kg,0.00,Knitting Yarn,40/1 Carded,Domestic China,CNY: 0.14123296
2023-12-15,3.32,USD/Kg,-0.30,Knitting Yarn,40/1 Carded,Domestic China,CNY: 0.14130281
2023-12-14,3.33,USD/Kg,0.00,Knitting Yarn,40/1 Carded,Domestic China,CNY: 0.13941946
2023-12-13,3.33,USD/Kg,0.00,Knitting Yarn,40/1 Carded,Domestic China,CNY: 0.13933398
2023-12-12,3.33,USD/Kg,0.00,Knitting Yarn,40/1 Carded,Domestic China,CNY: 0.13937088
2023-12-11,3.33,USD/Kg,-0.30,Knitting Yarn,40/1 Carded,Domestic China,CNY: 0.14012275
2023-12-08,3.34,USD/Kg,0.30,Knitting Yarn,40/1 Carded,Domestic China,CNY: 0.13986405
2023-12-07,3.33,USD/Kg,0.00,Knitting Yarn,40/1 Carded,Domestic China,CNY: 0.14049088
2023-12-06,3.33,USD/Kg,0.00,Knitting Yarn,40/1 Carded,Domestic China,CNY: 0.13992668
2023-12-05,3.33,USD/Kg,0.30,Knitting Yarn,40/1 Carded,Domestic China,CNY: 0.14108551
2023-12-04,3.32,USD/Kg,-0.30,Knitting Yarn,40/1 Carded,Domestic China,CNY: 0.14140271
2023-12-01,3.33,USD/Kg,-0.30,Knitting Yarn,40/1 Carded,Domestic China,CNY: 0.14113529
2023-11-30,3.34,USD/Kg,0.30,Knitting Yarn,40/1 Carded,Domestic China,CNY: 0.14106561
2023-11-29,3.33,USD/Kg,-0.30,Knitting Yarn,40/1 Carded,Domestic China,CNY: 0.14136673
2023-11-28,3.34,USD/Kg,0.00,Knitting Yarn,40/1 Carded,Domestic China,CNY: 0.14022689
2023-11-27,3.34,USD/Kg,0.30,Knitting Yarn,40/1 Carded,Domestic China,CNY: 0.14101309
2023-11-24,3.33,USD/Kg,-1.48,Knitting Yarn,40/1 Carded,Domestic China,CNY: 0.14092844
2023-11-23,3.38,USD/Kg,0.00,Knitting Yarn,40/1 Carded,Domestic China,CNY: 0.13975850
2023-11-22,3.38,USD/Kg,0.30,Knitting Yarn,40/1 Carded,Domestic China,CNY: 0.14089667
2023-11-21,3.37,USD/Kg,0.30,Knitting Yarn,40/1 Carded,Domestic China,CNY: 0.13949725
2023-11-20,3.36,USD/Kg,0.00,Knitting Yarn,40/1 Carded,Domestic China,CNY: 0.13921986
2023-11-17,3.36,USD/Kg,-0.30,Knitting Yarn,40/1 Carded,Domestic China,CNY: 0.13808340
2023-11-16,3.37,USD/Kg,0.30,Knitting Yarn,40/1 Carded,Domestic China,CNY: 0.13799194
2023-11-15,3.36,USD/Kg,0.00,Knitting Yarn,40/1 Carded,Domestic China,CNY: 0.13787208
2023-11-14,3.36,USD/Kg,0.30,Knitting Yarn,40/1 Carded,Domestic China,CNY: 0.13717421
2023-11-13,3.35,USD/Kg,0.00,Knitting Yarn,40/1 Carded,Domestic China,CNY: 0.13904725
2023-11-10,3.35,USD/Kg,0.30,Knitting Yarn,40/1 Carded,Domestic China,CNY: 0.13730040
2023-11-09,3.34,USD/Kg,-0.30,Knitting Yarn,40/1 Carded,Domestic China,CNY: 0.13735698
2023-11-08,3.35,USD/Kg,-0.30,Knitting Yarn,40/1 Carded,Domestic China,CNY: 0.13737962
2023-11-07,3.36,USD/Kg,-0.30,Knitting Yarn,40/1 Carded,Domestic China,CNY: 0.13755915
2023-11-06,3.37,USD/Kg,-0.30,Knitting Yarn,40/1 Carded,Domestic China,CNY: 0.13827816
2023-11-03,3.38,USD/Kg,0.00,Knitting Yarn,40/1 Carded,Domestic China,CNY: 0.13670353
2023-11-02,3.38,USD/Kg,0.00,Knitting Yarn,40/1 Carded,Domestic China,CNY: 0.13666990
2023-11-01,3.38,USD/Kg,0.30,Knitting Yarn,40/1 Carded,Domestic China,CNY: 0.13668111
2023-10-31,3.37,USD/Kg,-0.30,Knitting Yarn,40/1 Carded,Domestic China,CNY: 0.13674279
2023-10-30,3.38,USD/Kg,0.00,Knitting Yarn,40/1 Carded,Domestic China,CNY: 0.13949531
2023-10-27,3.38,USD/Kg,-0.29,Knitting Yarn,40/1 Carded,Domestic China,CNY: 0.13668858
2023-10-26,3.39,USD/Kg,0.00,Knitting Yarn,40/1 Carded,Domestic China,CNY: 0.13667364
2023-10-25,3.39,USD/Kg,-0.29,Knitting Yarn,40/1 Carded,Domestic China,CNY: 0.13679891
2023-10-24,3.40,USD/Kg,0.00,Knitting Yarn,40/1 Carded,Domestic China,CNY: 0.13670353
2023-10-23,3.40,USD/Kg,0.00,Knitting Yarn,40/1 Carded,Domestic China,CNY: 0.13667924
2023-10-20,3.40,USD/Kg,-0.29,Knitting Yarn,40/1 Carded,Domestic China,CNY: 0.13675775
2023-10-19,3.41,USD/Kg,0.00,Knitting Yarn,40/1 Carded,Domestic China,CNY: 0.13671474
2023-10-18,3.41,USD/Kg,-0.29,Knitting Yarn,40/1 Carded,Domestic China,CNY: 0.13674840
2023-10-17,3.42,USD/Kg,-0.29,Knitting Yarn,40/1 Carded,Domestic China,CNY: 0.13679329
2023-10-16,3.43,USD/Kg,0.00,Knitting Yarn,40/1 Carded,Domestic China,CNY: 0.13931457
2023-10-13,3.43,USD/Kg,-0.29,Knitting Yarn,40/1 Carded,Domestic China,CNY: 0.13693940
2023-10-12,3.44,USD/Kg,0.29,Knitting Yarn,40/1 Carded,Domestic China,CNY: 0.13699193
2023-10-11,3.43,USD/Kg,0.29,Knitting Yarn,40/1 Carded,Domestic China,CNY: 0.13706140
2023-10-10,3.42,USD/Kg,0.29,Knitting Yarn,40/1 Carded,Domestic China,CNY: 0.13714599
2023-10-09,3.41,USD/Kg,0.59,Knitting Yarn,40/1 Carded,Domestic China,CNY: 0.13695816
2023-10-06,3.39,USD/Kg,-0.29,Knitting Yarn,40/1 Carded,Domestic China,CNY: 0.13891204
2023-10-05,3.40,USD/Kg,0.29,Knitting Yarn,40/1 Carded,Domestic China,CNY: 0.13886382
2023-10-04,3.39,USD/Kg,0.89,Knitting Yarn,40/1 Carded,Domestic China,CNY: 0.13896416
2023-10-03,3.36,USD/Kg,0.30,Knitting Yarn,40/1 Carded,Domestic China,CNY: 0.13908399
2023-10-02,3.35,USD/Kg,0.30,Knitting Yarn,40/1 Carded,Domestic China,CNY: 0.13940002
2023-09-29,3.34,USD/Kg,0.30,Knitting Yarn,40/1 Carded,Domestic China,CNY: 0.13696941
2023-09-28,3.33,USD/Kg,0.30,Knitting Yarn,40/1 Carded,Domestic China,CNY: 0.13681575
2023-09-27,3.32,USD/Kg,0.00,Knitting Yarn,40/1 Carded,Domestic China,CNY: 0.13676710
2023-09-26,3.32,USD/Kg,-0.30,Knitting Yarn,40/1 Carded,Domestic China,CNY: 0.13678207
2023-09-25,3.33,USD/Kg,-0.30,Knitting Yarn,40/1 Carded,Domestic China,CNY: 0.13701446
2023-09-22,3.34,USD/Kg,0.30,Knitting Yarn,40/1 Carded,Domestic China,CNY: 0.13684571
2023-09-21,3.33,USD/Kg,-0.30,Knitting Yarn,40/1 Carded,Domestic China,CNY: 0.13723068
2023-09-20,3.34,USD/Kg,0.30,Knitting Yarn,40/1 Carded,Domestic China,CNY: 0.13705013
2023-09-19,3.33,USD/Kg,0.00,Knitting Yarn,40/1 Carded,Domestic China,CNY: 0.13714411
2023-09-18,3.33,USD/Kg,-0.30,Knitting Yarn,40/1 Carded,Domestic China,CNY: 0.13745893
2023-09-15,3.34,USD/Kg,0.00,Knitting Yarn,40/1 Carded,Domestic China,CNY: 0.13742493
2023-09-14,3.34,USD/Kg,-0.30,Knitting Yarn,40/1 Carded,Domestic China,CNY: 0.13755537
2023-09-13,3.35,USD/Kg,0.00,Knitting Yarn,40/1 Carded,Domestic China,CNY: 0.13713847
2023-09-12,3.35,USD/Kg,-0.30,Knitting Yarn,40/1 Carded,Domestic China,CNY: 0.13719303
2023-09-11,3.36,USD/Kg,-0.30,Knitting Yarn,40/1 Carded,Domestic China,CNY: 0.13807578
2023-09-08,3.37,USD/Kg,-0.30,Knitting Yarn,40/1 Carded,Domestic China,CNY: 0.13644799
2023-09-07,3.38,USD/Kg,0.30,Knitting Yarn,40/1 Carded,Domestic China,CNY: 0.13666990
2023-09-06,3.37,USD/Kg,-0.30,Knitting Yarn,40/1 Carded,Domestic China,CNY: 0.13690378
2023-09-05,3.38,USD/Kg,-0.29,Knitting Yarn,40/1 Carded,Domestic China,CNY: 0.13749673
2023-09-04,3.39,USD/Kg,0.00,Knitting Yarn,40/1 Carded,Domestic China,CNY: 0.13771904
2023-09-01,3.39,USD/Kg,0.30,Knitting Yarn,40/1 Carded,Domestic China,CNY: 0.13778090
2023-08-31,3.38,USD/Kg,0.00,Knitting Yarn,40/1 Carded,Domestic China,CNY: 0.13727590
2023-08-30,3.38,USD/Kg,-0.29,Knitting Yarn,40/1 Carded,Domestic China,CNY: 0.13735509
2023-08-29,3.39,USD/Kg,0.30,Knitting Yarn,40/1 Carded,Domestic China,CNY: 0.13717233
2023-08-28,3.38,USD/Kg,0.00,Knitting Yarn,40/1 Carded,Domestic China,CNY: 0.13717421
2023-08-25,3.38,USD/Kg,0.30,Knitting Yarn,40/1 Carded,Domestic China,CNY: 0.13740510
2023-08-24,3.37,USD/Kg,0.30,Knitting Yarn,40/1 Carded,Domestic China,CNY: 0.13926607
2023-08-23,3.36,USD/Kg,0.00,Knitting Yarn,40/1 Carded,Domestic China,CNY: 0.13711026
2023-08-22,3.36,USD/Kg,0.00,Knitting Yarn,40/1 Carded,Domestic China,CNY: 0.13873474
2023-08-21,3.36,USD/Kg,0.30,Knitting Yarn,40/1 Carded,Domestic China,CNY: 0.13733057
2023-08-18,3.35,USD/Kg,0.30,Knitting Yarn,40/1 Carded,Domestic China,CNY: 0.13733623
2023-08-17,3.34,USD/Kg,0.00,Knitting Yarn,40/1 Carded,Domestic China,CNY: 0.13702196
2023-08-16,3.34,USD/Kg,0.00,Knitting Yarn,40/1 Carded,Domestic China,CNY: 0.13731548
2023-08-15,3.34,USD/Kg,-0.30,Knitting Yarn,40/1 Carded,Domestic China,CNY: 0.13777331
2023-08-14,3.35,USD/Kg,0.30,Knitting Yarn,40/1 Carded,Domestic China,CNY: 0.13884646
2023-08-11,3.34,USD/Kg,0.30,Knitting Yarn,40/1 Carded,Domestic China,CNY: 0.13858669
2023-08-10,3.33,USD/Kg,-0.30,Knitting Yarn,40/1 Carded,Domestic China,CNY: 0.13870972
2023-08-09,3.34,USD/Kg,0.00,Knitting Yarn,40/1 Carded,Domestic China,CNY: 0.13856749
2023-08-08,3.34,USD/Kg,-0.30,Knitting Yarn,40/1 Carded,Domestic China,CNY: 0.13901439
2023-08-07,3.35,USD/Kg,1.82,Knitting Yarn,40/1 Carded,Domestic China,CNY: 0.14003445
2023-08-04,3.29,USD/Kg,-0.30,Knitting Yarn,40/1 Carded,Domestic China,CNY: 0.13959072
2023-08-03,3.30,USD/Kg,0.00,Knitting Yarn,40/1 Carded,Domestic China,CNY: 0.13905885
2023-08-02,3.30,USD/Kg,0.00,Knitting Yarn,40/1 Carded,Domestic China,CNY: 0.13932428
2023-08-01,3.30,USD/Kg,-0.30,Knitting Yarn,40/1 Carded,Domestic China,CNY: 0.14074100
2023-07-31,3.31,USD/Kg,0.30,Knitting Yarn,40/1 Carded,Domestic China,CNY: 0.14059359
2023-07-28,3.30,USD/Kg,0.30,Knitting Yarn,40/1 Carded,Domestic China,CNY: 0.13938836
2023-07-27,3.29,USD/Kg,0.00,Knitting Yarn,40/1 Carded,Domestic China,CNY: 0.13984058
2023-07-26,3.29,USD/Kg,0.00,Knitting Yarn,40/1 Carded,Domestic China,CNY: 0.14012864
2023-07-25,3.29,USD/Kg,0.00,Knitting Yarn,40/1 Carded,Domestic China,CNY: 0.13915367
2023-07-24,3.29,USD/Kg,0.00,Knitting Yarn,40/1 Carded,Domestic China,CNY: 0.13912463
2023-07-21,3.29,USD/Kg,0.30,Knitting Yarn,40/1 Carded,Domestic China,CNY: 0.13932234
2023-07-20,3.28,USD/Kg,-0.30,Knitting Yarn,40/1 Carded,Domestic China,CNY: 0.13837000
2023-07-19,3.29,USD/Kg,-0.30,Knitting Yarn,40/1 Carded,Domestic China,CNY: 0.13926995
2023-07-18,3.30,USD/Kg,-0.30,Knitting Yarn,40/1 Carded,Domestic China,CNY: 0.13943695
2023-07-17,3.31,USD/Kg,0.61,Knitting Yarn,40/1 Carded,Domestic China,CNY: 0.14003053
2023-07-14,3.29,USD/Kg,0.00,Knitting Yarn,40/1 Carded,Domestic China,CNY: 0.13984058
2023-07-13,3.29,USD/Kg,-0.30,Knitting Yarn,40/1 Carded,Domestic China,CNY: 0.13954202
2023-07-12,3.30,USD/Kg,-0.30,Knitting Yarn,40/1 Carded,Domestic China,CNY: 0.13869241
2023-07-11,3.31,USD/Kg,-0.30,Knitting Yarn,40/1 Carded,Domestic China,CNY: 0.13828198
2023-07-10,3.32,USD/Kg,0.30,Knitting Yarn,40/1 Carded,Domestic China,CNY: 0.13848114
2023-07-07,3.31,USD/Kg,0.30,Knitting Yarn,40/1 Carded,Domestic China,CNY: 0.13792723
2023-07-06,3.30,USD/Kg,0.00,Knitting Yarn,40/1 Carded,Domestic China,CNY: 0.13797861
2023-07-05,3.30,USD/Kg,-0.30,Knitting Yarn,40/1 Carded,Domestic China,CNY: 0.13860974
2023-07-04,3.31,USD/Kg,-0.30,Knitting Yarn,40/1 Carded,Domestic China,CNY: 0.13810629
2023-07-03,3.32,USD/Kg,-0.30,Knitting Yarn,40/1 Carded,Domestic China,CNY: 0.13788729
2023-06-30,3.33,USD/Kg,0.30,Knitting Yarn,40/1 Carded,Domestic China,CNY: 0.13787779
2023-06-29,3.32,USD/Kg,0.30,Knitting Yarn,40/1 Carded,Domestic China,CNY: 0.13803575
2023-06-28,3.31,USD/Kg,-0.30,Knitting Yarn,40/1 Carded,Domestic China,CNY: 0.13850032
2023-06-27,3.32,USD/Kg,1.22,Knitting Yarn,40/1 Carded,Domestic China,CNY: 0.13846160
2023-06-26,3.28,USD/Kg,-0.30,Knitting Yarn,40/1 Carded,Domestic China,CNY: 0.13875399
2023-06-23,3.29,USD/Kg,-0.30,Knitting Yarn,40/1 Carded,Domestic China,CNY: 0.13928547
2023-06-22,3.30,USD/Kg,-0.30,Knitting Yarn,40/1 Carded,Domestic China,CNY: 0.13928547
2023-06-21,3.31,USD/Kg,0.00,Knitting Yarn,40/1 Carded,Domestic China,CNY: 0.13924086
2023-06-20,3.31,USD/Kg,-0.30,Knitting Yarn,40/1 Carded,Domestic China,CNY: 0.13963555
2023-06-19,3.32,USD/Kg,0.00,Knitting Yarn,40/1 Carded,Domestic China,CNY: 0.14031937
2023-06-16,3.32,USD/Kg,0.30,Knitting Yarn,40/1 Carded,Domestic China,CNY: 0.14042971
2023-06-15,3.31,USD/Kg,-0.30,Knitting Yarn,40/1 Carded,Domestic China,CNY: 0.13959462
2023-06-14,3.32,USD/Kg,0.00,Knitting Yarn,40/1 Carded,Domestic China,CNY: 0.13951866
2023-06-13,3.32,USD/Kg,0.30,Knitting Yarn,40/1 Carded,Domestic China,CNY: 0.13994626
2023-06-12,3.31,USD/Kg,-0.30,Knitting Yarn,40/1 Carded,Domestic China,CNY: 0.14028000
2023-06-09,3.32,USD/Kg,0.30,Knitting Yarn,40/1 Carded,Domestic China,CNY: 0.14060149
2023-06-08,3.31,USD/Kg,0.30,Knitting Yarn,40/1 Carded,Domestic China,CNY: 0.14025639
2023-06-07,3.30,USD/Kg,-1.79,Knitting Yarn,40/1 Carded,Domestic China,CNY: 0.14045338
2023-06-06,3.36,USD/Kg,0.30,Knitting Yarn,40/1 Carded,Domestic China,CNY: 0.14072615
2023-06-05,3.35,USD/Kg,0.30,Knitting Yarn,40/1 Carded,Domestic China,CNY: 0.14114724
2023-06-02,3.34,USD/Kg,0.00,Knitting Yarn,40/1 Carded,Domestic China,CNY: 0.14095426
2023-06-01,3.34,USD/Kg,-0.30,Knitting Yarn,40/1 Carded,Domestic China,CNY: 0.14061138
2023-05-31,3.35,USD/Kg,-0.59,Knitting Yarn,40/1 Carded,Domestic China,CNY: 0.14124294
2023-05-30,3.37,USD/Kg,0.30,Knitting Yarn,40/1 Carded,Domestic China,CNY: 0.14137673
2023-05-29,3.36,USD/Kg,0.00,Knitting Yarn,40/1 Carded,Domestic China,CNY: 0.14154883
2023-05-26,3.36,USD/Kg,0.00,Knitting Yarn,40/1 Carded,Domestic China,CNY: 0.14126489
2023-05-25,3.36,USD/Kg,0.30,Knitting Yarn,40/1 Carded,Domestic China,CNY: 0.14162501
2023-05-24,3.35,USD/Kg,0.00,Knitting Yarn,40/1 Carded,Domestic China,CNY: 0.14169524
2023-05-23,3.35,USD/Kg,0.00,Knitting Yarn,40/1 Carded,Domestic China,CNY: 0.14216662
2023-05-22,3.35,USD/Kg,-0.30,Knitting Yarn,40/1 Carded,Domestic China,CNY: 0.14269610
2023-05-19,3.36,USD/Kg,0.00,Knitting Yarn,40/1 Carded,Domestic China,CNY: 0.14212419
2023-05-18,3.36,USD/Kg,0.00,Knitting Yarn,40/1 Carded,Domestic China,CNY: 0.14288572
2023-05-17,3.36,USD/Kg,0.00,Knitting Yarn,40/1 Carded,Domestic China,CNY: 0.14331575
2023-05-16,3.36,USD/Kg,0.30,Knitting Yarn,40/1 Carded,Domestic China,CNY: 0.14383108
2023-05-15,3.35,USD/Kg,0.30,Knitting Yarn,40/1 Carded,Domestic China,CNY: 0.14371326
2023-05-12,3.34,USD/Kg,0.30,Knitting Yarn,40/1 Carded,Domestic China,CNY: 0.14391181
2023-05-11,3.33,USD/Kg,0.60,Knitting Yarn,40/1 Carded,Domestic China,CNY: 0.14423146
2023-05-10,3.31,USD/Kg,0.30,Knitting Yarn,40/1 Carded,Domestic China,CNY: 0.14449823
2023-05-09,3.30,USD/Kg,0.00,Knitting Yarn,40/1 Carded,Domestic China,CNY: 0.14466546
2023-05-08,3.30,USD/Kg,-0.60,Knitting Yarn,40/1 Carded,Domestic China,CNY: 0.14470524
2023-05-05,3.32,USD/Kg,-0.30,Knitting Yarn,40/1 Carded,Domestic China,CNY: 0.14478695
2023-05-04,3.33,USD/Kg,0.30,Knitting Yarn,40/1 Carded,Domestic China,CNY: 0.14467383
2023-05-03,3.32,USD/Kg,-0.30,Knitting Yarn,40/1 Carded,Domestic China,CNY: 0.14467383
2023-05-02,3.33,USD/Kg,-0.30,Knitting Yarn,40/1 Carded,Domestic China,CNY: 0.14467383
2023-05-01,3.34,USD/Kg,0.30,Knitting Yarn,40/1 Carded,Domestic China,CNY: 0.14467383
2023-04-28,3.33,USD/Kg,0.00,Knitting Yarn,40/1 Carded,Domestic China,CNY: 0.14442936
2023-04-27,3.33,USD/Kg,-0.30,Knitting Yarn,40/1 Carded,Domestic China,CNY: 0.14436681
2023-04-26,3.34,USD/Kg,-0.30,Knitting Yarn,40/1 Carded,Domestic China,CNY: 0.14424395
2023-04-25,3.35,USD/Kg,0.30,Knitting Yarn,40/1 Carded,Domestic China,CNY: 0.14500319
2023-04-24,3.34,USD/Kg,0.00,Knitting Yarn,40/1 Carded,Domestic China,CNY: 0.14506419
2023-04-21,3.34,USD/Kg,0.30,Knitting Yarn,40/1 Carded,Domestic China,CNY: 0.14549475
2023-04-20,3.33,USD/Kg,0.00,Knitting Yarn,40/1 Carded,Domestic China,CNY: 0.14522008
2023-04-19,3.33,USD/Kg,-0.30,Knitting Yarn,40/1 Carded,Domestic China,CNY: 0.14543339
2023-04-18,3.34,USD/Kg,0.00,Knitting Yarn,40/1 Carded,Domestic China,CNY: 0.14535306
2023-04-17,3.34,USD/Kg,-0.30,Knitting Yarn,40/1 Carded,Domestic China,CNY: 0.14553075
2023-04-14,3.35,USD/Kg,-0.30,Knitting Yarn,40/1 Carded,Domestic China,CNY: 0.14558584
2023-04-13,3.36,USD/Kg,-0.30,Knitting Yarn,40/1 Carded,Domestic China,CNY: 0.14545878
2023-04-12,3.37,USD/Kg,0.00,Knitting Yarn,40/1 Carded,Domestic China,CNY: 0.14520110
2023-04-11,3.37,USD/Kg,0.00,Knitting Yarn,40/1 Carded,Domestic China,CNY: 0.14530449
2023-04-10,3.37,USD/Kg,0.00,Knitting Yarn,40/1 Carded,Domestic China,CNY: 0.14555405
2023-04-07,3.37,USD/Kg,0.00,Knitting Yarn,40/1 Carded,Domestic China,CNY: 0.14543551
2023-04-06,3.37,USD/Kg,0.00,Knitting Yarn,40/1 Carded,Domestic China,CNY: 0.14535940
2023-04-05,3.37,USD/Kg,-0.30,Knitting Yarn,40/1 Carded,Domestic China,CNY: 0.14535306
2023-04-04,3.38,USD/Kg,0.30,Knitting Yarn,40/1 Carded,Domestic China,CNY: 0.14538476
2023-04-03,3.37,USD/Kg,0.00,Knitting Yarn,40/1 Carded,Domestic China,CNY: 0.14558160
2023-03-31,3.37,USD/Kg,0.30,Knitting Yarn,40/1 Carded,Domestic China,CNY: 0.14552016
2023-03-30,3.36,USD/Kg,0.00,Knitting Yarn,40/1 Carded,Domestic China,CNY: 0.14519900
2023-03-29,3.36,USD/Kg,-0.30,Knitting Yarn,40/1 Carded,Domestic China,CNY: 0.14546936
2023-03-28,3.37,USD/Kg,0.30,Knitting Yarn,40/1 Carded,Domestic China,CNY: 0.14523801
2023-03-27,3.36,USD/Kg,0.60,Knitting Yarn,40/1 Carded,Domestic China,CNY: 0.14560280
2023-03-24,3.34,USD/Kg,-0.30,Knitting Yarn,40/1 Carded,Domestic China,CNY: 0.14662972
2023-03-23,3.35,USD/Kg,-0.30,Knitting Yarn,40/1 Carded,Domestic China,CNY: 0.14533405
2023-03-22,3.36,USD/Kg,-0.30,Knitting Yarn,40/1 Carded,Domestic China,CNY: 0.14525383
2023-03-21,3.37,USD/Kg,-0.30,Knitting Yarn,40/1 Carded,Domestic China,CNY: 0.14537631
2023-03-20,3.38,USD/Kg,0.00,Knitting Yarn,40/1 Carded,Domestic China,CNY: 0.14520321
2023-03-17,3.38,USD/Kg,0.00,Knitting Yarn,40/1 Carded,Domestic China,CNY: 0.14519900
2023-03-16,3.38,USD/Kg,0.30,Knitting Yarn,40/1 Carded,Domestic China,CNY: 0.14478275
2023-03-15,3.37,USD/Kg,0.00,Knitting Yarn,40/1 Carded,Domestic China,CNY: 0.14552863
2023-03-14,3.37,USD/Kg,-0.30,Knitting Yarn,40/1 Carded,Domestic China,CNY: 0.14607710
2023-03-13,3.38,USD/Kg,-0.29,Knitting Yarn,40/1 Carded,Domestic China,CNY: 0.14479602
2023-03-10,3.39,USD/Kg,0.00,Knitting Yarn,40/1 Carded,Domestic China,CNY: 0.14357914
2023-03-09,3.39,USD/Kg,0.30,Knitting Yarn,40/1 Carded,Domestic China,CNY: 0.14384971
2023-03-08,3.38,USD/Kg,0.00,Knitting Yarn,40/1 Carded,Domestic China,CNY: 0.14362863
2023-03-07,3.38,USD/Kg,-0.29,Knitting Yarn,40/1 Carded,Domestic China,CNY: 0.14429182
2023-03-06,3.39,USD/Kg,0.00,Knitting Yarn,40/1 Carded,Domestic China,CNY: 0.14476892
2023-03-03,3.39,USD/Kg,0.30,Knitting Yarn,40/1 Carded,Domestic China,CNY: 0.14460689
2023-03-02,3.38,USD/Kg,-0.29,Knitting Yarn,40/1 Carded,Domestic China,CNY: 0.14557948
2023-03-01,3.39,USD/Kg,0.00,Knitting Yarn,40/1 Carded,Domestic China,CNY: 0.14422938
2023-02-28,3.39,USD/Kg,-0.29,Knitting Yarn,40/1 Carded,Domestic China,CNY: 0.14398848
2023-02-27,3.40,USD/Kg,-0.29,Knitting Yarn,40/1 Carded,Domestic China,CNY: 0.14375872
2023-02-24,3.41,USD/Kg,0.29,Knitting Yarn,40/1 Carded,Domestic China,CNY: 0.14475760
2023-02-23,3.40,USD/Kg,0.00,Knitting Yarn,40/1 Carded,Domestic China,CNY: 0.14502433
2023-02-22,3.40,USD/Kg,-0.87,Knitting Yarn,40/1 Carded,Domestic China,CNY: 0.14548629
2023-02-21,3.43,USD/Kg,0.00,Knitting Yarn,40/1 Carded,Domestic China,CNY: 0.14587679
2023-02-20,3.43,USD/Kg,0.00,Knitting Yarn,40/1 Carded,Domestic China,CNY: 0.14561128
2023-02-17,3.43,USD/Kg,0.29,Knitting Yarn,40/1 Carded,Domestic China,CNY: 0.14575772
2023-02-16,3.42,USD/Kg,0.00,Knitting Yarn,40/1 Carded,Domestic China,CNY: 0.14595662
2023-02-15,3.42,USD/Kg,-0.29,Knitting Yarn,40/1 Carded,Domestic China,CNY: 0.14647937
2023-02-14,3.43,USD/Kg,0.00,Knitting Yarn,40/1 Carded,Domestic China,CNY: 0.14649160
2023-02-13,3.43,USD/Kg,0.00,Knitting Yarn,40/1 Carded,Domestic China,CNY: 0.14685437
2023-02-10,3.43,USD/Kg,-0.29,Knitting Yarn,40/1 Carded,Domestic China,CNY: 0.14747740
2023-02-09,3.44,USD/Kg,0.29,Knitting Yarn,40/1 Carded,Domestic China,CNY: 0.14729276
2023-02-08,3.43,USD/Kg,-0.29,Knitting Yarn,40/1 Carded,Domestic China,CNY: 0.14721687
2023-02-07,3.44,USD/Kg,1.78,Knitting Yarn,40/1 Carded,Domestic China,CNY: 0.14716703
2023-02-06,3.38,USD/Kg,-0.29,Knitting Yarn,40/1 Carded,Domestic China,CNY: 0.14760002
2023-02-03,3.39,USD/Kg,0.30,Knitting Yarn,40/1 Carded,Domestic China,CNY: 0.14853323
2023-02-02,3.38,USD/Kg,0.30,Knitting Yarn,40/1 Carded,Domestic China,CNY: 0.14832834
2023-02-01,3.37,USD/Kg,-0.30,Knitting Yarn,40/1 Carded,Domestic China,CNY: 0.14804506
2023-01-31,3.38,USD/Kg,0.30,Knitting Yarn,40/1 Carded,Domestic China,CNY: 0.14817449
2023-01-30,3.37,USD/Kg,-0.30,Knitting Yarn,40/1 Carded,Domestic China,CNY: 0.14740638
2023-01-27,3.38,USD/Kg,0.30,Knitting Yarn,40/1 Carded,Domestic China,CNY: 0.14741653
2023-01-26,3.37,USD/Kg,0.00,Knitting Yarn,40/1 Carded,Domestic China,CNY: 0.14740783
2023-01-25,3.37,USD/Kg,0.00,Knitting Yarn,40/1 Carded,Domestic China,CNY: 0.14739480
2023-01-24,3.37,USD/Kg,-0.30,Knitting Yarn,40/1 Carded,Domestic China,CNY: 0.14739480
2023-01-23,3.38,USD/Kg,0.00,Knitting Yarn,40/1 Carded,Domestic China,CNY: 0.14741174
2023-01-20,3.38,USD/Kg,-0.29,Knitting Yarn,40/1 Carded,Domestic China,CNY: 0.14756009
2023-01-19,3.39,USD/Kg,-0.29,Knitting Yarn,40/1 Carded,Domestic China,CNY: 0.14818986
2023-01-18,3.40,USD/Kg,-0.29,Knitting Yarn,40/1 Carded,Domestic China,CNY: 0.14762544
2023-01-17,3.41,USD/Kg,0.00,Knitting Yarn,40/1 Carded,Domestic China,CNY: 0.14850897
2023-01-16,3.41,USD/Kg,0.59,Knitting Yarn,40/1 Carded,Domestic China,CNY: 0.14918767
2023-01-13,3.39,USD/Kg,-0.29,Knitting Yarn,40/1 Carded,Domestic China,CNY: 0.14839437
2023-01-12,3.40,USD/Kg,-0.29,Knitting Yarn,40/1 Carded,Domestic China,CNY: 0.14769958
2023-01-11,3.41,USD/Kg,0.00,Knitting Yarn,40/1 Carded,Domestic China,CNY: 0.14752526
2023-01-10,3.41,USD/Kg,-1.16,Knitting Yarn,40/1 Carded,Domestic China,CNY: 0.14765596
2023-01-09,3.45,USD/Kg,-0.29,Knitting Yarn,40/1 Carded,Domestic China,CNY: 0.14623175
2023-01-06,3.46,USD/Kg,-0.29,Knitting Yarn,40/1 Carded,Domestic China,CNY: 0.14529182
2023-01-05,3.47,USD/Kg,-0.29,Knitting Yarn,40/1 Carded,Domestic China,CNY: 0.14516316
2023-01-04,3.48,USD/Kg,-0.29,Knitting Yarn,40/1 Carded,Domestic China,CNY: 0.14461107
2023-01-03,3.49,USD/Kg,0.00,Knitting Yarn,40/1 Carded,Domestic China,CNY: 0.14495695
2023-01-02,3.49,USD/Kg,0.00,Knitting Yarn,40/1 Carded,Domestic China,CNY: 0.14496661
2025-06-06,3.21,USD/Kg,0.31,Knitting Yarn,40/1 Carded,FOB China,USD: 1.00000000
2025-06-05,3.20,USD/Kg,0.00,Knitting Yarn,40/1 Carded,FOB China,USD: 1.00000000
2025-06-04,3.20,USD/Kg,-0.31,Knitting Yarn,40/1 Carded,FOB China,USD: 1.00000000
2025-06-03,3.21,USD/Kg,0.00,Knitting Yarn,40/1 Carded,FOB China,USD: 1.00000000
2025-06-02,3.21,USD/Kg,0.31,Knitting Yarn,40/1 Carded,FOB China,USD: 1.00000000
2025-05-30,3.20,USD/Kg,0.31,Knitting Yarn,40/1 Carded,FOB China,USD: 1.00000000
2025-05-29,3.19,USD/Kg,-0.31,Knitting Yarn,40/1 Carded,FOB China,USD: 1.00000000
2025-05-28,3.20,USD/Kg,0.00,Knitting Yarn,40/1 Carded,FOB China,USD: 1.00000000
2025-05-27,3.20,USD/Kg,0.00,Knitting Yarn,40/1 Carded,FOB China,USD: 1.00000000
2025-05-26,3.20,USD/Kg,0.00,Knitting Yarn,40/1 Carded,FOB China,USD: 1.00000000
2025-05-23,3.20,USD/Kg,0.31,Knitting Yarn,40/1 Carded,FOB China,USD: 1.00000000
2025-05-22,3.19,USD/Kg,-0.31,Knitting Yarn,40/1 Carded,FOB China,USD: 1.00000000
2025-05-21,3.20,USD/Kg,0.31,Knitting Yarn,40/1 Carded,FOB China,USD: 1.00000000
2025-05-20,3.19,USD/Kg,0.00,Knitting Yarn,40/1 Carded,FOB China,USD: 1.00000000
2025-05-19,3.19,USD/Kg,0.00,Knitting Yarn,40/1 Carded,FOB China,USD: 1.00000000
2025-05-16,3.19,USD/Kg,0.31,Knitting Yarn,40/1 Carded,FOB China,USD: 1.00000000
2025-05-15,3.18,USD/Kg,0.32,Knitting Yarn,40/1 Carded,FOB China,USD: 1.00000000
2025-05-14,3.17,USD/Kg,0.32,Knitting Yarn,40/1 Carded,FOB China,USD: 1.00000000
2025-05-13,3.16,USD/Kg,0.00,Knitting Yarn,40/1 Carded,FOB China,USD: 1.00000000
2025-05-12,3.16,USD/Kg,0.32,Knitting Yarn,40/1 Carded,FOB China,USD: 1.00000000
2025-05-09,3.15,USD/Kg,0.64,Knitting Yarn,40/1 Carded,FOB China,USD: 1.00000000
2025-05-08,3.13,USD/Kg,-3.10,Knitting Yarn,40/1 Carded,FOB China,USD: 1.00000000
2025-05-07,3.23,USD/Kg,0.62,Knitting Yarn,40/1 Carded,FOB China,USD: 1.00000000
2025-05-06,3.21,USD/Kg,0.00,Knitting Yarn,40/1 Carded,FOB China,USD: 1.00000000
2025-05-05,3.21,USD/Kg,0.00,Knitting Yarn,40/1 Carded,FOB China,USD: 1.00000000
2025-05-02,3.21,USD/Kg,0.31,Knitting Yarn,40/1 Carded,FOB China,USD: 1.00000000
2025-05-01,3.20,USD/Kg,0.00,Knitting Yarn,40/1 Carded,FOB China,USD: 1.00000000
2025-04-30,3.20,USD/Kg,0.31,Knitting Yarn,40/1 Carded,FOB China,USD: 1.00000000
2025-04-29,3.19,USD/Kg,0.31,Knitting Yarn,40/1 Carded,FOB China,USD: 1.00000000
2025-04-28,3.18,USD/Kg,0.32,Knitting Yarn,40/1 Carded,FOB China,USD: 1.00000000
2025-04-25,3.17,USD/Kg,0.00,Knitting Yarn,40/1 Carded,FOB China,USD: 1.00000000
2025-04-24,3.17,USD/Kg,-0.31,Knitting Yarn,40/1 Carded,FOB China,USD: 1.00000000
2025-04-23,3.18,USD/Kg,-0.62,Knitting Yarn,40/1 Carded,FOB China,USD: 1.00000000
2025-04-22,3.20,USD/Kg,0.31,Knitting Yarn,40/1 Carded,FOB China,USD: 1.00000000
2025-04-21,3.19,USD/Kg,0.00,Knitting Yarn,40/1 Carded,FOB China,USD: 1.00000000
2025-04-18,3.19,USD/Kg,-0.31,Knitting Yarn,40/1 Carded,FOB China,USD: 1.00000000
2025-04-17,3.20,USD/Kg,-0.31,Knitting Yarn,40/1 Carded,FOB China,USD: 1.00000000
2025-04-16,3.21,USD/Kg,0.31,Knitting Yarn,40/1 Carded,FOB China,USD: 1.00000000
2025-04-15,3.20,USD/Kg,-0.31,Knitting Yarn,40/1 Carded,FOB China,USD: 1.00000000
2025-04-14,3.21,USD/Kg,-0.31,Knitting Yarn,40/1 Carded,FOB China,USD: 1.00000000
2025-04-11,3.22,USD/Kg,-0.31,Knitting Yarn,40/1 Carded,FOB China,USD: 1.00000000
2025-04-10,3.23,USD/Kg,-0.31,Knitting Yarn,40/1 Carded,FOB China,USD: 1.00000000
2025-04-09,3.24,USD/Kg,0.31,Knitting Yarn,40/1 Carded,FOB China,USD: 1.00000000
2025-04-08,3.23,USD/Kg,0.00,Knitting Yarn,40/1 Carded,FOB China,USD: 1.00000000
2025-04-07,3.23,USD/Kg,-0.31,Knitting Yarn,40/1 Carded,FOB China,USD: 1.00000000
2025-04-04,3.24,USD/Kg,0.00,Knitting Yarn,40/1 Carded,FOB China,USD: 1.00000000
2025-04-03,3.24,USD/Kg,0.00,Knitting Yarn,40/1 Carded,FOB China,USD: 1.00000000
2025-04-02,3.24,USD/Kg,-0.31,Knitting Yarn,40/1 Carded,FOB China,USD: 1.00000000
2025-04-01,3.25,USD/Kg,0.31,Knitting Yarn,40/1 Carded,FOB China,USD: 1.00000000
2025-03-31,3.24,USD/Kg,0.31,Knitting Yarn,40/1 Carded,FOB China,USD: 1.00000000
2025-03-28,3.23,USD/Kg,-0.31,Knitting Yarn,40/1 Carded,FOB China,USD: 1.00000000
2025-03-27,3.24,USD/Kg,0.31,Knitting Yarn,40/1 Carded,FOB China,USD: 1.00000000
2025-03-26,3.23,USD/Kg,0.00,Knitting Yarn,40/1 Carded,FOB China,USD: 1.00000000
2025-03-25,3.23,USD/Kg,0.31,Knitting Yarn,40/1 Carded,FOB China,USD: 1.00000000
2025-03-24,3.22,USD/Kg,0.31,Knitting Yarn,40/1 Carded,FOB China,USD: 1.00000000
2025-03-21,3.21,USD/Kg,0.00,Knitting Yarn,40/1 Carded,FOB China,USD: 1.00000000
2025-03-20,3.21,USD/Kg,0.31,Knitting Yarn,40/1 Carded,FOB China,USD: 1.00000000
2025-03-19,3.20,USD/Kg,-0.31,Knitting Yarn,40/1 Carded,FOB China,USD: 1.00000000
2025-03-18,3.21,USD/Kg,-0.31,Knitting Yarn,40/1 Carded,FOB China,USD: 1.00000000
2025-03-17,3.22,USD/Kg,0.00,Knitting Yarn,40/1 Carded,FOB China,USD: 1.00000000
2025-03-14,3.22,USD/Kg,0.31,Knitting Yarn,40/1 Carded,FOB China,USD: 1.00000000
2025-03-13,3.21,USD/Kg,0.31,Knitting Yarn,40/1 Carded,FOB China,USD: 1.00000000
2025-03-12,3.20,USD/Kg,0.31,Knitting Yarn,40/1 Carded,FOB China,USD: 1.00000000
2025-03-11,3.19,USD/Kg,0.31,Knitting Yarn,40/1 Carded,FOB China,USD: 1.00000000
2025-03-10,3.18,USD/Kg,0.32,Knitting Yarn,40/1 Carded,FOB China,USD: 1.00000000
2025-03-07,3.17,USD/Kg,0.00,Knitting Yarn,40/1 Carded,FOB China,USD: 1.00000000
2025-03-06,3.17,USD/Kg,-0.31,Knitting Yarn,40/1 Carded,FOB China,USD: 1.00000000
2025-03-05,3.18,USD/Kg,-0.62,Knitting Yarn,40/1 Carded,FOB China,USD: 1.00000000
2025-03-04,3.20,USD/Kg,-2.74,Knitting Yarn,40/1 Carded,FOB China,USD: 1.00000000
2025-03-03,3.29,USD/Kg,0.30,Knitting Yarn,40/1 Carded,FOB China,USD: 1.00000000
2025-02-28,3.28,USD/Kg,0.00,Knitting Yarn,40/1 Carded,FOB China,USD: 1.00000000
2025-02-27,3.28,USD/Kg,0.00,Knitting Yarn,40/1 Carded,FOB China,USD: 1.00000000
2025-02-26,3.28,USD/Kg,0.31,Knitting Yarn,40/1 Carded,FOB China,USD: 1.00000000
2025-02-25,3.27,USD/Kg,-0.30,Knitting Yarn,40/1 Carded,FOB China,USD: 1.00000000
2025-02-24,3.28,USD/Kg,-0.61,Knitting Yarn,40/1 Carded,FOB China,USD: 1.00000000
2025-02-21,3.30,USD/Kg,0.30,Knitting Yarn,40/1 Carded,FOB China,USD: 1.00000000
2025-02-20,3.29,USD/Kg,0.30,Knitting Yarn,40/1 Carded,FOB China,USD: 1.00000000
2025-02-19,3.28,USD/Kg,0.31,Knitting Yarn,40/1 Carded,FOB China,USD: 1.00000000
2025-02-18,3.27,USD/Kg,0.62,Knitting Yarn,40/1 Carded,FOB China,USD: 1.00000000
2025-02-17,3.25,USD/Kg,-0.31,Knitting Yarn,40/1 Carded,FOB China,USD: 1.00000000
2025-02-14,3.26,USD/Kg,0.00,Knitting Yarn,40/1 Carded,FOB China,USD: 1.00000000
2025-02-13,3.26,USD/Kg,0.31,Knitting Yarn,40/1 Carded,FOB China,USD: 1.00000000
2025-02-12,3.25,USD/Kg,-0.31,Knitting Yarn,40/1 Carded,FOB China,USD: 1.00000000
2025-02-11,3.26,USD/Kg,-0.31,Knitting Yarn,40/1 Carded,FOB China,USD: 1.00000000
2025-02-10,3.27,USD/Kg,-0.30,Knitting Yarn,40/1 Carded,FOB China,USD: 1.00000000
2025-02-07,3.28,USD/Kg,0.00,Knitting Yarn,40/1 Carded,FOB China,USD: 1.00000000
2025-02-06,3.28,USD/Kg,0.00,Knitting Yarn,40/1 Carded,FOB China,USD: 1.00000000
2025-02-05,3.28,USD/Kg,0.00,Knitting Yarn,40/1 Carded,FOB China,USD: 1.00000000
2025-02-04,3.28,USD/Kg,0.00,Knitting Yarn,40/1 Carded,FOB China,USD: 1.00000000
2025-02-03,3.28,USD/Kg,-0.30,Knitting Yarn,40/1 Carded,FOB China,USD: 1.00000000
2025-01-31,3.29,USD/Kg,0.00,Knitting Yarn,40/1 Carded,FOB China,USD: 1.00000000
2025-01-30,3.29,USD/Kg,-0.30,Knitting Yarn,40/1 Carded,FOB China,USD: 1.00000000
2025-01-29,3.30,USD/Kg,-2.37,Knitting Yarn,40/1 Carded,FOB China,USD: 1.00000000
2025-01-28,3.38,USD/Kg,-0.29,Knitting Yarn,40/1 Carded,FOB China,USD: 1.00000000
2025-01-27,3.39,USD/Kg,-0.29,Knitting Yarn,40/1 Carded,FOB China,USD: 1.00000000
2025-01-24,3.40,USD/Kg,0.29,Knitting Yarn,40/1 Carded,FOB China,USD: 1.00000000
2025-01-23,3.39,USD/Kg,0.59,Knitting Yarn,40/1 Carded,FOB China,USD: 1.00000000
2025-01-22,3.37,USD/Kg,0.00,Knitting Yarn,40/1 Carded,FOB China,USD: 1.00000000
2025-01-21,3.37,USD/Kg,0.00,Knitting Yarn,40/1 Carded,FOB China,USD: 1.00000000
2025-01-20,3.37,USD/Kg,0.00,Knitting Yarn,40/1 Carded,FOB China,USD: 1.00000000
2025-01-17,3.37,USD/Kg,0.30,Knitting Yarn,40/1 Carded,FOB China,USD: 1.00000000
2025-01-16,3.36,USD/Kg,-0.30,Knitting Yarn,40/1 Carded,FOB China,USD: 1.00000000
2025-01-15,3.37,USD/Kg,-0.30,Knitting Yarn,40/1 Carded,FOB China,USD: 1.00000000
2025-01-14,3.38,USD/Kg,0.30,Knitting Yarn,40/1 Carded,FOB China,USD: 1.00000000
2025-01-13,3.37,USD/Kg,0.00,Knitting Yarn,40/1 Carded,FOB China,USD: 1.00000000
2025-01-10,3.37,USD/Kg,0.30,Knitting Yarn,40/1 Carded,FOB China,USD: 1.00000000
2025-01-09,3.36,USD/Kg,0.00,Knitting Yarn,40/1 Carded,FOB China,USD: 1.00000000
2025-01-08,3.36,USD/Kg,-0.30,Knitting Yarn,40/1 Carded,FOB China,USD: 1.00000000
2025-01-07,3.37,USD/Kg,-0.30,Knitting Yarn,40/1 Carded,FOB China,USD: 1.00000000
2025-01-06,3.38,USD/Kg,0.00,Knitting Yarn,40/1 Carded,FOB China,USD: 1.00000000
2025-01-03,3.38,USD/Kg,0.30,Knitting Yarn,40/1 Carded,FOB China,USD: 1.00000000
2025-01-02,3.37,USD/Kg,0.30,Knitting Yarn,40/1 Carded,FOB China,USD: 1.00000000
2025-01-01,3.36,USD/Kg,0.30,Knitting Yarn,40/1 Carded,FOB China,USD: 1.00000000
2024-12-31,3.35,USD/Kg,-0.30,Knitting Yarn,40/1 Carded,FOB China,USD: 1.00000000
2024-12-30,3.36,USD/Kg,-1.18,Knitting Yarn,40/1 Carded,FOB China,USD: 1.00000000
2024-12-27,3.40,USD/Kg,0.29,Knitting Yarn,40/1 Carded,FOB China,USD: 1.00000000
2024-12-26,3.39,USD/Kg,0.30,Knitting Yarn,40/1 Carded,FOB China,USD: 1.00000000
2024-12-25,3.38,USD/Kg,0.30,Knitting Yarn,40/1 Carded,FOB China,USD: 1.00000000
2024-12-24,3.37,USD/Kg,0.00,Knitting Yarn,40/1 Carded,FOB China,USD: 1.00000000
2024-12-23,3.37,USD/Kg,0.30,Knitting Yarn,40/1 Carded,FOB China,USD: 1.00000000
2024-12-20,3.36,USD/Kg,0.30,Knitting Yarn,40/1 Carded,FOB China,USD: 1.00000000
2024-12-19,3.35,USD/Kg,0.30,Knitting Yarn,40/1 Carded,FOB China,USD: 1.00000000
2024-12-18,3.34,USD/Kg,0.00,Knitting Yarn,40/1 Carded,FOB China,USD: 1.00000000
2024-12-17,3.34,USD/Kg,-0.30,Knitting Yarn,40/1 Carded,FOB China,USD: 1.00000000
2024-12-16,3.35,USD/Kg,0.00,Knitting Yarn,40/1 Carded,FOB China,USD: 1.00000000
2024-12-13,3.35,USD/Kg,0.00,Knitting Yarn,40/1 Carded,FOB China,USD: 1.00000000
2024-12-12,3.35,USD/Kg,0.30,Knitting Yarn,40/1 Carded,FOB China,USD: 1.00000000
2024-12-11,3.34,USD/Kg,0.00,Knitting Yarn,40/1 Carded,FOB China,USD: 1.00000000
2024-12-10,3.34,USD/Kg,0.60,Knitting Yarn,40/1 Carded,FOB China,USD: 1.00000000
2024-12-09,3.32,USD/Kg,0.30,Knitting Yarn,40/1 Carded,FOB China,USD: 1.00000000
2024-12-06,3.31,USD/Kg,-2.36,Knitting Yarn,40/1 Carded,FOB China,USD: 1.00000000
2024-12-05,3.39,USD/Kg,0.00,Knitting Yarn,40/1 Carded,FOB China,USD: 1.00000000
2024-12-04,3.39,USD/Kg,-0.59,Knitting Yarn,40/1 Carded,FOB China,USD: 1.00000000
2024-12-03,3.41,USD/Kg,-1.45,Knitting Yarn,40/1 Carded,FOB China,USD: 1.00000000
2024-12-02,3.46,USD/Kg,0.29,Knitting Yarn,40/1 Carded,FOB China,USD: 1.00000000
2024-11-29,3.45,USD/Kg,0.29,Knitting Yarn,40/1 Carded,FOB China,USD: 1.00000000
2024-11-28,3.44,USD/Kg,0.29,Knitting Yarn,40/1 Carded,FOB China,USD: 1.00000000
2024-11-27,3.43,USD/Kg,-0.29,Knitting Yarn,40/1 Carded,FOB China,USD: 1.00000000
2024-11-26,3.44,USD/Kg,-0.86,Knitting Yarn,40/1 Carded,FOB China,USD: 1.00000000
2024-11-25,3.47,USD/Kg,0.29,Knitting Yarn,40/1 Carded,FOB China,USD: 1.00000000
2024-11-22,3.46,USD/Kg,-0.29,Knitting Yarn,40/1 Carded,FOB China,USD: 1.00000000
2024-11-21,3.47,USD/Kg,0.29,Knitting Yarn,40/1 Carded,FOB China,USD: 1.00000000
2024-11-20,3.46,USD/Kg,0.29,Knitting Yarn,40/1 Carded,FOB China,USD: 1.00000000
2024-11-19,3.45,USD/Kg,0.29,Knitting Yarn,40/1 Carded,FOB China,USD: 1.00000000
2024-11-18,3.44,USD/Kg,0.29,Knitting Yarn,40/1 Carded,FOB China,USD: 1.00000000
2024-11-15,3.43,USD/Kg,0.29,Knitting Yarn,40/1 Carded,FOB China,USD: 1.00000000
2024-11-14,3.42,USD/Kg,-0.29,Knitting Yarn,40/1 Carded,FOB China,USD: 1.00000000
2024-11-13,3.43,USD/Kg,-0.29,Knitting Yarn,40/1 Carded,FOB China,USD: 1.00000000
2024-11-12,3.44,USD/Kg,0.29,Knitting Yarn,40/1 Carded,FOB China,USD: 1.00000000
2024-11-11,3.43,USD/Kg,0.00,Knitting Yarn,40/1 Carded,FOB China,USD: 1.00000000
2024-11-08,3.43,USD/Kg,-0.29,Knitting Yarn,40/1 Carded,FOB China,USD: 1.00000000
2024-11-07,3.44,USD/Kg,0.29,Knitting Yarn,40/1 Carded,FOB China,USD: 1.00000000
2024-11-06,3.43,USD/Kg,0.29,Knitting Yarn,40/1 Carded,FOB China,USD: 1.00000000
2024-11-05,3.42,USD/Kg,0.00,Knitting Yarn,40/1 Carded,FOB China,USD: 1.00000000
2024-11-04,3.42,USD/Kg,0.00,Knitting Yarn,40/1 Carded,FOB China,USD: 1.00000000
2024-11-01,3.42,USD/Kg,0.29,Knitting Yarn,40/1 Carded,FOB China,USD: 1.00000000
2024-10-31,3.41,USD/Kg,-0.87,Knitting Yarn,40/1 Carded,FOB China,USD: 1.00000000
2024-10-30,3.44,USD/Kg,0.29,Knitting Yarn,40/1 Carded,FOB China,USD: 1.00000000
2024-10-29,3.43,USD/Kg,0.00,Knitting Yarn,40/1 Carded,FOB China,USD: 1.00000000
2024-10-28,3.43,USD/Kg,-0.29,Knitting Yarn,40/1 Carded,FOB China,USD: 1.00000000
2024-10-25,3.44,USD/Kg,0.29,Knitting Yarn,40/1 Carded,FOB China,USD: 1.00000000
2024-10-24,3.43,USD/Kg,0.00,Knitting Yarn,40/1 Carded,FOB China,USD: 1.00000000
2024-10-23,3.43,USD/Kg,0.00,Knitting Yarn,40/1 Carded,FOB China,USD: 1.00000000
2024-10-22,3.43,USD/Kg,0.29,Knitting Yarn,40/1 Carded,FOB China,USD: 1.00000000
2024-10-21,3.42,USD/Kg,0.00,Knitting Yarn,40/1 Carded,FOB China,USD: 1.00000000
2024-10-18,3.42,USD/Kg,0.00,Knitting Yarn,40/1 Carded,FOB China,USD: 1.00000000
2024-10-17,3.42,USD/Kg,-0.29,Knitting Yarn,40/1 Carded,FOB China,USD: 1.00000000
2024-10-16,3.43,USD/Kg,-0.29,Knitting Yarn,40/1 Carded,FOB China,USD: 1.00000000
2024-10-15,3.44,USD/Kg,0.88,Knitting Yarn,40/1 Carded,FOB China,USD: 1.00000000
2024-10-14,3.41,USD/Kg,-0.29,Knitting Yarn,40/1 Carded,FOB China,USD: 1.00000000
2024-10-11,3.42,USD/Kg,-0.29,Knitting Yarn,40/1 Carded,FOB China,USD: 1.00000000
2024-10-10,3.43,USD/Kg,-0.29,Knitting Yarn,40/1 Carded,FOB China,USD: 1.00000000
2024-10-09,3.44,USD/Kg,0.29,Knitting Yarn,40/1 Carded,FOB China,USD: 1.00000000
2024-10-08,3.43,USD/Kg,0.00,Knitting Yarn,40/1 Carded,FOB China,USD: 1.00000000
2024-10-07,3.43,USD/Kg,-0.29,Knitting Yarn,40/1 Carded,FOB China,USD: 1.00000000
2024-10-04,3.44,USD/Kg,-1.43,Knitting Yarn,40/1 Carded,FOB China,USD: 1.00000000
2024-10-03,3.49,USD/Kg,0.00,Knitting Yarn,40/1 Carded,FOB China,USD: 1.00000000
2024-10-02,3.49,USD/Kg,-0.29,Knitting Yarn,40/1 Carded,FOB China,USD: 1.00000000
2024-10-01,3.50,USD/Kg,0.29,Knitting Yarn,40/1 Carded,FOB China,USD: 1.00000000
2024-09-30,3.49,USD/Kg,0.87,Knitting Yarn,40/1 Carded,FOB China,USD: 1.00000000
2024-09-27,3.46,USD/Kg,0.29,Knitting Yarn,40/1 Carded,FOB China,USD: 1.00000000
2024-09-26,3.45,USD/Kg,0.00,Knitting Yarn,40/1 Carded,FOB China,USD: 1.00000000
2024-09-25,3.45,USD/Kg,0.58,Knitting Yarn,40/1 Carded,FOB China,USD: 1.00000000
2024-09-24,3.43,USD/Kg,-0.58,Knitting Yarn,40/1 Carded,FOB China,USD: 1.00000000
2024-09-23,3.45,USD/Kg,-0.58,Knitting Yarn,40/1 Carded,FOB China,USD: 1.00000000
2024-09-20,3.47,USD/Kg,-0.29,Knitting Yarn,40/1 Carded,FOB China,USD: 1.00000000
2024-09-19,3.48,USD/Kg,0.00,Knitting Yarn,40/1 Carded,FOB China,USD: 1.00000000
2024-09-18,3.48,USD/Kg,0.29,Knitting Yarn,40/1 Carded,FOB China,USD: 1.00000000
2024-09-17,3.47,USD/Kg,0.00,Knitting Yarn,40/1 Carded,FOB China,USD: 1.00000000
2024-09-16,3.47,USD/Kg,0.00,Knitting Yarn,40/1 Carded,FOB China,USD: 1.00000000
2024-09-13,3.47,USD/Kg,0.00,Knitting Yarn,40/1 Carded,FOB China,USD: 1.00000000
2024-09-12,3.47,USD/Kg,-0.29,Knitting Yarn,40/1 Carded,FOB China,USD: 1.00000000
2024-09-11,3.48,USD/Kg,0.29,Knitting Yarn,40/1 Carded,FOB China,USD: 1.00000000
2024-09-10,3.47,USD/Kg,0.00,Knitting Yarn,40/1 Carded,FOB China,USD: 1.00000000
2024-09-09,3.47,USD/Kg,0.00,Knitting Yarn,40/1 Carded,FOB China,USD: 1.00000000
2024-09-06,3.47,USD/Kg,-0.29,Knitting Yarn,40/1 Carded,FOB China,USD: 1.00000000
2024-09-05,3.48,USD/Kg,-0.29,Knitting Yarn,40/1 Carded,FOB China,USD: 1.00000000
2024-09-04,3.49,USD/Kg,0.29,Knitting Yarn,40/1 Carded,FOB China,USD: 1.00000000
2024-09-03,3.48,USD/Kg,0.29,Knitting Yarn,40/1 Carded,FOB China,USD: 1.00000000
2024-09-02,3.47,USD/Kg,0.58,Knitting Yarn,40/1 Carded,FOB China,USD: 1.00000000
2024-08-30,3.45,USD/Kg,0.29,Knitting Yarn,40/1 Carded,FOB China,USD: 1.00000000
2024-08-29,3.44,USD/Kg,-0.29,Knitting Yarn,40/1 Carded,FOB China,USD: 1.00000000
2024-08-28,3.45,USD/Kg,0.29,Knitting Yarn,40/1 Carded,FOB China,USD: 1.00000000
2024-08-27,3.44,USD/Kg,0.00,Knitting Yarn,40/1 Carded,FOB China,USD: 1.00000000
2024-08-26,3.44,USD/Kg,0.29,Knitting Yarn,40/1 Carded,FOB China,USD: 1.00000000
2024-08-23,3.43,USD/Kg,0.29,Knitting Yarn,40/1 Carded,FOB China,USD: 1.00000000
2024-08-22,3.42,USD/Kg,0.29,Knitting Yarn,40/1 Carded,FOB China,USD: 1.00000000
2024-08-21,3.41,USD/Kg,0.29,Knitting Yarn,40/1 Carded,FOB China,USD: 1.00000000
2024-08-20,3.40,USD/Kg,-0.29,Knitting Yarn,40/1 Carded,FOB China,USD: 1.00000000
2024-08-19,3.41,USD/Kg,0.00,Knitting Yarn,40/1 Carded,FOB China,USD: 1.00000000
2024-08-16,3.41,USD/Kg,0.29,Knitting Yarn,40/1 Carded,FOB China,USD: 1.00000000
2024-08-15,3.40,USD/Kg,0.29,Knitting Yarn,40/1 Carded,FOB China,USD: 1.00000000
2024-08-14,3.39,USD/Kg,0.30,Knitting Yarn,40/1 Carded,FOB China,USD: 1.00000000
2024-08-13,3.38,USD/Kg,0.30,Knitting Yarn,40/1 Carded,FOB China,USD: 1.00000000
2024-08-12,3.37,USD/Kg,0.60,Knitting Yarn,40/1 Carded,FOB China,USD: 1.00000000
2024-08-09,3.35,USD/Kg,0.30,Knitting Yarn,40/1 Carded,FOB China,USD: 1.00000000
2024-08-08,3.34,USD/Kg,-0.30,Knitting Yarn,40/1 Carded,FOB China,USD: 1.00000000
2024-08-07,3.35,USD/Kg,0.00,Knitting Yarn,40/1 Carded,FOB China,USD: 1.00000000
2024-08-06,3.35,USD/Kg,-0.30,Knitting Yarn,40/1 Carded,FOB China,USD: 1.00000000
2024-08-05,3.36,USD/Kg,0.60,Knitting Yarn,40/1 Carded,FOB China,USD: 1.00000000
2024-08-02,3.34,USD/Kg,-0.30,Knitting Yarn,40/1 Carded,FOB China,USD: 1.00000000
2024-08-01,3.35,USD/Kg,0.30,Knitting Yarn,40/1 Carded,FOB China,USD: 1.00000000
2024-07-31,3.34,USD/Kg,0.00,Knitting Yarn,40/1 Carded,FOB China,USD: 1.00000000
2024-07-30,3.34,USD/Kg,0.30,Knitting Yarn,40/1 Carded,FOB China,USD: 1.00000000
2024-07-29,3.33,USD/Kg,0.30,Knitting Yarn,40/1 Carded,FOB China,USD: 1.00000000
2024-07-26,3.32,USD/Kg,0.00,Knitting Yarn,40/1 Carded,FOB China,USD: 1.00000000
2024-07-25,3.32,USD/Kg,-0.30,Knitting Yarn,40/1 Carded,FOB China,USD: 1.00000000
2024-07-24,3.33,USD/Kg,0.30,Knitting Yarn,40/1 Carded,FOB China,USD: 1.00000000
2024-07-23,3.32,USD/Kg,0.30,Knitting Yarn,40/1 Carded,FOB China,USD: 1.00000000
2024-07-22,3.31,USD/Kg,0.30,Knitting Yarn,40/1 Carded,FOB China,USD: 1.00000000
2024-07-19,3.30,USD/Kg,0.00,Knitting Yarn,40/1 Carded,FOB China,USD: 1.00000000
2024-07-18,3.30,USD/Kg,0.30,Knitting Yarn,40/1 Carded,FOB China,USD: 1.00000000
2024-07-17,3.29,USD/Kg,-0.30,Knitting Yarn,40/1 Carded,FOB China,USD: 1.00000000
2024-07-16,3.30,USD/Kg,-0.30,Knitting Yarn,40/1 Carded,FOB China,USD: 1.00000000
2024-07-15,3.31,USD/Kg,-0.30,Knitting Yarn,40/1 Carded,FOB China,USD: 1.00000000
2024-07-12,3.32,USD/Kg,0.30,Knitting Yarn,40/1 Carded,FOB China,USD: 1.00000000
2024-07-11,3.31,USD/Kg,-0.30,Knitting Yarn,40/1 Carded,FOB China,USD: 1.00000000
2024-07-10,3.32,USD/Kg,0.00,Knitting Yarn,40/1 Carded,FOB China,USD: 1.00000000
2024-07-09,3.32,USD/Kg,0.00,Knitting Yarn,40/1 Carded,FOB China,USD: 1.00000000
2024-07-08,3.32,USD/Kg,0.00,Knitting Yarn,40/1 Carded,FOB China,USD: 1.00000000
2024-07-05,3.32,USD/Kg,0.30,Knitting Yarn,40/1 Carded,FOB China,USD: 1.00000000
2024-07-04,3.31,USD/Kg,0.61,Knitting Yarn,40/1 Carded,FOB China,USD: 1.00000000
2024-07-03,3.29,USD/Kg,0.00,Knitting Yarn,40/1 Carded,FOB China,USD: 1.00000000
2024-07-02,3.29,USD/Kg,0.00,Knitting Yarn,40/1 Carded,FOB China,USD: 1.00000000
2024-07-01,3.29,USD/Kg,-0.30,Knitting Yarn,40/1 Carded,FOB China,USD: 1.00000000
2024-06-28,3.30,USD/Kg,0.30,Knitting Yarn,40/1 Carded,FOB China,USD: 1.00000000
2024-06-27,3.29,USD/Kg,-0.30,Knitting Yarn,40/1 Carded,FOB China,USD: 1.00000000
2024-06-26,3.30,USD/Kg,0.00,Knitting Yarn,40/1 Carded,FOB China,USD: 1.00000000
2024-06-25,3.30,USD/Kg,0.00,Knitting Yarn,40/1 Carded,FOB China,USD: 1.00000000
2024-06-24,3.30,USD/Kg,0.00,Knitting Yarn,40/1 Carded,FOB China,USD: 1.00000000
2024-06-21,3.30,USD/Kg,0.00,Knitting Yarn,40/1 Carded,FOB China,USD: 1.00000000
2024-06-20,3.30,USD/Kg,0.30,Knitting Yarn,40/1 Carded,FOB China,USD: 1.00000000
2024-06-19,3.29,USD/Kg,0.00,Knitting Yarn,40/1 Carded,FOB China,USD: 1.00000000
2024-06-18,3.29,USD/Kg,0.00,Knitting Yarn,40/1 Carded,FOB China,USD: 1.00000000
2024-06-17,3.29,USD/Kg,0.00,Knitting Yarn,40/1 Carded,FOB China,USD: 1.00000000
2024-06-14,3.29,USD/Kg,-0.30,Knitting Yarn,40/1 Carded,FOB China,USD: 1.00000000
2024-06-13,3.30,USD/Kg,-0.30,Knitting Yarn,40/1 Carded,FOB China,USD: 1.00000000
2024-06-12,3.31,USD/Kg,0.30,Knitting Yarn,40/1 Carded,FOB China,USD: 1.00000000
2024-06-11,3.30,USD/Kg,-0.30,Knitting Yarn,40/1 Carded,FOB China,USD: 1.00000000
2024-06-10,3.31,USD/Kg,0.30,Knitting Yarn,40/1 Carded,FOB China,USD: 1.00000000
2024-06-07,3.30,USD/Kg,0.00,Knitting Yarn,40/1 Carded,FOB China,USD: 1.00000000
2024-06-06,3.30,USD/Kg,0.00,Knitting Yarn,40/1 Carded,FOB China,USD: 1.00000000
2024-06-05,3.30,USD/Kg,0.30,Knitting Yarn,40/1 Carded,FOB China,USD: 1.00000000
2024-06-04,3.29,USD/Kg,0.00,Knitting Yarn,40/1 Carded,FOB China,USD: 1.00000000
2024-06-03,3.29,USD/Kg,0.00,Knitting Yarn,40/1 Carded,FOB China,USD: 1.00000000
2024-05-31,3.29,USD/Kg,-0.30,Knitting Yarn,40/1 Carded,FOB China,USD: 1.00000000
2024-05-30,3.30,USD/Kg,-2.08,Knitting Yarn,40/1 Carded,FOB China,USD: 1.00000000
2024-05-29,3.37,USD/Kg,0.30,Knitting Yarn,40/1 Carded,FOB China,USD: 1.00000000
2024-05-28,3.36,USD/Kg,0.60,Knitting Yarn,40/1 Carded,FOB China,USD: 1.00000000
2024-05-27,3.34,USD/Kg,-0.30,Knitting Yarn,40/1 Carded,FOB China,USD: 1.00000000
2024-05-24,3.35,USD/Kg,-0.30,Knitting Yarn,40/1 Carded,FOB China,USD: 1.00000000
2024-05-23,3.36,USD/Kg,-0.88,Knitting Yarn,40/1 Carded,FOB China,USD: 1.00000000
2024-05-22,3.39,USD/Kg,0.00,Knitting Yarn,40/1 Carded,FOB China,USD: 1.00000000
2024-05-21,3.39,USD/Kg,0.30,Knitting Yarn,40/1 Carded,FOB China,USD: 1.00000000
2024-05-20,3.38,USD/Kg,-2.03,Knitting Yarn,40/1 Carded,FOB China,USD: 1.00000000
2024-05-17,3.45,USD/Kg,0.00,Knitting Yarn,40/1 Carded,FOB China,USD: 1.00000000
2024-05-16,3.45,USD/Kg,0.29,Knitting Yarn,40/1 Carded,FOB China,USD: 1.00000000
2024-05-15,3.44,USD/Kg,0.00,Knitting Yarn,40/1 Carded,FOB China,USD: 1.00000000
2024-05-14,3.44,USD/Kg,-0.29,Knitting Yarn,40/1 Carded,FOB China,USD: 1.00000000
2024-05-13,3.45,USD/Kg,-0.29,Knitting Yarn,40/1 Carded,FOB China,USD: 1.00000000
2024-05-10,3.46,USD/Kg,0.29,Knitting Yarn,40/1 Carded,FOB China,USD: 1.00000000
2024-05-09,3.45,USD/Kg,0.58,Knitting Yarn,40/1 Carded,FOB China,USD: 1.00000000
2024-05-08,3.43,USD/Kg,0.29,Knitting Yarn,40/1 Carded,FOB China,USD: 1.00000000
2024-05-07,3.42,USD/Kg,-0.29,Knitting Yarn,40/1 Carded,FOB China,USD: 1.00000000
2024-05-06,3.43,USD/Kg,0.00,Knitting Yarn,40/1 Carded,FOB China,USD: 1.00000000
2024-05-03,3.43,USD/Kg,0.00,Knitting Yarn,40/1 Carded,FOB China,USD: 1.00000000
2024-05-02,3.43,USD/Kg,-0.29,Knitting Yarn,40/1 Carded,FOB China,USD: 1.00000000
2024-05-01,3.44,USD/Kg,0.29,Knitting Yarn,40/1 Carded,FOB China,USD: 1.00000000
2024-04-30,3.43,USD/Kg,0.29,Knitting Yarn,40/1 Carded,FOB China,USD: 1.00000000
2024-04-29,3.42,USD/Kg,0.29,Knitting Yarn,40/1 Carded,FOB China,USD: 1.00000000
2024-04-26,3.41,USD/Kg,0.29,Knitting Yarn,40/1 Carded,FOB China,USD: 1.00000000
2024-04-25,3.40,USD/Kg,0.00,Knitting Yarn,40/1 Carded,FOB China,USD: 1.00000000
2024-04-24,3.40,USD/Kg,0.00,Knitting Yarn,40/1 Carded,FOB China,USD: 1.00000000
2024-04-23,3.40,USD/Kg,0.00,Knitting Yarn,40/1 Carded,FOB China,USD: 1.00000000
2024-04-22,3.40,USD/Kg,0.00,Knitting Yarn,40/1 Carded,FOB China,USD: 1.00000000
2024-04-19,3.40,USD/Kg,-0.29,Knitting Yarn,40/1 Carded,FOB China,USD: 1.00000000
2024-04-18,3.41,USD/Kg,0.00,Knitting Yarn,40/1 Carded,FOB China,USD: 1.00000000
2024-04-17,3.41,USD/Kg,-0.29,Knitting Yarn,40/1 Carded,FOB China,USD: 1.00000000
2024-04-16,3.42,USD/Kg,0.00,Knitting Yarn,40/1 Carded,FOB China,USD: 1.00000000
2024-04-15,3.42,USD/Kg,-0.29,Knitting Yarn,40/1 Carded,FOB China,USD: 1.00000000
2024-04-12,3.43,USD/Kg,-0.29,Knitting Yarn,40/1 Carded,FOB China,USD: 1.00000000
2024-04-11,3.44,USD/Kg,-0.29,Knitting Yarn,40/1 Carded,FOB China,USD: 1.00000000
2024-04-10,3.45,USD/Kg,-0.29,Knitting Yarn,40/1 Carded,FOB China,USD: 1.00000000
2024-04-09,3.46,USD/Kg,0.00,Knitting Yarn,40/1 Carded,FOB China,USD: 1.00000000
2024-04-08,3.46,USD/Kg,-0.29,Knitting Yarn,40/1 Carded,FOB China,USD: 1.00000000
2024-04-05,3.47,USD/Kg,0.00,Knitting Yarn,40/1 Carded,FOB China,USD: 1.00000000
2024-04-04,3.47,USD/Kg,-0.29,Knitting Yarn,40/1 Carded,FOB China,USD: 1.00000000
2024-04-03,3.48,USD/Kg,0.29,Knitting Yarn,40/1 Carded,FOB China,USD: 1.00000000
2024-04-02,3.47,USD/Kg,0.00,Knitting Yarn,40/1 Carded,FOB China,USD: 1.00000000
2024-04-01,3.47,USD/Kg,-0.57,Knitting Yarn,40/1 Carded,FOB China,USD: 1.00000000
2024-03-29,3.49,USD/Kg,0.29,Knitting Yarn,40/1 Carded,FOB China,USD: 1.00000000
2024-03-28,3.48,USD/Kg,0.29,Knitting Yarn,40/1 Carded,FOB China,USD: 1.00000000
2024-03-27,3.47,USD/Kg,1.76,Knitting Yarn,40/1 Carded,FOB China,USD: 1.00000000
2024-03-26,3.41,USD/Kg,0.29,Knitting Yarn,40/1 Carded,FOB China,USD: 1.00000000
2024-03-25,3.40,USD/Kg,-0.29,Knitting Yarn,40/1 Carded,FOB China,USD: 1.00000000
2024-03-22,3.41,USD/Kg,-0.29,Knitting Yarn,40/1 Carded,FOB China,USD: 1.00000000
2024-03-21,3.42,USD/Kg,-0.29,Knitting Yarn,40/1 Carded,FOB China,USD: 1.00000000
2024-03-20,3.43,USD/Kg,0.00,Knitting Yarn,40/1 Carded,FOB China,USD: 1.00000000
2024-03-19,3.43,USD/Kg,-0.29,Knitting Yarn,40/1 Carded,FOB China,USD: 1.00000000
2024-03-18,3.44,USD/Kg,-0.29,Knitting Yarn,40/1 Carded,FOB China,USD: 1.00000000
2024-03-15,3.45,USD/Kg,-0.29,Knitting Yarn,40/1 Carded,FOB China,USD: 1.00000000
2024-03-14,3.46,USD/Kg,-0.86,Knitting Yarn,40/1 Carded,FOB China,USD: 1.00000000
2024-03-13,3.49,USD/Kg,0.58,Knitting Yarn,40/1 Carded,FOB China,USD: 1.00000000
2024-03-12,3.47,USD/Kg,-0.29,Knitting Yarn,40/1 Carded,FOB China,USD: 1.00000000
2024-03-11,3.48,USD/Kg,0.00,Knitting Yarn,40/1 Carded,FOB China,USD: 1.00000000
2024-03-08,3.48,USD/Kg,1.46,Knitting Yarn,40/1 Carded,FOB China,USD: 1.00000000
2024-03-07,3.43,USD/Kg,0.00,Knitting Yarn,40/1 Carded,FOB China,USD: 1.00000000
2024-03-06,3.43,USD/Kg,0.29,Knitting Yarn,40/1 Carded,FOB China,USD: 1.00000000
2024-03-05,3.42,USD/Kg,0.00,Knitting Yarn,40/1 Carded,FOB China,USD: 1.00000000
2024-03-04,3.42,USD/Kg,0.00,Knitting Yarn,40/1 Carded,FOB China,USD: 1.00000000
2024-03-01,3.42,USD/Kg,-0.29,Knitting Yarn,40/1 Carded,FOB China,USD: 1.00000000
2024-02-29,3.43,USD/Kg,0.00,Knitting Yarn,40/1 Carded,FOB China,USD: 1.00000000
2024-02-28,3.43,USD/Kg,0.29,Knitting Yarn,40/1 Carded,FOB China,USD: 1.00000000
2024-02-27,3.42,USD/Kg,0.00,Knitting Yarn,40/1 Carded,FOB China,USD: 1.00000000
2024-02-26,3.42,USD/Kg,-1.16,Knitting Yarn,40/1 Carded,FOB China,USD: 1.00000000
2024-02-23,3.46,USD/Kg,0.00,Knitting Yarn,40/1 Carded,FOB China,USD: 1.00000000
2024-02-22,3.46,USD/Kg,0.29,Knitting Yarn,40/1 Carded,FOB China,USD: 1.00000000
2024-02-21,3.45,USD/Kg,0.00,Knitting Yarn,40/1 Carded,FOB China,USD: 1.00000000
2024-02-20,3.45,USD/Kg,0.29,Knitting Yarn,40/1 Carded,FOB China,USD: 1.00000000
2024-02-19,3.44,USD/Kg,-0.29,Knitting Yarn,40/1 Carded,FOB China,USD: 1.00000000
2024-02-16,3.45,USD/Kg,-0.29,Knitting Yarn,40/1 Carded,FOB China,USD: 1.00000000
2024-02-15,3.46,USD/Kg,0.58,Knitting Yarn,40/1 Carded,FOB China,USD: 1.00000000
2024-02-14,3.44,USD/Kg,-0.29,Knitting Yarn,40/1 Carded,FOB China,USD: 1.00000000
2024-02-13,3.45,USD/Kg,0.00,Knitting Yarn,40/1 Carded,FOB China,USD: 1.00000000
2024-02-12,3.45,USD/Kg,-0.29,Knitting Yarn,40/1 Carded,FOB China,USD: 1.00000000
2024-02-09,3.46,USD/Kg,0.00,Knitting Yarn,40/1 Carded,FOB China,USD: 1.00000000
2024-02-08,3.46,USD/Kg,0.29,Knitting Yarn,40/1 Carded,FOB China,USD: 1.00000000
2024-02-07,3.45,USD/Kg,0.00,Knitting Yarn,40/1 Carded,FOB China,USD: 1.00000000
2024-02-06,3.45,USD/Kg,0.00,Knitting Yarn,40/1 Carded,FOB China,USD: 1.00000000
2024-02-05,3.45,USD/Kg,0.29,Knitting Yarn,40/1 Carded,FOB China,USD: 1.00000000
2024-02-02,3.44,USD/Kg,-0.29,Knitting Yarn,40/1 Carded,FOB China,USD: 1.00000000
2024-02-01,3.45,USD/Kg,-0.29,Knitting Yarn,40/1 Carded,FOB China,USD: 1.00000000
2024-01-31,3.46,USD/Kg,0.29,Knitting Yarn,40/1 Carded,FOB China,USD: 1.00000000
2024-01-30,3.45,USD/Kg,0.29,Knitting Yarn,40/1 Carded,FOB China,USD: 1.00000000
2024-01-29,3.44,USD/Kg,0.29,Knitting Yarn,40/1 Carded,FOB China,USD: 1.00000000
2024-01-26,3.43,USD/Kg,0.29,Knitting Yarn,40/1 Carded,FOB China,USD: 1.00000000
2024-01-25,3.42,USD/Kg,0.00,Knitting Yarn,40/1 Carded,FOB China,USD: 1.00000000
2024-01-24,3.42,USD/Kg,-0.29,Knitting Yarn,40/1 Carded,FOB China,USD: 1.00000000
2024-01-23,3.43,USD/Kg,0.29,Knitting Yarn,40/1 Carded,FOB China,USD: 1.00000000
2024-01-22,3.42,USD/Kg,-0.29,Knitting Yarn,40/1 Carded,FOB China,USD: 1.00000000
2024-01-19,3.43,USD/Kg,0.00,Knitting Yarn,40/1 Carded,FOB China,USD: 1.00000000
2024-01-18,3.43,USD/Kg,0.00,Knitting Yarn,40/1 Carded,FOB China,USD: 1.00000000
2024-01-17,3.43,USD/Kg,0.29,Knitting Yarn,40/1 Carded,FOB China,USD: 1.00000000
2024-01-16,3.42,USD/Kg,0.29,Knitting Yarn,40/1 Carded,FOB China,USD: 1.00000000
2024-01-15,3.41,USD/Kg,0.00,Knitting Yarn,40/1 Carded,FOB China,USD: 1.00000000
2024-01-12,3.41,USD/Kg,0.29,Knitting Yarn,40/1 Carded,FOB China,USD: 1.00000000
2024-01-11,3.40,USD/Kg,-0.58,Knitting Yarn,40/1 Carded,FOB China,USD: 1.00000000
2024-01-10,3.42,USD/Kg,-0.29,Knitting Yarn,40/1 Carded,FOB China,USD: 1.00000000
2024-01-09,3.43,USD/Kg,1.18,Knitting Yarn,40/1 Carded,FOB China,USD: 1.00000000
2024-01-08,3.39,USD/Kg,-0.29,Knitting Yarn,40/1 Carded,FOB China,USD: 1.00000000
2024-01-05,3.40,USD/Kg,-0.29,Knitting Yarn,40/1 Carded,FOB China,USD: 1.00000000
2024-01-04,3.41,USD/Kg,0.29,Knitting Yarn,40/1 Carded,FOB China,USD: 1.00000000
2024-01-03,3.40,USD/Kg,-0.29,Knitting Yarn,40/1 Carded,FOB China,USD: 1.00000000
2024-01-02,3.41,USD/Kg,-0.29,Knitting Yarn,40/1 Carded,FOB China,USD: 1.00000000
2024-01-01,3.42,USD/Kg,-0.29,Knitting Yarn,40/1 Carded,FOB China,USD: 1.00000000
2023-12-29,3.43,USD/Kg,0.00,Knitting Yarn,40/1 Carded,FOB China,USD: 1.00000000
2023-12-28,3.43,USD/Kg,-0.29,Knitting Yarn,40/1 Carded,FOB China,USD: 1.00000000
2023-12-27,3.44,USD/Kg,-0.29,Knitting Yarn,40/1 Carded,FOB China,USD: 1.00000000
2023-12-26,3.45,USD/Kg,0.00,Knitting Yarn,40/1 Carded,FOB China,USD: 1.00000000
2023-12-25,3.45,USD/Kg,0.58,Knitting Yarn,40/1 Carded,FOB China,USD: 1.00000000
2023-12-22,3.43,USD/Kg,0.29,Knitting Yarn,40/1 Carded,FOB China,USD: 1.00000000
2023-12-21,3.42,USD/Kg,0.29,Knitting Yarn,40/1 Carded,FOB China,USD: 1.00000000
2023-12-20,3.41,USD/Kg,-0.29,Knitting Yarn,40/1 Carded,FOB China,USD: 1.00000000
2023-12-19,3.42,USD/Kg,0.29,Knitting Yarn,40/1 Carded,FOB China,USD: 1.00000000
2023-12-18,3.41,USD/Kg,0.00,Knitting Yarn,40/1 Carded,FOB China,USD: 1.00000000
2023-12-15,3.41,USD/Kg,0.29,Knitting Yarn,40/1 Carded,FOB China,USD: 1.00000000
2023-12-14,3.40,USD/Kg,0.29,Knitting Yarn,40/1 Carded,FOB China,USD: 1.00000000
2023-12-13,3.39,USD/Kg,0.30,Knitting Yarn,40/1 Carded,FOB China,USD: 1.00000000
2023-12-12,3.38,USD/Kg,0.30,Knitting Yarn,40/1 Carded,FOB China,USD: 1.00000000
2023-12-11,3.37,USD/Kg,-0.30,Knitting Yarn,40/1 Carded,FOB China,USD: 1.00000000
2023-12-08,3.38,USD/Kg,-0.29,Knitting Yarn,40/1 Carded,FOB China,USD: 1.00000000
2023-12-07,3.39,USD/Kg,0.30,Knitting Yarn,40/1 Carded,FOB China,USD: 1.00000000
2023-12-06,3.38,USD/Kg,0.30,Knitting Yarn,40/1 Carded,FOB China,USD: 1.00000000
2023-12-05,3.37,USD/Kg,0.60,Knitting Yarn,40/1 Carded,FOB China,USD: 1.00000000
2023-12-04,3.35,USD/Kg,0.00,Knitting Yarn,40/1 Carded,FOB China,USD: 1.00000000
2023-12-01,3.35,USD/Kg,-0.30,Knitting Yarn,40/1 Carded,FOB China,USD: 1.00000000
2023-11-30,3.36,USD/Kg,-0.30,Knitting Yarn,40/1 Carded,FOB China,USD: 1.00000000
2023-11-29,3.37,USD/Kg,-0.59,Knitting Yarn,40/1 Carded,FOB China,USD: 1.00000000
2023-11-28,3.39,USD/Kg,0.00,Knitting Yarn,40/1 Carded,FOB China,USD: 1.00000000
2023-11-27,3.39,USD/Kg,-0.29,Knitting Yarn,40/1 Carded,FOB China,USD: 1.00000000
2023-11-24,3.40,USD/Kg,0.29,Knitting Yarn,40/1 Carded,FOB China,USD: 1.00000000
2023-11-23,3.39,USD/Kg,-0.29,Knitting Yarn,40/1 Carded,FOB China,USD: 1.00000000
2023-11-22,3.40,USD/Kg,-0.29,Knitting Yarn,40/1 Carded,FOB China,USD: 1.00000000
2023-11-21,3.41,USD/Kg,0.00,Knitting Yarn,40/1 Carded,FOB China,USD: 1.00000000
2023-11-20,3.41,USD/Kg,-0.58,Knitting Yarn,40/1 Carded,FOB China,USD: 1.00000000
2023-11-17,3.43,USD/Kg,-0.29,Knitting Yarn,40/1 Carded,FOB China,USD: 1.00000000
2023-11-16,3.44,USD/Kg,0.29,Knitting Yarn,40/1 Carded,FOB China,USD: 1.00000000
2023-11-15,3.43,USD/Kg,-0.29,Knitting Yarn,40/1 Carded,FOB China,USD: 1.00000000
2023-11-14,3.44,USD/Kg,-1.71,Knitting Yarn,40/1 Carded,FOB China,USD: 1.00000000
2023-11-13,3.50,USD/Kg,0.57,Knitting Yarn,40/1 Carded,FOB China,USD: 1.00000000
2023-11-10,3.48,USD/Kg,0.29,Knitting Yarn,40/1 Carded,FOB China,USD: 1.00000000
2023-11-09,3.47,USD/Kg,-0.29,Knitting Yarn,40/1 Carded,FOB China,USD: 1.00000000
2023-11-08,3.48,USD/Kg,-0.29,Knitting Yarn,40/1 Carded,FOB China,USD: 1.00000000
2023-11-07,3.49,USD/Kg,0.29,Knitting Yarn,40/1 Carded,FOB China,USD: 1.00000000
2023-11-06,3.48,USD/Kg,-0.57,Knitting Yarn,40/1 Carded,FOB China,USD: 1.00000000
2023-11-03,3.50,USD/Kg,-0.28,Knitting Yarn,40/1 Carded,FOB China,USD: 1.00000000
2023-11-02,3.51,USD/Kg,0.00,Knitting Yarn,40/1 Carded,FOB China,USD: 1.00000000
2023-11-01,3.51,USD/Kg,0.29,Knitting Yarn,40/1 Carded,FOB China,USD: 1.00000000
2023-10-31,3.50,USD/Kg,-0.57,Knitting Yarn,40/1 Carded,FOB China,USD: 1.00000000
2023-10-30,3.52,USD/Kg,0.28,Knitting Yarn,40/1 Carded,FOB China,USD: 1.00000000
2023-10-27,3.51,USD/Kg,0.00,Knitting Yarn,40/1 Carded,FOB China,USD: 1.00000000
2023-10-26,3.51,USD/Kg,-0.28,Knitting Yarn,40/1 Carded,FOB China,USD: 1.00000000
2023-10-25,3.52,USD/Kg,-0.28,Knitting Yarn,40/1 Carded,FOB China,USD: 1.00000000
2023-10-24,3.53,USD/Kg,0.28,Knitting Yarn,40/1 Carded,FOB China,USD: 1.00000000
2023-10-23,3.52,USD/Kg,-0.56,Knitting Yarn,40/1 Carded,FOB China,USD: 1.00000000
2023-10-20,3.54,USD/Kg,0.00,Knitting Yarn,40/1 Carded,FOB China,USD: 1.00000000
2023-10-19,3.54,USD/Kg,-0.28,Knitting Yarn,40/1 Carded,FOB China,USD: 1.00000000
2023-10-18,3.55,USD/Kg,0.28,Knitting Yarn,40/1 Carded,FOB China,USD: 1.00000000
2023-10-17,3.54,USD/Kg,-0.28,Knitting Yarn,40/1 Carded,FOB China,USD: 1.00000000
2023-10-16,3.55,USD/Kg,0.00,Knitting Yarn,40/1 Carded,FOB China,USD: 1.00000000
2023-10-13,3.55,USD/Kg,0.28,Knitting Yarn,40/1 Carded,FOB China,USD: 1.00000000
2023-10-12,3.54,USD/Kg,-0.56,Knitting Yarn,40/1 Carded,FOB China,USD: 1.00000000
2023-10-11,3.56,USD/Kg,0.00,Knitting Yarn,40/1 Carded,FOB China,USD: 1.00000000
2023-10-10,3.56,USD/Kg,0.56,Knitting Yarn,40/1 Carded,FOB China,USD: 1.00000000
2023-10-09,3.54,USD/Kg,-0.28,Knitting Yarn,40/1 Carded,FOB China,USD: 1.00000000
2023-10-06,3.55,USD/Kg,-0.28,Knitting Yarn,40/1 Carded,FOB China,USD: 1.00000000
2023-10-05,3.56,USD/Kg,0.56,Knitting Yarn,40/1 Carded,FOB China,USD: 1.00000000
2023-10-04,3.54,USD/Kg,0.00,Knitting Yarn,40/1 Carded,FOB China,USD: 1.00000000
2023-10-03,3.54,USD/Kg,0.28,Knitting Yarn,40/1 Carded,FOB China,USD: 1.00000000
2023-10-02,3.53,USD/Kg,-0.56,Knitting Yarn,40/1 Carded,FOB China,USD: 1.00000000
2023-09-29,3.55,USD/Kg,0.00,Knitting Yarn,40/1 Carded,FOB China,USD: 1.00000000
2023-09-28,3.55,USD/Kg,-0.28,Knitting Yarn,40/1 Carded,FOB China,USD: 1.00000000
2023-09-27,3.56,USD/Kg,0.00,Knitting Yarn,40/1 Carded,FOB China,USD: 1.00000000
2023-09-26,3.56,USD/Kg,0.00,Knitting Yarn,40/1 Carded,FOB China,USD: 1.00000000
2023-09-25,3.56,USD/Kg,0.28,Knitting Yarn,40/1 Carded,FOB China,USD: 1.00000000
2023-09-22,3.55,USD/Kg,-0.28,Knitting Yarn,40/1 Carded,FOB China,USD: 1.00000000
2023-09-21,3.56,USD/Kg,0.28,Knitting Yarn,40/1 Carded,FOB China,USD: 1.00000000
2023-09-20,3.55,USD/Kg,0.28,Knitting Yarn,40/1 Carded,FOB China,USD: 1.00000000
2023-09-19,3.54,USD/Kg,0.57,Knitting Yarn,40/1 Carded,FOB China,USD: 1.00000000
2023-09-18,3.52,USD/Kg,-0.28,Knitting Yarn,40/1 Carded,FOB China,USD: 1.00000000
2023-09-15,3.53,USD/Kg,0.28,Knitting Yarn,40/1 Carded,FOB China,USD: 1.00000000
2023-09-14,3.52,USD/Kg,0.28,Knitting Yarn,40/1 Carded,FOB China,USD: 1.00000000
2023-09-13,3.51,USD/Kg,0.29,Knitting Yarn,40/1 Carded,FOB China,USD: 1.00000000
2023-09-12,3.50,USD/Kg,-0.28,Knitting Yarn,40/1 Carded,FOB China,USD: 1.00000000
2023-09-11,3.51,USD/Kg,0.57,Knitting Yarn,40/1 Carded,FOB China,USD: 1.00000000
2023-09-08,3.49,USD/Kg,0.00,Knitting Yarn,40/1 Carded,FOB China,USD: 1.00000000
2023-09-07,3.49,USD/Kg,0.29,Knitting Yarn,40/1 Carded,FOB China,USD: 1.00000000
2023-09-06,3.48,USD/Kg,0.00,Knitting Yarn,40/1 Carded,FOB China,USD: 1.00000000
2023-09-05,3.48,USD/Kg,0.29,Knitting Yarn,40/1 Carded,FOB China,USD: 1.00000000
2023-09-04,3.47,USD/Kg,0.00,Knitting Yarn,40/1 Carded,FOB China,USD: 1.00000000
2023-09-01,3.47,USD/Kg,0.58,Knitting Yarn,40/1 Carded,FOB China,USD: 1.00000000
2023-08-31,3.45,USD/Kg,-0.29,Knitting Yarn,40/1 Carded,FOB China,USD: 1.00000000
2023-08-30,3.46,USD/Kg,0.29,Knitting Yarn,40/1 Carded,FOB China,USD: 1.00000000
2023-08-29,3.45,USD/Kg,-0.29,Knitting Yarn,40/1 Carded,FOB China,USD: 1.00000000
2023-08-28,3.46,USD/Kg,0.29,Knitting Yarn,40/1 Carded,FOB China,USD: 1.00000000
2023-08-25,3.45,USD/Kg,-0.29,Knitting Yarn,40/1 Carded,FOB China,USD: 1.00000000
2023-08-24,3.46,USD/Kg,-0.57,Knitting Yarn,40/1 Carded,FOB China,USD: 1.00000000
2023-08-23,3.48,USD/Kg,0.29,Knitting Yarn,40/1 Carded,FOB China,USD: 1.00000000
2023-08-22,3.47,USD/Kg,0.29,Knitting Yarn,40/1 Carded,FOB China,USD: 1.00000000
2023-08-21,3.46,USD/Kg,-0.29,Knitting Yarn,40/1 Carded,FOB China,USD: 1.00000000
2023-08-18,3.47,USD/Kg,-0.29,Knitting Yarn,40/1 Carded,FOB China,USD: 1.00000000
2023-08-17,3.48,USD/Kg,0.00,Knitting Yarn,40/1 Carded,FOB China,USD: 1.00000000
2023-08-16,3.48,USD/Kg,0.00,Knitting Yarn,40/1 Carded,FOB China,USD: 1.00000000
2023-08-15,3.48,USD/Kg,0.00,Knitting Yarn,40/1 Carded,FOB China,USD: 1.00000000
2023-08-14,3.48,USD/Kg,-0.29,Knitting Yarn,40/1 Carded,FOB China,USD: 1.00000000
2023-08-11,3.49,USD/Kg,0.00,Knitting Yarn,40/1 Carded,FOB China,USD: 1.00000000
2023-08-10,3.49,USD/Kg,0.87,Knitting Yarn,40/1 Carded,FOB China,USD: 1.00000000
2023-08-09,3.46,USD/Kg,0.58,Knitting Yarn,40/1 Carded,FOB China,USD: 1.00000000
2023-08-08,3.44,USD/Kg,-0.29,Knitting Yarn,40/1 Carded,FOB China,USD: 1.00000000
2023-08-07,3.45,USD/Kg,0.29,Knitting Yarn,40/1 Carded,FOB China,USD: 1.00000000
2023-08-04,3.44,USD/Kg,-0.29,Knitting Yarn,40/1 Carded,FOB China,USD: 1.00000000
2023-08-03,3.45,USD/Kg,-0.29,Knitting Yarn,40/1 Carded,FOB China,USD: 1.00000000
2023-08-02,3.46,USD/Kg,-0.57,Knitting Yarn,40/1 Carded,FOB China,USD: 1.00000000
2023-08-01,3.48,USD/Kg,-0.29,Knitting Yarn,40/1 Carded,FOB China,USD: 1.00000000
2023-07-31,3.49,USD/Kg,0.00,Knitting Yarn,40/1 Carded,FOB China,USD: 1.00000000
2023-07-28,3.49,USD/Kg,0.00,Knitting Yarn,40/1 Carded,FOB China,USD: 1.00000000
2023-07-27,3.49,USD/Kg,-0.29,Knitting Yarn,40/1 Carded,FOB China,USD: 1.00000000
2023-07-26,3.50,USD/Kg,0.29,Knitting Yarn,40/1 Carded,FOB China,USD: 1.00000000
2023-07-25,3.49,USD/Kg,-0.29,Knitting Yarn,40/1 Carded,FOB China,USD: 1.00000000
2023-07-24,3.50,USD/Kg,-0.28,Knitting Yarn,40/1 Carded,FOB China,USD: 1.00000000
2023-07-21,3.51,USD/Kg,-0.28,Knitting Yarn,40/1 Carded,FOB China,USD: 1.00000000
2023-07-20,3.52,USD/Kg,0.00,Knitting Yarn,40/1 Carded,FOB China,USD: 1.00000000
2023-07-19,3.52,USD/Kg,0.28,Knitting Yarn,40/1 Carded,FOB China,USD: 1.00000000
2023-07-18,3.51,USD/Kg,0.00,Knitting Yarn,40/1 Carded,FOB China,USD: 1.00000000
2023-07-17,3.51,USD/Kg,-0.28,Knitting Yarn,40/1 Carded,FOB China,USD: 1.00000000
2023-07-14,3.52,USD/Kg,-0.28,Knitting Yarn,40/1 Carded,FOB China,USD: 1.00000000
2023-07-13,3.53,USD/Kg,-0.28,Knitting Yarn,40/1 Carded,FOB China,USD: 1.00000000
2023-07-12,3.54,USD/Kg,-0.28,Knitting Yarn,40/1 Carded,FOB China,USD: 1.00000000
2023-07-11,3.55,USD/Kg,-0.28,Knitting Yarn,40/1 Carded,FOB China,USD: 1.00000000
2023-07-10,3.56,USD/Kg,0.28,Knitting Yarn,40/1 Carded,FOB China,USD: 1.00000000
2023-07-07,3.55,USD/Kg,0.00,Knitting Yarn,40/1 Carded,FOB China,USD: 1.00000000
2023-07-06,3.55,USD/Kg,-0.28,Knitting Yarn,40/1 Carded,FOB China,USD: 1.00000000
2023-07-05,3.56,USD/Kg,-0.28,Knitting Yarn,40/1 Carded,FOB China,USD: 1.00000000
2023-07-04,3.57,USD/Kg,-0.28,Knitting Yarn,40/1 Carded,FOB China,USD: 1.00000000
2023-07-03,3.58,USD/Kg,0.28,Knitting Yarn,40/1 Carded,FOB China,USD: 1.00000000
2023-06-30,3.57,USD/Kg,0.00,Knitting Yarn,40/1 Carded,FOB China,USD: 1.00000000
2023-06-29,3.57,USD/Kg,0.00,Knitting Yarn,40/1 Carded,FOB China,USD: 1.00000000
2023-06-28,3.57,USD/Kg,0.56,Knitting Yarn,40/1 Carded,FOB China,USD: 1.00000000
2023-06-27,3.55,USD/Kg,0.00,Knitting Yarn,40/1 Carded,FOB China,USD: 1.00000000
2023-06-26,3.55,USD/Kg,-0.28,Knitting Yarn,40/1 Carded,FOB China,USD: 1.00000000
2023-06-23,3.56,USD/Kg,-0.28,Knitting Yarn,40/1 Carded,FOB China,USD: 1.00000000
2023-06-22,3.57,USD/Kg,-0.28,Knitting Yarn,40/1 Carded,FOB China,USD: 1.00000000
2023-06-21,3.58,USD/Kg,-0.28,Knitting Yarn,40/1 Carded,FOB China,USD: 1.00000000
2023-06-20,3.59,USD/Kg,0.00,Knitting Yarn,40/1 Carded,FOB China,USD: 1.00000000
2023-06-19,3.59,USD/Kg,-0.28,Knitting Yarn,40/1 Carded,FOB China,USD: 1.00000000
2023-06-16,3.60,USD/Kg,0.28,Knitting Yarn,40/1 Carded,FOB China,USD: 1.00000000
2023-06-15,3.59,USD/Kg,-0.28,Knitting Yarn,40/1 Carded,FOB China,USD: 1.00000000
2023-06-14,3.60,USD/Kg,0.00,Knitting Yarn,40/1 Carded,FOB China,USD: 1.00000000
2023-06-13,3.60,USD/Kg,0.00,Knitting Yarn,40/1 Carded,FOB China,USD: 1.00000000
2023-06-12,3.60,USD/Kg,0.28,Knitting Yarn,40/1 Carded,FOB China,USD: 1.00000000
2023-06-09,3.59,USD/Kg,0.00,Knitting Yarn,40/1 Carded,FOB China,USD: 1.00000000
2023-06-08,3.59,USD/Kg,-0.28,Knitting Yarn,40/1 Carded,FOB China,USD: 1.00000000
2023-06-07,3.60,USD/Kg,0.28,Knitting Yarn,40/1 Carded,FOB China,USD: 1.00000000
2023-06-06,3.59,USD/Kg,-0.55,Knitting Yarn,40/1 Carded,FOB China,USD: 1.00000000
2023-06-05,3.61,USD/Kg,0.28,Knitting Yarn,40/1 Carded,FOB China,USD: 1.00000000
2023-06-02,3.60,USD/Kg,0.28,Knitting Yarn,40/1 Carded,FOB China,USD: 1.00000000
2023-06-01,3.59,USD/Kg,-0.28,Knitting Yarn,40/1 Carded,FOB China,USD: 1.00000000
2023-05-31,3.60,USD/Kg,0.00,Knitting Yarn,40/1 Carded,FOB China,USD: 1.00000000
2023-05-30,3.60,USD/Kg,0.00,Knitting Yarn,40/1 Carded,FOB China,USD: 1.00000000
2023-05-29,3.60,USD/Kg,-0.28,Knitting Yarn,40/1 Carded,FOB China,USD: 1.00000000
2023-05-26,3.61,USD/Kg,0.84,Knitting Yarn,40/1 Carded,FOB China,USD: 1.00000000
2023-05-25,3.58,USD/Kg,-1.38,Knitting Yarn,40/1 Carded,FOB China,USD: 1.00000000
2023-05-24,3.63,USD/Kg,-0.27,Knitting Yarn,40/1 Carded,FOB China,USD: 1.00000000
2023-05-23,3.64,USD/Kg,0.00,Knitting Yarn,40/1 Carded,FOB China,USD: 1.00000000
2023-05-22,3.64,USD/Kg,0.00,Knitting Yarn,40/1 Carded,FOB China,USD: 1.00000000
2023-05-19,3.64,USD/Kg,-0.27,Knitting Yarn,40/1 Carded,FOB China,USD: 1.00000000
2023-05-18,3.65,USD/Kg,0.27,Knitting Yarn,40/1 Carded,FOB China,USD: 1.00000000
2023-05-17,3.64,USD/Kg,0.00,Knitting Yarn,40/1 Carded,FOB China,USD: 1.00000000
2023-05-16,3.64,USD/Kg,-0.27,Knitting Yarn,40/1 Carded,FOB China,USD: 1.00000000
2023-05-15,3.65,USD/Kg,-0.27,Knitting Yarn,40/1 Carded,FOB China,USD: 1.00000000
2023-05-12,3.66,USD/Kg,-0.27,Knitting Yarn,40/1 Carded,FOB China,USD: 1.00000000
2023-05-11,3.67,USD/Kg,0.00,Knitting Yarn,40/1 Carded,FOB China,USD: 1.00000000
2023-05-10,3.67,USD/Kg,-0.27,Knitting Yarn,40/1 Carded,FOB China,USD: 1.00000000
2023-05-09,3.68,USD/Kg,-0.27,Knitting Yarn,40/1 Carded,FOB China,USD: 1.00000000
2023-05-08,3.69,USD/Kg,0.54,Knitting Yarn,40/1 Carded,FOB China,USD: 1.00000000
2023-05-05,3.67,USD/Kg,0.00,Knitting Yarn,40/1 Carded,FOB China,USD: 1.00000000
2023-05-04,3.67,USD/Kg,0.00,Knitting Yarn,40/1 Carded,FOB China,USD: 1.00000000
2023-05-03,3.67,USD/Kg,-0.27,Knitting Yarn,40/1 Carded,FOB China,USD: 1.00000000
2023-05-02,3.68,USD/Kg,0.00,Knitting Yarn,40/1 Carded,FOB China,USD: 1.00000000
2023-05-01,3.68,USD/Kg,-0.27,Knitting Yarn,40/1 Carded,FOB China,USD: 1.00000000
2023-04-28,3.69,USD/Kg,-0.27,Knitting Yarn,40/1 Carded,FOB China,USD: 1.00000000
2023-04-27,3.70,USD/Kg,0.00,Knitting Yarn,40/1 Carded,FOB China,USD: 1.00000000
2023-04-26,3.70,USD/Kg,-0.27,Knitting Yarn,40/1 Carded,FOB China,USD: 1.00000000
2023-04-25,3.71,USD/Kg,-0.27,Knitting Yarn,40/1 Carded,FOB China,USD: 1.00000000
2023-04-24,3.72,USD/Kg,-0.53,Knitting Yarn,40/1 Carded,FOB China,USD: 1.00000000
2023-04-21,3.74,USD/Kg,1.36,Knitting Yarn,40/1 Carded,FOB China,USD: 1.00000000
2023-04-20,3.69,USD/Kg,-0.27,Knitting Yarn,40/1 Carded,FOB China,USD: 1.00000000
2023-04-19,3.70,USD/Kg,-0.27,Knitting Yarn,40/1 Carded,FOB China,USD: 1.00000000
2023-04-18,3.71,USD/Kg,-0.54,Knitting Yarn,40/1 Carded,FOB China,USD: 1.00000000
2023-04-17,3.73,USD/Kg,-0.27,Knitting Yarn,40/1 Carded,FOB China,USD: 1.00000000
2023-04-14,3.74,USD/Kg,0.27,Knitting Yarn,40/1 Carded,FOB China,USD: 1.00000000
2023-04-13,3.73,USD/Kg,0.00,Knitting Yarn,40/1 Carded,FOB China,USD: 1.00000000
2023-04-12,3.73,USD/Kg,0.27,Knitting Yarn,40/1 Carded,FOB China,USD: 1.00000000
2023-04-11,3.72,USD/Kg,-0.27,Knitting Yarn,40/1 Carded,FOB China,USD: 1.00000000
2023-04-10,3.73,USD/Kg,1.91,Knitting Yarn,40/1 Carded,FOB China,USD: 1.00000000
2023-04-07,3.66,USD/Kg,-0.27,Knitting Yarn,40/1 Carded,FOB China,USD: 1.00000000
2023-04-06,3.67,USD/Kg,0.00,Knitting Yarn,40/1 Carded,FOB China,USD: 1.00000000
2023-04-05,3.67,USD/Kg,0.27,Knitting Yarn,40/1 Carded,FOB China,USD: 1.00000000
2023-04-04,3.66,USD/Kg,0.27,Knitting Yarn,40/1 Carded,FOB China,USD: 1.00000000
2023-04-03,3.65,USD/Kg,-0.27,Knitting Yarn,40/1 Carded,FOB China,USD: 1.00000000
2023-03-31,3.66,USD/Kg,-0.27,Knitting Yarn,40/1 Carded,FOB China,USD: 1.00000000
2023-03-30,3.67,USD/Kg,-0.27,Knitting Yarn,40/1 Carded,FOB China,USD: 1.00000000
2023-03-29,3.68,USD/Kg,0.00,Knitting Yarn,40/1 Carded,FOB China,USD: 1.00000000
2023-03-28,3.68,USD/Kg,2.51,Knitting Yarn,40/1 Carded,FOB China,USD: 1.00000000
2023-03-27,3.59,USD/Kg,0.00,Knitting Yarn,40/1 Carded,FOB China,USD: 1.00000000
2023-03-24,3.59,USD/Kg,-0.28,Knitting Yarn,40/1 Carded,FOB China,USD: 1.00000000
2023-03-23,3.60,USD/Kg,0.00,Knitting Yarn,40/1 Carded,FOB China,USD: 1.00000000
2023-03-22,3.60,USD/Kg,0.28,Knitting Yarn,40/1 Carded,FOB China,USD: 1.00000000
2023-03-21,3.59,USD/Kg,-0.28,Knitting Yarn,40/1 Carded,FOB China,USD: 1.00000000
2023-03-20,3.60,USD/Kg,0.28,Knitting Yarn,40/1 Carded,FOB China,USD: 1.00000000
2023-03-17,3.59,USD/Kg,-0.28,Knitting Yarn,40/1 Carded,FOB China,USD: 1.00000000
2023-03-16,3.60,USD/Kg,-0.28,Knitting Yarn,40/1 Carded,FOB China,USD: 1.00000000
2023-03-15,3.61,USD/Kg,0.28,Knitting Yarn,40/1 Carded,FOB China,USD: 1.00000000
2023-03-14,3.60,USD/Kg,-0.28,Knitting Yarn,40/1 Carded,FOB China,USD: 1.00000000
2023-03-13,3.61,USD/Kg,0.56,Knitting Yarn,40/1 Carded,FOB China,USD: 1.00000000
2023-03-10,3.59,USD/Kg,-0.28,Knitting Yarn,40/1 Carded,FOB China,USD: 1.00000000
2023-03-09,3.60,USD/Kg,-0.28,Knitting Yarn,40/1 Carded,FOB China,USD: 1.00000000
2023-03-08,3.61,USD/Kg,-0.28,Knitting Yarn,40/1 Carded,FOB China,USD: 1.00000000
2023-03-07,3.62,USD/Kg,0.28,Knitting Yarn,40/1 Carded,FOB China,USD: 1.00000000
2023-03-06,3.61,USD/Kg,0.28,Knitting Yarn,40/1 Carded,FOB China,USD: 1.00000000
2023-03-03,3.60,USD/Kg,-0.55,Knitting Yarn,40/1 Carded,FOB China,USD: 1.00000000
2023-03-02,3.62,USD/Kg,0.00,Knitting Yarn,40/1 Carded,FOB China,USD: 1.00000000
2023-03-01,3.62,USD/Kg,0.00,Knitting Yarn,40/1 Carded,FOB China,USD: 1.00000000
2023-02-28,3.62,USD/Kg,0.00,Knitting Yarn,40/1 Carded,FOB China,USD: 1.00000000
2023-02-27,3.62,USD/Kg,0.28,Knitting Yarn,40/1 Carded,FOB China,USD: 1.00000000
2023-02-24,3.61,USD/Kg,-0.28,Knitting Yarn,40/1 Carded,FOB China,USD: 1.00000000
2023-02-23,3.62,USD/Kg,0.28,Knitting Yarn,40/1 Carded,FOB China,USD: 1.00000000
2023-02-22,3.61,USD/Kg,0.00,Knitting Yarn,40/1 Carded,FOB China,USD: 1.00000000
2023-02-21,3.61,USD/Kg,0.00,Knitting Yarn,40/1 Carded,FOB China,USD: 1.00000000
2023-02-20,3.61,USD/Kg,0.28,Knitting Yarn,40/1 Carded,FOB China,USD: 1.00000000
2023-02-17,3.60,USD/Kg,-0.55,Knitting Yarn,40/1 Carded,FOB China,USD: 1.00000000
2023-02-16,3.62,USD/Kg,0.00,Knitting Yarn,40/1 Carded,FOB China,USD: 1.00000000
2023-02-15,3.62,USD/Kg,-0.55,Knitting Yarn,40/1 Carded,FOB China,USD: 1.00000000
2023-02-14,3.64,USD/Kg,-0.27,Knitting Yarn,40/1 Carded,FOB China,USD: 1.00000000
2023-02-13,3.65,USD/Kg,1.67,Knitting Yarn,40/1 Carded,FOB China,USD: 1.00000000
2023-02-10,3.59,USD/Kg,1.99,Knitting Yarn,40/1 Carded,FOB China,USD: 1.00000000
2023-02-09,3.52,USD/Kg,0.00,Knitting Yarn,40/1 Carded,FOB China,USD: 1.00000000
2023-02-08,3.52,USD/Kg,0.00,Knitting Yarn,40/1 Carded,FOB China,USD: 1.00000000
2023-02-07,3.52,USD/Kg,-0.56,Knitting Yarn,40/1 Carded,FOB China,USD: 1.00000000
2023-02-06,3.54,USD/Kg,0.57,Knitting Yarn,40/1 Carded,FOB China,USD: 1.00000000
2023-02-03,3.52,USD/Kg,-0.28,Knitting Yarn,40/1 Carded,FOB China,USD: 1.00000000
2023-02-02,3.53,USD/Kg,-0.28,Knitting Yarn,40/1 Carded,FOB China,USD: 1.00000000
2023-02-01,3.54,USD/Kg,0.57,Knitting Yarn,40/1 Carded,FOB China,USD: 1.00000000
2023-01-31,3.52,USD/Kg,-0.28,Knitting Yarn,40/1 Carded,FOB China,USD: 1.00000000
2023-01-30,3.53,USD/Kg,0.28,Knitting Yarn,40/1 Carded,FOB China,USD: 1.00000000
2023-01-27,3.52,USD/Kg,0.57,Knitting Yarn,40/1 Carded,FOB China,USD: 1.00000000
2023-01-26,3.50,USD/Kg,0.29,Knitting Yarn,40/1 Carded,FOB China,USD: 1.00000000
2023-01-25,3.49,USD/Kg,0.29,Knitting Yarn,40/1 Carded,FOB China,USD: 1.00000000
2023-01-24,3.48,USD/Kg,0.58,Knitting Yarn,40/1 Carded,FOB China,USD: 1.00000000
2023-01-23,3.46,USD/Kg,0.29,Knitting Yarn,40/1 Carded,FOB China,USD: 1.00000000
2023-01-20,3.45,USD/Kg,0.29,Knitting Yarn,40/1 Carded,FOB China,USD: 1.00000000
2023-01-19,3.44,USD/Kg,0.00,Knitting Yarn,40/1 Carded,FOB China,USD: 1.00000000
2023-01-18,3.44,USD/Kg,0.29,Knitting Yarn,40/1 Carded,FOB China,USD: 1.00000000
2023-01-17,3.43,USD/Kg,0.00,Knitting Yarn,40/1 Carded,FOB China,USD: 1.00000000
2023-01-16,3.43,USD/Kg,-0.29,Knitting Yarn,40/1 Carded,FOB China,USD: 1.00000000
2023-01-13,3.44,USD/Kg,-0.29,Knitting Yarn,40/1 Carded,FOB China,USD: 1.00000000
2023-01-12,3.45,USD/Kg,-0.58,Knitting Yarn,40/1 Carded,FOB China,USD: 1.00000000
2023-01-11,3.47,USD/Kg,0.29,Knitting Yarn,40/1 Carded,FOB China,USD: 1.00000000
2023-01-10,3.46,USD/Kg,0.58,Knitting Yarn,40/1 Carded,FOB China,USD: 1.00000000
2023-01-09,3.44,USD/Kg,0.00,Knitting Yarn,40/1 Carded,FOB China,USD: 1.00000000
2023-01-06,3.44,USD/Kg,0.58,Knitting Yarn,40/1 Carded,FOB China,USD: 1.00000000
2023-01-05,3.42,USD/Kg,0.29,Knitting Yarn,40/1 Carded,FOB China,USD: 1.00000000
2023-01-04,3.41,USD/Kg,0.29,Knitting Yarn,40/1 Carded,FOB China,USD: 1.00000000
2023-01-03,3.40,USD/Kg,0.29,Knitting Yarn,40/1 Carded,FOB China,USD: 1.00000000
2023-01-02,3.39,USD/Kg,0.00,Knitting Yarn,40/1 Carded,FOB China,USD: 1.00000000
2025-06-06,3.57,USD/Kg,0.28,Knitting Yarn,40/1 Combed,Domestic China,CNY: 0.13935340
2025-06-05,3.56,USD/Kg,-0.28,Knitting Yarn,40/1 Combed,Domestic China,CNY: 0.13917497
2025-06-04,3.57,USD/Kg,0.28,Knitting Yarn,40/1 Combed,Domestic China,CNY: 0.13911882
2025-06-03,3.56,USD/Kg,0.28,Knitting Yarn,40/1 Combed,Domestic China,CNY: 0.13889275
2025-06-02,3.55,USD/Kg,-0.28,Knitting Yarn,40/1 Combed,Domestic China,CNY: 0.13889275
2025-05-30,3.56,USD/Kg,0.00,Knitting Yarn,40/1 Combed,Domestic China,CNY: 0.13916141
2025-05-29,3.56,USD/Kg,0.28,Knitting Yarn,40/1 Combed,Domestic China,CNY: 0.13898927
2025-05-28,3.55,USD/Kg,0.00,Knitting Yarn,40/1 Combed,Domestic China,CNY: 0.13897382
2025-05-27,3.55,USD/Kg,-0.28,Knitting Yarn,40/1 Combed,Domestic China,CNY: 0.13914205
2025-05-26,3.56,USD/Kg,0.28,Knitting Yarn,40/1 Combed,Domestic China,CNY: 0.13926413
2025-05-23,3.55,USD/Kg,0.28,Knitting Yarn,40/1 Combed,Domestic China,CNY: 0.13880599
2025-05-22,3.54,USD/Kg,0.00,Knitting Yarn,40/1 Combed,Domestic China,CNY: 0.13884068
2025-05-21,3.54,USD/Kg,0.00,Knitting Yarn,40/1 Combed,Domestic China,CNY: 0.13850607
2025-05-20,3.54,USD/Kg,0.00,Knitting Yarn,40/1 Combed,Domestic China,CNY: 0.13861935
2025-05-19,3.54,USD/Kg,0.00,Knitting Yarn,40/1 Combed,Domestic China,CNY: 0.13870587
2025-05-16,3.54,USD/Kg,0.28,Knitting Yarn,40/1 Combed,Domestic China,CNY: 0.13875399
2025-05-15,3.53,USD/Kg,0.28,Knitting Yarn,40/1 Combed,Domestic China,CNY: 0.13882526
2025-05-14,3.52,USD/Kg,0.28,Knitting Yarn,40/1 Combed,Domestic China,CNY: 0.13882526
2025-05-13,3.51,USD/Kg,0.29,Knitting Yarn,40/1 Combed,Domestic China,CNY: 0.13882526
2025-05-12,3.50,USD/Kg,0.29,Knitting Yarn,40/1 Combed,Domestic China,CNY: 0.13840160
2025-05-09,3.49,USD/Kg,-1.41,Knitting Yarn,40/1 Combed,Domestic China,CNY: 0.13840160
2025-05-08,3.54,USD/Kg,-0.28,Knitting Yarn,40/1 Combed,Domestic China,CNY: 0.13840160
2025-05-07,3.55,USD/Kg,-0.28,Knitting Yarn,40/1 Combed,Domestic China,CNY: 0.13708019
2025-05-06,3.56,USD/Kg,0.28,Knitting Yarn,40/1 Combed,Domestic China,CNY: 0.13708019
2025-05-05,3.55,USD/Kg,-0.28,Knitting Yarn,40/1 Combed,Domestic China,CNY: 0.13708019
2025-05-02,3.56,USD/Kg,0.85,Knitting Yarn,40/1 Combed,Domestic China,CNY: 0.13708019
2025-05-01,3.53,USD/Kg,-0.28,Knitting Yarn,40/1 Combed,Domestic China,CNY: 0.13708019
2025-04-30,3.54,USD/Kg,0.00,Knitting Yarn,40/1 Combed,Domestic China,CNY: 0.13708019
2025-04-29,3.54,USD/Kg,0.28,Knitting Yarn,40/1 Combed,Domestic China,CNY: 0.13708019
2025-04-28,3.53,USD/Kg,0.28,Knitting Yarn,40/1 Combed,Domestic China,CNY: 0.13721750
2025-04-25,3.52,USD/Kg,-0.28,Knitting Yarn,40/1 Combed,Domestic China,CNY: 0.13723068
2025-04-24,3.53,USD/Kg,0.00,Knitting Yarn,40/1 Combed,Domestic China,CNY: 0.13723068
2025-04-23,3.53,USD/Kg,0.00,Knitting Yarn,40/1 Combed,Domestic China,CNY: 0.13675588
2025-04-22,3.53,USD/Kg,-0.28,Knitting Yarn,40/1 Combed,Domestic China,CNY: 0.13712907
2025-04-21,3.54,USD/Kg,-0.28,Knitting Yarn,40/1 Combed,Domestic China,CNY: 0.13706516
2025-04-18,3.55,USD/Kg,-0.28,Knitting Yarn,40/1 Combed,Domestic China,CNY: 0.13706516
2025-04-17,3.56,USD/Kg,-0.28,Knitting Yarn,40/1 Combed,Domestic China,CNY: 0.13686818
2025-04-16,3.57,USD/Kg,-0.28,Knitting Yarn,40/1 Combed,Domestic China,CNY: 0.13671474
2025-04-15,3.58,USD/Kg,-0.28,Knitting Yarn,40/1 Combed,Domestic China,CNY: 0.13674840
2025-04-14,3.59,USD/Kg,-0.28,Knitting Yarn,40/1 Combed,Domestic China,CNY: 0.13713283
2025-04-11,3.60,USD/Kg,0.28,Knitting Yarn,40/1 Combed,Domestic China,CNY: 0.13671474
2025-04-10,3.59,USD/Kg,-0.28,Knitting Yarn,40/1 Combed,Domestic China,CNY: 0.13605627
2025-04-09,3.60,USD/Kg,-0.28,Knitting Yarn,40/1 Combed,Domestic China,CNY: 0.13627506
2025-04-08,3.61,USD/Kg,-0.28,Knitting Yarn,40/1 Combed,Domestic China,CNY: 0.13677645
2025-04-07,3.62,USD/Kg,0.00,Knitting Yarn,40/1 Combed,Domestic China,CNY: 0.13733340
2025-04-04,3.62,USD/Kg,0.00,Knitting Yarn,40/1 Combed,Domestic China,CNY: 0.13702760
2025-04-03,3.62,USD/Kg,-0.28,Knitting Yarn,40/1 Combed,Domestic China,CNY: 0.13759701
2025-04-02,3.63,USD/Kg,-0.55,Knitting Yarn,40/1 Combed,Domestic China,CNY: 0.13754969
2025-04-01,3.65,USD/Kg,-0.27,Knitting Yarn,40/1 Combed,Domestic China,CNY: 0.13786448
2025-03-31,3.66,USD/Kg,0.00,Knitting Yarn,40/1 Combed,Domestic China,CNY: 0.13767278
2025-03-28,3.66,USD/Kg,-0.27,Knitting Yarn,40/1 Combed,Domestic China,CNY: 0.13763867
2025-03-27,3.67,USD/Kg,-0.27,Knitting Yarn,40/1 Combed,Domestic China,CNY: 0.13758565
2025-03-26,3.68,USD/Kg,0.27,Knitting Yarn,40/1 Combed,Domestic China,CNY: 0.13779039
2025-03-25,3.67,USD/Kg,-0.27,Knitting Yarn,40/1 Combed,Domestic China,CNY: 0.13786448
2025-03-24,3.68,USD/Kg,0.27,Knitting Yarn,40/1 Combed,Domestic China,CNY: 0.13794511
2025-03-21,3.67,USD/Kg,0.00,Knitting Yarn,40/1 Combed,Domestic China,CNY: 0.13796529
2025-03-20,3.67,USD/Kg,-0.27,Knitting Yarn,40/1 Combed,Domestic China,CNY: 0.13829824
2025-03-19,3.68,USD/Kg,0.00,Knitting Yarn,40/1 Combed,Domestic China,CNY: 0.13835469
2025-03-18,3.68,USD/Kg,-0.27,Knitting Yarn,40/1 Combed,Domestic China,CNY: 0.13825140
2025-03-17,3.69,USD/Kg,0.27,Knitting Yarn,40/1 Combed,Domestic China,CNY: 0.13816258
2025-03-14,3.68,USD/Kg,0.27,Knitting Yarn,40/1 Combed,Domestic China,CNY: 0.13816258
2025-03-13,3.67,USD/Kg,0.27,Knitting Yarn,40/1 Combed,Domestic China,CNY: 0.13816258
2025-03-12,3.66,USD/Kg,0.00,Knitting Yarn,40/1 Combed,Domestic China,CNY: 0.13833363
2025-03-11,3.66,USD/Kg,-0.27,Knitting Yarn,40/1 Combed,Domestic China,CNY: 0.13773156
2025-03-10,3.67,USD/Kg,0.27,Knitting Yarn,40/1 Combed,Domestic China,CNY: 0.13823133
2025-03-07,3.66,USD/Kg,0.27,Knitting Yarn,40/1 Combed,Domestic China,CNY: 0.13797290
2025-03-06,3.65,USD/Kg,-0.27,Knitting Yarn,40/1 Combed,Domestic China,CNY: 0.13791011
2025-03-05,3.66,USD/Kg,0.27,Knitting Yarn,40/1 Combed,Domestic China,CNY: 0.13763488
2025-03-04,3.65,USD/Kg,-0.27,Knitting Yarn,40/1 Combed,Domestic China,CNY: 0.13726648
2025-03-03,3.66,USD/Kg,0.27,Knitting Yarn,40/1 Combed,Domestic China,CNY: 0.13729097
2025-02-28,3.65,USD/Kg,-0.27,Knitting Yarn,40/1 Combed,Domestic China,CNY: 0.13724575
2025-02-27,3.66,USD/Kg,0.00,Knitting Yarn,40/1 Combed,Domestic China,CNY: 0.13774105
2025-02-26,3.66,USD/Kg,-0.27,Knitting Yarn,40/1 Combed,Domestic China,CNY: 0.13788919
2025-02-25,3.67,USD/Kg,0.27,Knitting Yarn,40/1 Combed,Domestic China,CNY: 0.13796719
2025-02-24,3.66,USD/Kg,0.27,Knitting Yarn,40/1 Combed,Domestic China,CNY: 0.13791201
2025-02-21,3.65,USD/Kg,0.00,Knitting Yarn,40/1 Combed,Domestic China,CNY: 0.13781698
2025-02-20,3.65,USD/Kg,0.00,Knitting Yarn,40/1 Combed,Domestic China,CNY: 0.13729097
2025-02-19,3.65,USD/Kg,0.27,Knitting Yarn,40/1 Combed,Domestic China,CNY: 0.13737019
2025-02-18,3.64,USD/Kg,0.28,Knitting Yarn,40/1 Combed,Domestic China,CNY: 0.13766709
2025-02-17,3.63,USD/Kg,0.28,Knitting Yarn,40/1 Combed,Domestic China,CNY: 0.13785498
2025-02-14,3.62,USD/Kg,0.00,Knitting Yarn,40/1 Combed,Domestic China,CNY: 0.13681669
2025-02-13,3.62,USD/Kg,0.00,Knitting Yarn,40/1 Combed,Domestic China,CNY: 0.13681669
2025-02-12,3.62,USD/Kg,0.28,Knitting Yarn,40/1 Combed,Domestic China,CNY: 0.13684196
2025-02-11,3.61,USD/Kg,0.28,Knitting Yarn,40/1 Combed,Domestic China,CNY: 0.13688879
2025-02-10,3.60,USD/Kg,0.28,Knitting Yarn,40/1 Combed,Domestic China,CNY: 0.13721562
2025-02-07,3.59,USD/Kg,-0.28,Knitting Yarn,40/1 Combed,Domestic China,CNY: 0.13719680
2025-02-06,3.60,USD/Kg,0.28,Knitting Yarn,40/1 Combed,Domestic China,CNY: 0.13752510
2025-02-05,3.59,USD/Kg,-0.28,Knitting Yarn,40/1 Combed,Domestic China,CNY: 0.13921954
2025-02-04,3.60,USD/Kg,0.28,Knitting Yarn,40/1 Combed,Domestic China,CNY: 0.13896802
2025-02-03,3.59,USD/Kg,-0.28,Knitting Yarn,40/1 Combed,Domestic China,CNY: 0.13914399
2025-01-31,3.60,USD/Kg,0.28,Knitting Yarn,40/1 Combed,Domestic China,CNY: 0.13923504
2025-01-30,3.59,USD/Kg,0.00,Knitting Yarn,40/1 Combed,Domestic China,CNY: 0.13947196
2025-01-29,3.59,USD/Kg,0.00,Knitting Yarn,40/1 Combed,Domestic China,CNY: 0.13790821
2025-01-28,3.59,USD/Kg,0.00,Knitting Yarn,40/1 Combed,Domestic China,CNY: 0.13791296
2025-01-27,3.59,USD/Kg,-0.28,Knitting Yarn,40/1 Combed,Domestic China,CNY: 0.13804185
2025-01-24,3.60,USD/Kg,0.00,Knitting Yarn,40/1 Combed,Domestic China,CNY: 0.13722504
2025-01-23,3.60,USD/Kg,-0.28,Knitting Yarn,40/1 Combed,Domestic China,CNY: 0.13751375
2025-01-22,3.61,USD/Kg,0.28,Knitting Yarn,40/1 Combed,Domestic China,CNY: 0.13651598
2025-01-21,3.60,USD/Kg,0.28,Knitting Yarn,40/1 Combed,Domestic China,CNY: 0.13671848
2025-01-20,3.59,USD/Kg,0.28,Knitting Yarn,40/1 Combed,Domestic China,CNY: 0.13651821
2025-01-17,3.58,USD/Kg,0.00,Knitting Yarn,40/1 Combed,Domestic China,CNY: 0.13638285
2025-01-16,3.58,USD/Kg,0.00,Knitting Yarn,40/1 Combed,Domestic China,CNY: 0.13640518
2025-01-15,3.58,USD/Kg,-1.65,Knitting Yarn,40/1 Combed,Domestic China,CNY: 0.13638843
2025-01-14,3.64,USD/Kg,0.00,Knitting Yarn,40/1 Combed,Domestic China,CNY: 0.13641076
2025-01-13,3.64,USD/Kg,0.28,Knitting Yarn,40/1 Combed,Domestic China,CNY: 0.13637541
2025-01-10,3.63,USD/Kg,0.00,Knitting Yarn,40/1 Combed,Domestic China,CNY: 0.13638564
2025-01-09,3.63,USD/Kg,-0.27,Knitting Yarn,40/1 Combed,Domestic China,CNY: 0.13639588
2025-01-08,3.64,USD/Kg,-0.27,Knitting Yarn,40/1 Combed,Domestic China,CNY: 0.13649175
2025-01-07,3.65,USD/Kg,0.00,Knitting Yarn,40/1 Combed,Domestic China,CNY: 0.13656090
2025-01-06,3.65,USD/Kg,0.00,Knitting Yarn,40/1 Combed,Domestic China,CNY: 0.13660083
2025-01-03,3.65,USD/Kg,-0.27,Knitting Yarn,40/1 Combed,Domestic China,CNY: 0.13699381
2025-01-02,3.66,USD/Kg,0.27,Knitting Yarn,40/1 Combed,Domestic China,CNY: 0.13702572
2025-01-01,3.65,USD/Kg,0.00,Knitting Yarn,40/1 Combed,Domestic China,CNY: 0.13702572
2024-12-31,3.65,USD/Kg,0.27,Knitting Yarn,40/1 Combed,Domestic China,CNY: 0.13700319
2024-12-30,3.64,USD/Kg,-0.27,Knitting Yarn,40/1 Combed,Domestic China,CNY: 0.13700882
2024-12-27,3.65,USD/Kg,-0.27,Knitting Yarn,40/1 Combed,Domestic China,CNY: 0.13701821
2024-12-26,3.66,USD/Kg,0.00,Knitting Yarn,40/1 Combed,Domestic China,CNY: 0.13702009
2024-12-25,3.66,USD/Kg,-0.27,Knitting Yarn,40/1 Combed,Domestic China,CNY: 0.13706892
2024-12-24,3.67,USD/Kg,-0.27,Knitting Yarn,40/1 Combed,Domestic China,CNY: 0.13702384
2024-12-23,3.68,USD/Kg,0.27,Knitting Yarn,40/1 Combed,Domestic China,CNY: 0.13705389
2024-12-20,3.67,USD/Kg,0.27,Knitting Yarn,40/1 Combed,Domestic China,CNY: 0.13705389
2024-12-19,3.66,USD/Kg,-0.27,Knitting Yarn,40/1 Combed,Domestic China,CNY: 0.13724199
2024-12-18,3.67,USD/Kg,-0.81,Knitting Yarn,40/1 Combed,Domestic China,CNY: 0.13725705
2024-12-17,3.70,USD/Kg,0.00,Knitting Yarn,40/1 Combed,Domestic China,CNY: 0.13729663
2024-12-16,3.70,USD/Kg,0.54,Knitting Yarn,40/1 Combed,Domestic China,CNY: 0.13743626
2024-12-13,3.68,USD/Kg,0.27,Knitting Yarn,40/1 Combed,Domestic China,CNY: 0.13757808
2024-12-12,3.67,USD/Kg,0.27,Knitting Yarn,40/1 Combed,Domestic China,CNY: 0.13770501
2024-12-11,3.66,USD/Kg,0.27,Knitting Yarn,40/1 Combed,Domestic China,CNY: 0.13793674
2024-12-10,3.65,USD/Kg,-0.27,Knitting Yarn,40/1 Combed,Domestic China,CNY: 0.13773156
2024-12-09,3.66,USD/Kg,-0.27,Knitting Yarn,40/1 Combed,Domestic China,CNY: 0.13754591
2024-12-06,3.67,USD/Kg,0.00,Knitting Yarn,40/1 Combed,Domestic China,CNY: 0.13773725
2024-12-05,3.67,USD/Kg,-0.27,Knitting Yarn,40/1 Combed,Domestic China,CNY: 0.13766520
2024-12-04,3.68,USD/Kg,2.22,Knitting Yarn,40/1 Combed,Domestic China,CNY: 0.13727213
2024-12-03,3.60,USD/Kg,-0.28,Knitting Yarn,40/1 Combed,Domestic China,CNY: 0.13751942
2024-12-02,3.61,USD/Kg,-0.28,Knitting Yarn,40/1 Combed,Domestic China,CNY: 0.13808912
2024-11-29,3.62,USD/Kg,0.28,Knitting Yarn,40/1 Combed,Domestic China,CNY: 0.13804909
2024-11-28,3.61,USD/Kg,-0.28,Knitting Yarn,40/1 Combed,Domestic China,CNY: 0.13798432
2024-11-27,3.62,USD/Kg,0.00,Knitting Yarn,40/1 Combed,Domestic China,CNY: 0.13801194
2024-11-26,3.62,USD/Kg,-0.28,Knitting Yarn,40/1 Combed,Domestic China,CNY: 0.13801194
2024-11-25,3.63,USD/Kg,0.00,Knitting Yarn,40/1 Combed,Domestic China,CNY: 0.13806434
2024-11-22,3.63,USD/Kg,-0.27,Knitting Yarn,40/1 Combed,Domestic China,CNY: 0.13822655
2024-11-21,3.64,USD/Kg,-0.27,Knitting Yarn,40/1 Combed,Domestic China,CNY: 0.13802623
2024-11-20,3.65,USD/Kg,0.00,Knitting Yarn,40/1 Combed,Domestic China,CNY: 0.13813872
2024-11-19,3.65,USD/Kg,-0.27,Knitting Yarn,40/1 Combed,Domestic China,CNY: 0.13819026
2024-11-18,3.66,USD/Kg,-0.27,Knitting Yarn,40/1 Combed,Domestic China,CNY: 0.13826478
2024-11-15,3.67,USD/Kg,-0.27,Knitting Yarn,40/1 Combed,Domestic China,CNY: 0.13830685
2024-11-14,3.68,USD/Kg,0.27,Knitting Yarn,40/1 Combed,Domestic China,CNY: 0.13841405
2024-11-13,3.67,USD/Kg,-0.27,Knitting Yarn,40/1 Combed,Domestic China,CNY: 0.13826287
2024-11-12,3.68,USD/Kg,0.00,Knitting Yarn,40/1 Combed,Domestic China,CNY: 0.13865587
2024-11-11,3.68,USD/Kg,0.27,Knitting Yarn,40/1 Combed,Domestic China,CNY: 0.13929206
2024-11-08,3.67,USD/Kg,0.00,Knitting Yarn,40/1 Combed,Domestic China,CNY: 0.13999524
2024-11-07,3.67,USD/Kg,-0.54,Knitting Yarn,40/1 Combed,Domestic China,CNY: 0.13931651
2024-11-06,3.69,USD/Kg,0.00,Knitting Yarn,40/1 Combed,Domestic China,CNY: 0.14078162
2024-11-05,3.69,USD/Kg,-0.27,Knitting Yarn,40/1 Combed,Domestic China,CNY: 0.14086888
2024-11-04,3.70,USD/Kg,0.27,Knitting Yarn,40/1 Combed,Domestic China,CNY: 0.14039620
2024-11-01,3.69,USD/Kg,-0.27,Knitting Yarn,40/1 Combed,Domestic China,CNY: 0.14045733
2024-10-31,3.70,USD/Kg,-0.27,Knitting Yarn,40/1 Combed,Domestic China,CNY: 0.14053234
2024-10-30,3.71,USD/Kg,0.00,Knitting Yarn,40/1 Combed,Domestic China,CNY: 0.14023082
2024-10-29,3.71,USD/Kg,-0.27,Knitting Yarn,40/1 Combed,Domestic China,CNY: 0.14028197
2024-10-28,3.72,USD/Kg,-0.27,Knitting Yarn,40/1 Combed,Domestic China,CNY: 0.14042774
2024-10-25,3.73,USD/Kg,0.00,Knitting Yarn,40/1 Combed,Domestic China,CNY: 0.14045536
2024-10-24,3.73,USD/Kg,0.00,Knitting Yarn,40/1 Combed,Domestic China,CNY: 0.14032527
2024-10-23,3.73,USD/Kg,0.00,Knitting Yarn,40/1 Combed,Domestic China,CNY: 0.14039620
2024-10-22,3.73,USD/Kg,-0.27,Knitting Yarn,40/1 Combed,Domestic China,CNY: 0.14046917
2024-10-21,3.74,USD/Kg,0.00,Knitting Yarn,40/1 Combed,Domestic China,CNY: 0.14080937
2024-10-18,3.74,USD/Kg,-0.27,Knitting Yarn,40/1 Combed,Domestic China,CNY: 0.14037058
2024-10-17,3.75,USD/Kg,1.08,Knitting Yarn,40/1 Combed,Domestic China,CNY: 0.14046127
2024-10-16,3.71,USD/Kg,-0.27,Knitting Yarn,40/1 Combed,Domestic China,CNY: 0.14046917
2024-10-15,3.72,USD/Kg,-0.27,Knitting Yarn,40/1 Combed,Domestic China,CNY: 0.14107954
2024-10-14,3.73,USD/Kg,0.00,Knitting Yarn,40/1 Combed,Domestic China,CNY: 0.14151878
2024-10-11,3.73,USD/Kg,0.27,Knitting Yarn,40/1 Combed,Domestic China,CNY: 0.14122100
2024-10-10,3.72,USD/Kg,0.27,Knitting Yarn,40/1 Combed,Domestic China,CNY: 0.14121103
2024-10-09,3.71,USD/Kg,-0.27,Knitting Yarn,40/1 Combed,Domestic China,CNY: 0.14166714
2024-10-08,3.72,USD/Kg,-0.27,Knitting Yarn,40/1 Combed,Domestic China,CNY: 0.14245014
2024-10-07,3.73,USD/Kg,0.54,Knitting Yarn,40/1 Combed,Domestic China,CNY: 0.14248059
2024-10-04,3.71,USD/Kg,0.00,Knitting Yarn,40/1 Combed,Domestic China,CNY: 0.14192248
2024-10-03,3.71,USD/Kg,-0.27,Knitting Yarn,40/1 Combed,Domestic China,CNY: 0.14207169
2024-10-02,3.72,USD/Kg,0.00,Knitting Yarn,40/1 Combed,Domestic China,CNY: 0.14221919
2024-10-01,3.72,USD/Kg,0.00,Knitting Yarn,40/1 Combed,Domestic China,CNY: 0.14248871
2024-09-30,3.72,USD/Kg,-0.27,Knitting Yarn,40/1 Combed,Domestic China,CNY: 0.14262690
2024-09-27,3.73,USD/Kg,0.00,Knitting Yarn,40/1 Combed,Domestic China,CNY: 0.14265335
2024-09-26,3.73,USD/Kg,-0.53,Knitting Yarn,40/1 Combed,Domestic China,CNY: 0.14218077
2024-09-25,3.75,USD/Kg,0.27,Knitting Yarn,40/1 Combed,Domestic China,CNY: 0.14222323
2024-09-24,3.74,USD/Kg,0.27,Knitting Yarn,40/1 Combed,Domestic China,CNY: 0.14179570
2024-09-23,3.73,USD/Kg,0.00,Knitting Yarn,40/1 Combed,Domestic China,CNY: 0.14180575
2024-09-20,3.73,USD/Kg,0.00,Knitting Yarn,40/1 Combed,Domestic China,CNY: 0.14148274
2024-09-19,3.73,USD/Kg,0.27,Knitting Yarn,40/1 Combed,Domestic China,CNY: 0.14120305
2024-09-18,3.72,USD/Kg,0.27,Knitting Yarn,40/1 Combed,Domestic China,CNY: 0.14097413
2024-09-17,3.71,USD/Kg,0.00,Knitting Yarn,40/1 Combed,Domestic China,CNY: 0.14097413
2024-09-16,3.71,USD/Kg,0.00,Knitting Yarn,40/1 Combed,Domestic China,CNY: 0.14097214
2024-09-13,3.71,USD/Kg,0.27,Knitting Yarn,40/1 Combed,Domestic China,CNY: 0.14049680
2024-09-12,3.70,USD/Kg,0.27,Knitting Yarn,40/1 Combed,Domestic China,CNY: 0.14043958
2024-09-11,3.69,USD/Kg,0.00,Knitting Yarn,40/1 Combed,Domestic China,CNY: 0.14041394
2024-09-10,3.69,USD/Kg,0.00,Knitting Yarn,40/1 Combed,Domestic China,CNY: 0.14055604
2024-09-09,3.69,USD/Kg,0.27,Knitting Yarn,40/1 Combed,Domestic China,CNY: 0.14106561
2024-09-06,3.68,USD/Kg,-0.27,Knitting Yarn,40/1 Combed,Domestic China,CNY: 0.14099798
2024-09-05,3.69,USD/Kg,-0.27,Knitting Yarn,40/1 Combed,Domestic China,CNY: 0.14059359
2024-09-04,3.70,USD/Kg,0.27,Knitting Yarn,40/1 Combed,Domestic China,CNY: 0.14042183
2024-09-03,3.69,USD/Kg,0.27,Knitting Yarn,40/1 Combed,Domestic China,CNY: 0.14049680
2024-09-02,3.68,USD/Kg,-1.08,Knitting Yarn,40/1 Combed,Domestic China,CNY: 0.14098208
2024-08-30,3.72,USD/Kg,0.27,Knitting Yarn,40/1 Combed,Domestic China,CNY: 0.14091454
2024-08-29,3.71,USD/Kg,0.00,Knitting Yarn,40/1 Combed,Domestic China,CNY: 0.14034497
2024-08-28,3.71,USD/Kg,0.27,Knitting Yarn,40/1 Combed,Domestic China,CNY: 0.14036861
2024-08-27,3.70,USD/Kg,-0.27,Knitting Yarn,40/1 Combed,Domestic China,CNY: 0.14046522
2024-08-26,3.71,USD/Kg,-0.27,Knitting Yarn,40/1 Combed,Domestic China,CNY: 0.14035088
2024-08-23,3.72,USD/Kg,-0.27,Knitting Yarn,40/1 Combed,Domestic China,CNY: 0.13995605
2024-08-22,3.73,USD/Kg,0.27,Knitting Yarn,40/1 Combed,Domestic China,CNY: 0.14018954
2024-08-21,3.72,USD/Kg,0.27,Knitting Yarn,40/1 Combed,Domestic China,CNY: 0.14012667
2024-08-20,3.71,USD/Kg,0.00,Knitting Yarn,40/1 Combed,Domestic China,CNY: 0.14012667
2024-08-19,3.71,USD/Kg,0.00,Knitting Yarn,40/1 Combed,Domestic China,CNY: 0.13956734
2024-08-16,3.71,USD/Kg,-1.07,Knitting Yarn,40/1 Combed,Domestic China,CNY: 0.13954202
2024-08-15,3.75,USD/Kg,0.27,Knitting Yarn,40/1 Combed,Domestic China,CNY: 0.14008938
2024-08-14,3.74,USD/Kg,0.27,Knitting Yarn,40/1 Combed,Domestic China,CNY: 0.13978389
2024-08-13,3.73,USD/Kg,1.08,Knitting Yarn,40/1 Combed,Domestic China,CNY: 0.13937282
2024-08-12,3.69,USD/Kg,-0.27,Knitting Yarn,40/1 Combed,Domestic China,CNY: 0.13952255
2024-08-09,3.70,USD/Kg,0.27,Knitting Yarn,40/1 Combed,Domestic China,CNY: 0.13938059
2024-08-08,3.69,USD/Kg,0.27,Knitting Yarn,40/1 Combed,Domestic China,CNY: 0.13925055
2024-08-07,3.68,USD/Kg,0.27,Knitting Yarn,40/1 Combed,Domestic China,CNY: 0.14024754
2024-08-06,3.67,USD/Kg,-0.27,Knitting Yarn,40/1 Combed,Domestic China,CNY: 0.14042577
2024-08-05,3.68,USD/Kg,0.27,Knitting Yarn,40/1 Combed,Domestic China,CNY: 0.13969992
2024-08-02,3.67,USD/Kg,0.27,Knitting Yarn,40/1 Combed,Domestic China,CNY: 0.13804909
2024-08-01,3.66,USD/Kg,1.67,Knitting Yarn,40/1 Combed,Domestic China,CNY: 0.13854061
2024-07-31,3.60,USD/Kg,-0.28,Knitting Yarn,40/1 Combed,Domestic China,CNY: 0.13789870
2024-07-30,3.61,USD/Kg,0.00,Knitting Yarn,40/1 Combed,Domestic China,CNY: 0.13775433
2024-07-29,3.61,USD/Kg,0.28,Knitting Yarn,40/1 Combed,Domestic China,CNY: 0.13791011
2024-07-26,3.60,USD/Kg,-0.28,Knitting Yarn,40/1 Combed,Domestic China,CNY: 0.13829537
2024-07-25,3.61,USD/Kg,-0.28,Knitting Yarn,40/1 Combed,Domestic China,CNY: 0.13769932
2024-07-24,3.62,USD/Kg,-0.28,Knitting Yarn,40/1 Combed,Domestic China,CNY: 0.13745138
2024-07-23,3.63,USD/Kg,0.00,Knitting Yarn,40/1 Combed,Domestic China,CNY: 0.13748161
2024-07-22,3.63,USD/Kg,-0.27,Knitting Yarn,40/1 Combed,Domestic China,CNY: 0.13755158
2024-07-19,3.64,USD/Kg,-0.27,Knitting Yarn,40/1 Combed,Domestic China,CNY: 0.13774294
2024-07-18,3.65,USD/Kg,0.00,Knitting Yarn,40/1 Combed,Domestic China,CNY: 0.13773346
2024-07-17,3.65,USD/Kg,-0.27,Knitting Yarn,40/1 Combed,Domestic China,CNY: 0.14007957
2024-07-16,3.66,USD/Kg,0.00,Knitting Yarn,40/1 Combed,Domestic China,CNY: 0.13774294
2024-07-15,3.66,USD/Kg,1.39,Knitting Yarn,40/1 Combed,Domestic China,CNY: 0.13792342
2024-07-12,3.61,USD/Kg,-0.28,Knitting Yarn,40/1 Combed,Domestic China,CNY: 0.13781698
2024-07-11,3.62,USD/Kg,-0.28,Knitting Yarn,40/1 Combed,Domestic China,CNY: 0.13744760
2024-07-10,3.63,USD/Kg,0.00,Knitting Yarn,40/1 Combed,Domestic China,CNY: 0.13750052
2024-07-09,3.63,USD/Kg,-0.27,Knitting Yarn,40/1 Combed,Domestic China,CNY: 0.13758754
2024-07-08,3.64,USD/Kg,-0.27,Knitting Yarn,40/1 Combed,Domestic China,CNY: 0.13757543
2024-07-05,3.65,USD/Kg,-0.27,Knitting Yarn,40/1 Combed,Domestic China,CNY: 0.13761215
2024-07-04,3.66,USD/Kg,0.27,Knitting Yarn,40/1 Combed,Domestic China,CNY: 0.13755915
2024-07-03,3.65,USD/Kg,0.27,Knitting Yarn,40/1 Combed,Domestic China,CNY: 0.13754212
2024-07-02,3.64,USD/Kg,-0.27,Knitting Yarn,40/1 Combed,Domestic China,CNY: 0.13759133
2024-07-01,3.65,USD/Kg,0.27,Knitting Yarn,40/1 Combed,Domestic China,CNY: 0.13761215
2024-06-28,3.64,USD/Kg,-0.27,Knitting Yarn,40/1 Combed,Domestic China,CNY: 0.13758565
2024-06-27,3.65,USD/Kg,-0.27,Knitting Yarn,40/1 Combed,Domestic China,CNY: 0.13765572
2024-06-26,3.66,USD/Kg,0.00,Knitting Yarn,40/1 Combed,Domestic China,CNY: 0.13769553
2024-06-25,3.66,USD/Kg,-0.27,Knitting Yarn,40/1 Combed,Domestic China,CNY: 0.13776572
2024-06-24,3.67,USD/Kg,-0.27,Knitting Yarn,40/1 Combed,Domestic China,CNY: 0.13773725
2024-06-21,3.68,USD/Kg,0.27,Knitting Yarn,40/1 Combed,Domestic China,CNY: 0.13773915
2024-06-20,3.67,USD/Kg,-0.27,Knitting Yarn,40/1 Combed,Domestic China,CNY: 0.13779229
2024-06-19,3.68,USD/Kg,0.00,Knitting Yarn,40/1 Combed,Domestic China,CNY: 0.13786068
2024-06-18,3.68,USD/Kg,1.38,Knitting Yarn,40/1 Combed,Domestic China,CNY: 0.13781698
2024-06-17,3.63,USD/Kg,-0.27,Knitting Yarn,40/1 Combed,Domestic China,CNY: 0.14064104
2024-06-14,3.64,USD/Kg,0.00,Knitting Yarn,40/1 Combed,Domestic China,CNY: 0.13788159
2024-06-13,3.64,USD/Kg,0.28,Knitting Yarn,40/1 Combed,Domestic China,CNY: 0.13814063
2024-06-12,3.63,USD/Kg,0.28,Knitting Yarn,40/1 Combed,Domestic China,CNY: 0.14066280
2024-06-11,3.62,USD/Kg,0.00,Knitting Yarn,40/1 Combed,Domestic China,CNY: 0.14071625
2024-06-10,3.62,USD/Kg,-0.28,Knitting Yarn,40/1 Combed,Domestic China,CNY: 0.14070635
2024-06-07,3.63,USD/Kg,0.28,Knitting Yarn,40/1 Combed,Domestic China,CNY: 0.13903565
2024-06-06,3.62,USD/Kg,0.28,Knitting Yarn,40/1 Combed,Domestic China,CNY: 0.14073605
2024-06-05,3.61,USD/Kg,-0.28,Knitting Yarn,40/1 Combed,Domestic China,CNY: 0.14090659
2024-06-04,3.62,USD/Kg,0.00,Knitting Yarn,40/1 Combed,Domestic China,CNY: 0.13807768
2024-06-03,3.62,USD/Kg,0.00,Knitting Yarn,40/1 Combed,Domestic China,CNY: 0.13967594
2024-05-31,3.62,USD/Kg,0.28,Knitting Yarn,40/1 Combed,Domestic China,CNY: 0.14079549
2024-05-30,3.61,USD/Kg,-0.28,Knitting Yarn,40/1 Combed,Domestic China,CNY: 0.14059359
2024-05-29,3.62,USD/Kg,0.00,Knitting Yarn,40/1 Combed,Domestic China,CNY: 0.14065093
2024-05-28,3.62,USD/Kg,-0.28,Knitting Yarn,40/1 Combed,Domestic China,CNY: 0.13806624
2024-05-27,3.63,USD/Kg,0.28,Knitting Yarn,40/1 Combed,Domestic China,CNY: 0.14062522
2024-05-24,3.62,USD/Kg,0.00,Knitting Yarn,40/1 Combed,Domestic China,CNY: 0.14061929
2024-05-23,3.62,USD/Kg,0.00,Knitting Yarn,40/1 Combed,Domestic China,CNY: 0.14097612
2024-05-22,3.62,USD/Kg,0.00,Knitting Yarn,40/1 Combed,Domestic China,CNY: 0.14096817
2024-05-21,3.62,USD/Kg,0.00,Knitting Yarn,40/1 Combed,Domestic China,CNY: 0.13825713
2024-05-20,3.62,USD/Kg,0.28,Knitting Yarn,40/1 Combed,Domestic China,CNY: 0.14101787
2024-05-17,3.61,USD/Kg,0.28,Knitting Yarn,40/1 Combed,Domestic China,CNY: 0.13854253
2024-05-16,3.60,USD/Kg,0.00,Knitting Yarn,40/1 Combed,Domestic China,CNY: 0.13852910
2024-05-15,3.60,USD/Kg,-0.28,Knitting Yarn,40/1 Combed,Domestic China,CNY: 0.13825713
2024-05-14,3.61,USD/Kg,0.28,Knitting Yarn,40/1 Combed,Domestic China,CNY: 0.13824948
2024-05-13,3.60,USD/Kg,0.00,Knitting Yarn,40/1 Combed,Domestic China,CNY: 0.14102781
2024-05-10,3.60,USD/Kg,0.28,Knitting Yarn,40/1 Combed,Domestic China,CNY: 0.13850416
2024-05-09,3.59,USD/Kg,-1.37,Knitting Yarn,40/1 Combed,Domestic China,CNY: 0.13841214
2024-05-08,3.64,USD/Kg,-0.27,Knitting Yarn,40/1 Combed,Domestic China,CNY: 0.14090659
2024-05-07,3.65,USD/Kg,-0.27,Knitting Yarn,40/1 Combed,Domestic China,CNY: 0.14131479
2024-05-06,3.66,USD/Kg,0.27,Knitting Yarn,40/1 Combed,Domestic China,CNY: 0.14139672
2024-05-03,3.65,USD/Kg,-0.27,Knitting Yarn,40/1 Combed,Domestic China,CNY: 0.13813299
2024-05-02,3.66,USD/Kg,1.39,Knitting Yarn,40/1 Combed,Domestic China,CNY: 0.13810438
2024-05-01,3.61,USD/Kg,0.28,Knitting Yarn,40/1 Combed,Domestic China,CNY: 0.13808912
2024-04-30,3.60,USD/Kg,-1.10,Knitting Yarn,40/1 Combed,Domestic China,CNY: 0.13814635
2024-04-29,3.64,USD/Kg,-0.27,Knitting Yarn,40/1 Combed,Domestic China,CNY: 0.13801480
2024-04-26,3.65,USD/Kg,0.00,Knitting Yarn,40/1 Combed,Domestic China,CNY: 0.13812918
2024-04-25,3.65,USD/Kg,0.00,Knitting Yarn,40/1 Combed,Domestic China,CNY: 0.13802622
2024-04-24,3.65,USD/Kg,0.27,Knitting Yarn,40/1 Combed,Domestic China,CNY: 0.13801670
2024-04-23,3.64,USD/Kg,0.28,Knitting Yarn,40/1 Combed,Domestic China,CNY: 0.13805481
2024-04-22,3.63,USD/Kg,0.00,Knitting Yarn,40/1 Combed,Domestic China,CNY: 0.14083119
2024-04-19,3.63,USD/Kg,-0.27,Knitting Yarn,40/1 Combed,Domestic China,CNY: 0.13816544
2024-04-18,3.64,USD/Kg,0.28,Knitting Yarn,40/1 Combed,Domestic China,CNY: 0.13815208
2024-04-17,3.63,USD/Kg,0.28,Knitting Yarn,40/1 Combed,Domestic China,CNY: 0.13817498
2024-04-16,3.62,USD/Kg,1.69,Knitting Yarn,40/1 Combed,Domestic China,CNY: 0.13815971
2024-04-15,3.56,USD/Kg,-0.28,Knitting Yarn,40/1 Combed,Domestic China,CNY: 0.13818644
2024-04-12,3.57,USD/Kg,0.00,Knitting Yarn,40/1 Combed,Domestic China,CNY: 0.13818071
2024-04-11,3.57,USD/Kg,-0.28,Knitting Yarn,40/1 Combed,Domestic China,CNY: 0.13826478
2024-04-10,3.58,USD/Kg,0.00,Knitting Yarn,40/1 Combed,Domestic China,CNY: 0.13828007
2024-04-09,3.58,USD/Kg,0.00,Knitting Yarn,40/1 Combed,Domestic China,CNY: 0.13829920
2024-04-08,3.58,USD/Kg,0.00,Knitting Yarn,40/1 Combed,Domestic China,CNY: 0.14101389
2024-04-05,3.58,USD/Kg,-0.83,Knitting Yarn,40/1 Combed,Domestic China,CNY: 0.13821891
2024-04-04,3.61,USD/Kg,-0.28,Knitting Yarn,40/1 Combed,Domestic China,CNY: 0.13820936
2024-04-03,3.62,USD/Kg,-0.28,Knitting Yarn,40/1 Combed,Domestic China,CNY: 0.13824757
2024-04-02,3.63,USD/Kg,0.00,Knitting Yarn,40/1 Combed,Domestic China,CNY: 0.13829920
2024-04-01,3.63,USD/Kg,0.28,Knitting Yarn,40/1 Combed,Domestic China,CNY: 0.13847922
2024-03-29,3.62,USD/Kg,0.00,Knitting Yarn,40/1 Combed,Domestic China,CNY: 0.13836043
2024-03-28,3.62,USD/Kg,0.28,Knitting Yarn,40/1 Combed,Domestic China,CNY: 0.13837000
2024-03-27,3.61,USD/Kg,1.69,Knitting Yarn,40/1 Combed,Domestic China,CNY: 0.13852910
2024-03-26,3.55,USD/Kg,0.00,Knitting Yarn,40/1 Combed,Domestic China,CNY: 0.13871165
2024-03-25,3.55,USD/Kg,0.28,Knitting Yarn,40/1 Combed,Domestic China,CNY: 0.13916496
2024-03-22,3.54,USD/Kg,0.00,Knitting Yarn,40/1 Combed,Domestic China,CNY: 0.13890432
2024-03-21,3.54,USD/Kg,0.00,Knitting Yarn,40/1 Combed,Domestic China,CNY: 0.13891783
2024-03-20,3.54,USD/Kg,0.00,Knitting Yarn,40/1 Combed,Domestic China,CNY: 0.13890818
2024-03-19,3.54,USD/Kg,0.28,Knitting Yarn,40/1 Combed,Domestic China,CNY: 0.13891783
2024-03-18,3.53,USD/Kg,0.28,Knitting Yarn,40/1 Combed,Domestic China,CNY: 0.14020658
2024-03-15,3.52,USD/Kg,-0.28,Knitting Yarn,40/1 Combed,Domestic China,CNY: 0.13901632
2024-03-14,3.53,USD/Kg,0.00,Knitting Yarn,40/1 Combed,Domestic China,CNY: 0.13912850
2024-03-13,3.53,USD/Kg,-0.28,Knitting Yarn,40/1 Combed,Domestic China,CNY: 0.13923698
2024-03-12,3.54,USD/Kg,0.57,Knitting Yarn,40/1 Combed,Domestic China,CNY: 0.13918659
2024-03-11,3.52,USD/Kg,0.28,Knitting Yarn,40/1 Combed,Domestic China,CNY: 0.14003215
2024-03-08,3.51,USD/Kg,0.29,Knitting Yarn,40/1 Combed,Domestic China,CNY: 0.13901825
2024-03-07,3.50,USD/Kg,-0.28,Knitting Yarn,40/1 Combed,Domestic China,CNY: 0.13894871
2024-03-06,3.51,USD/Kg,-0.28,Knitting Yarn,40/1 Combed,Domestic China,CNY: 0.13894678
2024-03-05,3.52,USD/Kg,0.28,Knitting Yarn,40/1 Combed,Domestic China,CNY: 0.13889082
2024-03-04,3.51,USD/Kg,0.00,Knitting Yarn,40/1 Combed,Domestic China,CNY: 0.13982429
2024-03-01,3.51,USD/Kg,0.00,Knitting Yarn,40/1 Combed,Domestic China,CNY: 0.13911302
2024-02-29,3.51,USD/Kg,-0.28,Knitting Yarn,40/1 Combed,Domestic China,CNY: 0.13894678
2024-02-28,3.52,USD/Kg,0.00,Knitting Yarn,40/1 Combed,Domestic China,CNY: 0.13891976
2024-02-27,3.52,USD/Kg,0.00,Knitting Yarn,40/1 Combed,Domestic China,CNY: 0.13894196
2024-02-26,3.52,USD/Kg,0.00,Knitting Yarn,40/1 Combed,Domestic China,CNY: 0.13984416
2024-02-23,3.52,USD/Kg,-0.28,Knitting Yarn,40/1 Combed,Domestic China,CNY: 0.13899893
2024-02-22,3.53,USD/Kg,-0.28,Knitting Yarn,40/1 Combed,Domestic China,CNY: 0.13910334
2024-02-21,3.54,USD/Kg,-0.28,Knitting Yarn,40/1 Combed,Domestic China,CNY: 0.13906659
2024-02-20,3.55,USD/Kg,0.00,Knitting Yarn,40/1 Combed,Domestic China,CNY: 0.13892362
2024-02-19,3.55,USD/Kg,0.28,Knitting Yarn,40/1 Combed,Domestic China,CNY: 0.14048199
2024-02-16,3.54,USD/Kg,-1.67,Knitting Yarn,40/1 Combed,Domestic China,CNY: 0.14053036
2024-02-15,3.60,USD/Kg,0.28,Knitting Yarn,40/1 Combed,Domestic China,CNY: 0.13933204
2024-02-14,3.59,USD/Kg,0.00,Knitting Yarn,40/1 Combed,Domestic China,CNY: 0.13908786
2024-02-13,3.59,USD/Kg,-0.28,Knitting Yarn,40/1 Combed,Domestic China,CNY: 0.13902019
2024-02-12,3.60,USD/Kg,0.00,Knitting Yarn,40/1 Combed,Domestic China,CNY: 0.14002627
2024-02-09,3.60,USD/Kg,0.00,Knitting Yarn,40/1 Combed,Domestic China,CNY: 0.14053234
2024-02-08,3.60,USD/Kg,-0.28,Knitting Yarn,40/1 Combed,Domestic China,CNY: 0.14058766
2024-02-07,3.61,USD/Kg,0.28,Knitting Yarn,40/1 Combed,Domestic China,CNY: 0.14068259
2024-02-06,3.60,USD/Kg,-0.28,Knitting Yarn,40/1 Combed,Domestic China,CNY: 0.14058042
2024-02-05,3.61,USD/Kg,-0.28,Knitting Yarn,40/1 Combed,Domestic China,CNY: 0.14047627
2024-02-02,3.62,USD/Kg,0.00,Knitting Yarn,40/1 Combed,Domestic China,CNY: 0.14082524
2024-02-01,3.62,USD/Kg,0.28,Knitting Yarn,40/1 Combed,Domestic China,CNY: 0.14078558
2024-01-31,3.61,USD/Kg,-0.28,Knitting Yarn,40/1 Combed,Domestic China,CNY: 0.14076378
2024-01-30,3.62,USD/Kg,0.00,Knitting Yarn,40/1 Combed,Domestic China,CNY: 0.14087285
2024-01-29,3.62,USD/Kg,0.28,Knitting Yarn,40/1 Combed,Domestic China,CNY: 0.14091136
2024-01-26,3.61,USD/Kg,-0.28,Knitting Yarn,40/1 Combed,Domestic China,CNY: 0.14095625
2024-01-25,3.62,USD/Kg,0.00,Knitting Yarn,40/1 Combed,Domestic China,CNY: 0.14104571
2024-01-24,3.62,USD/Kg,-0.28,Knitting Yarn,40/1 Combed,Domestic China,CNY: 0.14104571
2024-01-23,3.63,USD/Kg,0.28,Knitting Yarn,40/1 Combed,Domestic China,CNY: 0.13901052
2024-01-22,3.62,USD/Kg,0.00,Knitting Yarn,40/1 Combed,Domestic China,CNY: 0.14050667
2024-01-19,3.62,USD/Kg,0.28,Knitting Yarn,40/1 Combed,Domestic China,CNY: 0.14035088
2024-01-18,3.61,USD/Kg,-0.28,Knitting Yarn,40/1 Combed,Domestic China,CNY: 0.14032527
2024-01-17,3.62,USD/Kg,-0.28,Knitting Yarn,40/1 Combed,Domestic China,CNY: 0.14032134
2024-01-16,3.63,USD/Kg,0.28,Knitting Yarn,40/1 Combed,Domestic China,CNY: 0.14070041
2024-01-15,3.62,USD/Kg,-0.28,Knitting Yarn,40/1 Combed,Domestic China,CNY: 0.14062720
2024-01-12,3.63,USD/Kg,-0.27,Knitting Yarn,40/1 Combed,Domestic China,CNY: 0.14089428
2024-01-11,3.64,USD/Kg,-0.27,Knitting Yarn,40/1 Combed,Domestic China,CNY: 0.13944473
2024-01-10,3.65,USD/Kg,0.00,Knitting Yarn,40/1 Combed,Domestic China,CNY: 0.14059359
2024-01-09,3.65,USD/Kg,0.27,Knitting Yarn,40/1 Combed,Domestic China,CNY: 0.14084507
2024-01-08,3.64,USD/Kg,0.00,Knitting Yarn,40/1 Combed,Domestic China,CNY: 0.14079549
2024-01-05,3.64,USD/Kg,0.28,Knitting Yarn,40/1 Combed,Domestic China,CNY: 0.14042971
2024-01-04,3.63,USD/Kg,0.28,Knitting Yarn,40/1 Combed,Domestic China,CNY: 0.14062324
2024-01-03,3.62,USD/Kg,0.28,Knitting Yarn,40/1 Combed,Domestic China,CNY: 0.14085301
2024-01-02,3.61,USD/Kg,0.00,Knitting Yarn,40/1 Combed,Domestic China,CNY: 0.14127087
2024-01-01,3.61,USD/Kg,0.28,Knitting Yarn,40/1 Combed,Domestic China,CNY: 0.14126608
2023-12-29,3.60,USD/Kg,0.28,Knitting Yarn,40/1 Combed,Domestic China,CNY: 0.14068655
2023-12-28,3.59,USD/Kg,0.00,Knitting Yarn,40/1 Combed,Domestic China,CNY: 0.14002857
2023-12-27,3.59,USD/Kg,0.00,Knitting Yarn,40/1 Combed,Domestic China,CNY: 0.13998936
2023-12-26,3.59,USD/Kg,0.00,Knitting Yarn,40/1 Combed,Domestic China,CNY: 0.14012471
2023-12-25,3.59,USD/Kg,0.00,Knitting Yarn,40/1 Combed,Domestic China,CNY: 0.14097811
2023-12-22,3.59,USD/Kg,0.00,Knitting Yarn,40/1 Combed,Domestic China,CNY: 0.14007172
2023-12-21,3.59,USD/Kg,-0.28,Knitting Yarn,40/1 Combed,Domestic China,CNY: 0.14015221
2023-12-20,3.60,USD/Kg,0.00,Knitting Yarn,40/1 Combed,Domestic China,CNY: 0.14127886
2023-12-19,3.60,USD/Kg,0.00,Knitting Yarn,40/1 Combed,Domestic China,CNY: 0.14019347
2023-12-18,3.60,USD/Kg,-0.83,Knitting Yarn,40/1 Combed,Domestic China,CNY: 0.14123296
2023-12-15,3.63,USD/Kg,0.00,Knitting Yarn,40/1 Combed,Domestic China,CNY: 0.14130281
2023-12-14,3.63,USD/Kg,-0.27,Knitting Yarn,40/1 Combed,Domestic China,CNY: 0.13941946
2023-12-13,3.64,USD/Kg,0.28,Knitting Yarn,40/1 Combed,Domestic China,CNY: 0.13933398
2023-12-12,3.63,USD/Kg,0.28,Knitting Yarn,40/1 Combed,Domestic China,CNY: 0.13937088
2023-12-11,3.62,USD/Kg,-0.28,Knitting Yarn,40/1 Combed,Domestic China,CNY: 0.14012275
2023-12-08,3.63,USD/Kg,0.28,Knitting Yarn,40/1 Combed,Domestic China,CNY: 0.13986405
2023-12-07,3.62,USD/Kg,0.00,Knitting Yarn,40/1 Combed,Domestic China,CNY: 0.14049088
2023-12-06,3.62,USD/Kg,0.00,Knitting Yarn,40/1 Combed,Domestic China,CNY: 0.13992668
2023-12-05,3.62,USD/Kg,-0.28,Knitting Yarn,40/1 Combed,Domestic China,CNY: 0.14108551
2023-12-04,3.63,USD/Kg,0.28,Knitting Yarn,40/1 Combed,Domestic China,CNY: 0.14140271
2023-12-01,3.62,USD/Kg,0.28,Knitting Yarn,40/1 Combed,Domestic China,CNY: 0.14113529
2023-11-30,3.61,USD/Kg,0.00,Knitting Yarn,40/1 Combed,Domestic China,CNY: 0.14106561
2023-11-29,3.61,USD/Kg,0.00,Knitting Yarn,40/1 Combed,Domestic China,CNY: 0.14136673
2023-11-28,3.61,USD/Kg,-0.28,Knitting Yarn,40/1 Combed,Domestic China,CNY: 0.14022689
2023-11-27,3.62,USD/Kg,0.28,Knitting Yarn,40/1 Combed,Domestic China,CNY: 0.14101309
2023-11-24,3.61,USD/Kg,0.00,Knitting Yarn,40/1 Combed,Domestic China,CNY: 0.14092844
2023-11-23,3.61,USD/Kg,-0.28,Knitting Yarn,40/1 Combed,Domestic China,CNY: 0.13975850
2023-11-22,3.62,USD/Kg,0.00,Knitting Yarn,40/1 Combed,Domestic China,CNY: 0.14089667
2023-11-21,3.62,USD/Kg,0.00,Knitting Yarn,40/1 Combed,Domestic China,CNY: 0.13949725
2023-11-20,3.62,USD/Kg,0.28,Knitting Yarn,40/1 Combed,Domestic China,CNY: 0.13921986
2023-11-17,3.61,USD/Kg,0.00,Knitting Yarn,40/1 Combed,Domestic China,CNY: 0.13808340
2023-11-16,3.61,USD/Kg,0.00,Knitting Yarn,40/1 Combed,Domestic China,CNY: 0.13799194
2023-11-15,3.61,USD/Kg,0.28,Knitting Yarn,40/1 Combed,Domestic China,CNY: 0.13787208
2023-11-14,3.60,USD/Kg,0.28,Knitting Yarn,40/1 Combed,Domestic China,CNY: 0.13717421
2023-11-13,3.59,USD/Kg,0.28,Knitting Yarn,40/1 Combed,Domestic China,CNY: 0.13904725
2023-11-10,3.58,USD/Kg,-0.28,Knitting Yarn,40/1 Combed,Domestic China,CNY: 0.13730040
2023-11-09,3.59,USD/Kg,-0.28,Knitting Yarn,40/1 Combed,Domestic China,CNY: 0.13735698
2023-11-08,3.60,USD/Kg,-0.28,Knitting Yarn,40/1 Combed,Domestic China,CNY: 0.13737962
2023-11-07,3.61,USD/Kg,0.00,Knitting Yarn,40/1 Combed,Domestic China,CNY: 0.13755915
2023-11-06,3.61,USD/Kg,0.28,Knitting Yarn,40/1 Combed,Domestic China,CNY: 0.13827816
2023-11-03,3.60,USD/Kg,-0.28,Knitting Yarn,40/1 Combed,Domestic China,CNY: 0.13670353
2023-11-02,3.61,USD/Kg,0.00,Knitting Yarn,40/1 Combed,Domestic China,CNY: 0.13666990
2023-11-01,3.61,USD/Kg,0.28,Knitting Yarn,40/1 Combed,Domestic China,CNY: 0.13668111
2023-10-31,3.60,USD/Kg,0.00,Knitting Yarn,40/1 Combed,Domestic China,CNY: 0.13674279
2023-10-30,3.60,USD/Kg,-1.64,Knitting Yarn,40/1 Combed,Domestic China,CNY: 0.13949531
2023-10-27,3.66,USD/Kg,0.00,Knitting Yarn,40/1 Combed,Domestic China,CNY: 0.13668858
2023-10-26,3.66,USD/Kg,0.00,Knitting Yarn,40/1 Combed,Domestic China,CNY: 0.13667364
2023-10-25,3.66,USD/Kg,0.00,Knitting Yarn,40/1 Combed,Domestic China,CNY: 0.13679891
2023-10-24,3.66,USD/Kg,-0.27,Knitting Yarn,40/1 Combed,Domestic China,CNY: 0.13670353
2023-10-23,3.67,USD/Kg,0.27,Knitting Yarn,40/1 Combed,Domestic China,CNY: 0.13667924
2023-10-20,3.66,USD/Kg,0.83,Knitting Yarn,40/1 Combed,Domestic China,CNY: 0.13675775
2023-10-19,3.63,USD/Kg,0.28,Knitting Yarn,40/1 Combed,Domestic China,CNY: 0.13671474
2023-10-18,3.62,USD/Kg,0.28,Knitting Yarn,40/1 Combed,Domestic China,CNY: 0.13674840
2023-10-17,3.61,USD/Kg,0.28,Knitting Yarn,40/1 Combed,Domestic China,CNY: 0.13679329
2023-10-16,3.60,USD/Kg,0.00,Knitting Yarn,40/1 Combed,Domestic China,CNY: 0.13931457
2023-10-13,3.60,USD/Kg,-0.28,Knitting Yarn,40/1 Combed,Domestic China,CNY: 0.13693940
2023-10-12,3.61,USD/Kg,-1.37,Knitting Yarn,40/1 Combed,Domestic China,CNY: 0.13699193
2023-10-11,3.66,USD/Kg,0.00,Knitting Yarn,40/1 Combed,Domestic China,CNY: 0.13706140
2023-10-10,3.66,USD/Kg,-0.27,Knitting Yarn,40/1 Combed,Domestic China,CNY: 0.13714599
2023-10-09,3.67,USD/Kg,0.00,Knitting Yarn,40/1 Combed,Domestic China,CNY: 0.13695816
2023-10-06,3.67,USD/Kg,-0.27,Knitting Yarn,40/1 Combed,Domestic China,CNY: 0.13891204
2023-10-05,3.68,USD/Kg,-0.27,Knitting Yarn,40/1 Combed,Domestic China,CNY: 0.13886382
2023-10-04,3.69,USD/Kg,0.27,Knitting Yarn,40/1 Combed,Domestic China,CNY: 0.13896416
2023-10-03,3.68,USD/Kg,0.00,Knitting Yarn,40/1 Combed,Domestic China,CNY: 0.13908399
2023-10-02,3.68,USD/Kg,0.27,Knitting Yarn,40/1 Combed,Domestic China,CNY: 0.13940002
2023-09-29,3.67,USD/Kg,0.00,Knitting Yarn,40/1 Combed,Domestic China,CNY: 0.13696941
2023-09-28,3.67,USD/Kg,1.10,Knitting Yarn,40/1 Combed,Domestic China,CNY: 0.13681575
2023-09-27,3.63,USD/Kg,0.28,Knitting Yarn,40/1 Combed,Domestic China,CNY: 0.13676710
2023-09-26,3.62,USD/Kg,-0.28,Knitting Yarn,40/1 Combed,Domestic China,CNY: 0.13678207
2023-09-25,3.63,USD/Kg,1.40,Knitting Yarn,40/1 Combed,Domestic China,CNY: 0.13701446
2023-09-22,3.58,USD/Kg,0.28,Knitting Yarn,40/1 Combed,Domestic China,CNY: 0.13684571
2023-09-21,3.57,USD/Kg,0.28,Knitting Yarn,40/1 Combed,Domestic China,CNY: 0.13723068
2023-09-20,3.56,USD/Kg,0.00,Knitting Yarn,40/1 Combed,Domestic China,CNY: 0.13705013
2023-09-19,3.56,USD/Kg,0.00,Knitting Yarn,40/1 Combed,Domestic China,CNY: 0.13714411
2023-09-18,3.56,USD/Kg,0.28,Knitting Yarn,40/1 Combed,Domestic China,CNY: 0.13745893
2023-09-15,3.55,USD/Kg,0.28,Knitting Yarn,40/1 Combed,Domestic China,CNY: 0.13742493
2023-09-14,3.54,USD/Kg,0.28,Knitting Yarn,40/1 Combed,Domestic China,CNY: 0.13755537
2023-09-13,3.53,USD/Kg,-0.28,Knitting Yarn,40/1 Combed,Domestic China,CNY: 0.13713847
2023-09-12,3.54,USD/Kg,0.00,Knitting Yarn,40/1 Combed,Domestic China,CNY: 0.13719303
2023-09-11,3.54,USD/Kg,0.28,Knitting Yarn,40/1 Combed,Domestic China,CNY: 0.13807578
2023-09-08,3.53,USD/Kg,0.00,Knitting Yarn,40/1 Combed,Domestic China,CNY: 0.13644799
2023-09-07,3.53,USD/Kg,-0.28,Knitting Yarn,40/1 Combed,Domestic China,CNY: 0.13666990
2023-09-06,3.54,USD/Kg,0.00,Knitting Yarn,40/1 Combed,Domestic China,CNY: 0.13690378
2023-09-05,3.54,USD/Kg,0.28,Knitting Yarn,40/1 Combed,Domestic China,CNY: 0.13749673
2023-09-04,3.53,USD/Kg,0.00,Knitting Yarn,40/1 Combed,Domestic China,CNY: 0.13771904
2023-09-01,3.53,USD/Kg,0.00,Knitting Yarn,40/1 Combed,Domestic China,CNY: 0.13778090
2023-08-31,3.53,USD/Kg,-0.28,Knitting Yarn,40/1 Combed,Domestic China,CNY: 0.13727590
2023-08-30,3.54,USD/Kg,-0.28,Knitting Yarn,40/1 Combed,Domestic China,CNY: 0.13735509
2023-08-29,3.55,USD/Kg,-0.28,Knitting Yarn,40/1 Combed,Domestic China,CNY: 0.13717233
2023-08-28,3.56,USD/Kg,-0.28,Knitting Yarn,40/1 Combed,Domestic China,CNY: 0.13717421
2023-08-25,3.57,USD/Kg,-0.83,Knitting Yarn,40/1 Combed,Domestic China,CNY: 0.13740510
2023-08-24,3.60,USD/Kg,0.28,Knitting Yarn,40/1 Combed,Domestic China,CNY: 0.13926607
2023-08-23,3.59,USD/Kg,-0.28,Knitting Yarn,40/1 Combed,Domestic China,CNY: 0.13711026
2023-08-22,3.60,USD/Kg,-0.83,Knitting Yarn,40/1 Combed,Domestic China,CNY: 0.13873474
2023-08-21,3.63,USD/Kg,0.00,Knitting Yarn,40/1 Combed,Domestic China,CNY: 0.13733057
2023-08-18,3.63,USD/Kg,0.28,Knitting Yarn,40/1 Combed,Domestic China,CNY: 0.13733623
2023-08-17,3.62,USD/Kg,-0.28,Knitting Yarn,40/1 Combed,Domestic China,CNY: 0.13702196
2023-08-16,3.63,USD/Kg,0.28,Knitting Yarn,40/1 Combed,Domestic China,CNY: 0.13731548
2023-08-15,3.62,USD/Kg,-0.28,Knitting Yarn,40/1 Combed,Domestic China,CNY: 0.13777331
2023-08-14,3.63,USD/Kg,-0.27,Knitting Yarn,40/1 Combed,Domestic China,CNY: 0.13884646
2023-08-11,3.64,USD/Kg,0.00,Knitting Yarn,40/1 Combed,Domestic China,CNY: 0.13858669
2023-08-10,3.64,USD/Kg,0.28,Knitting Yarn,40/1 Combed,Domestic China,CNY: 0.13870972
2023-08-09,3.63,USD/Kg,-0.27,Knitting Yarn,40/1 Combed,Domestic China,CNY: 0.13856749
2023-08-08,3.64,USD/Kg,0.28,Knitting Yarn,40/1 Combed,Domestic China,CNY: 0.13901439
2023-08-07,3.63,USD/Kg,0.28,Knitting Yarn,40/1 Combed,Domestic China,CNY: 0.14003445
2023-08-04,3.62,USD/Kg,0.28,Knitting Yarn,40/1 Combed,Domestic China,CNY: 0.13959072
2023-08-03,3.61,USD/Kg,-0.28,Knitting Yarn,40/1 Combed,Domestic China,CNY: 0.13905885
2023-08-02,3.62,USD/Kg,0.00,Knitting Yarn,40/1 Combed,Domestic China,CNY: 0.13932428
2023-08-01,3.62,USD/Kg,-0.28,Knitting Yarn,40/1 Combed,Domestic China,CNY: 0.14074100
2023-07-31,3.63,USD/Kg,-0.27,Knitting Yarn,40/1 Combed,Domestic China,CNY: 0.14059359
2023-07-28,3.64,USD/Kg,0.28,Knitting Yarn,40/1 Combed,Domestic China,CNY: 0.13938836
2023-07-27,3.63,USD/Kg,-0.27,Knitting Yarn,40/1 Combed,Domestic China,CNY: 0.13984058
2023-07-26,3.64,USD/Kg,0.00,Knitting Yarn,40/1 Combed,Domestic China,CNY: 0.14012864
2023-07-25,3.64,USD/Kg,0.28,Knitting Yarn,40/1 Combed,Domestic China,CNY: 0.13915367
2023-07-24,3.63,USD/Kg,0.00,Knitting Yarn,40/1 Combed,Domestic China,CNY: 0.13912463
2023-07-21,3.63,USD/Kg,0.28,Knitting Yarn,40/1 Combed,Domestic China,CNY: 0.13932234
2023-07-20,3.62,USD/Kg,0.00,Knitting Yarn,40/1 Combed,Domestic China,CNY: 0.13837000
2023-07-19,3.62,USD/Kg,-0.28,Knitting Yarn,40/1 Combed,Domestic China,CNY: 0.13926995
2023-07-18,3.63,USD/Kg,0.28,Knitting Yarn,40/1 Combed,Domestic China,CNY: 0.13943695
2023-07-17,3.62,USD/Kg,0.00,Knitting Yarn,40/1 Combed,Domestic China,CNY: 0.14003053
2023-07-14,3.62,USD/Kg,0.00,Knitting Yarn,40/1 Combed,Domestic China,CNY: 0.13984058
2023-07-13,3.62,USD/Kg,-0.28,Knitting Yarn,40/1 Combed,Domestic China,CNY: 0.13954202
2023-07-12,3.63,USD/Kg,0.28,Knitting Yarn,40/1 Combed,Domestic China,CNY: 0.13869241
2023-07-11,3.62,USD/Kg,-0.28,Knitting Yarn,40/1 Combed,Domestic China,CNY: 0.13828198
2023-07-10,3.63,USD/Kg,-0.27,Knitting Yarn,40/1 Combed,Domestic China,CNY: 0.13848114
2023-07-07,3.64,USD/Kg,0.28,Knitting Yarn,40/1 Combed,Domestic China,CNY: 0.13792723
2023-07-06,3.63,USD/Kg,0.00,Knitting Yarn,40/1 Combed,Domestic China,CNY: 0.13797861
2023-07-05,3.63,USD/Kg,1.97,Knitting Yarn,40/1 Combed,Domestic China,CNY: 0.13860974
2023-07-04,3.56,USD/Kg,0.28,Knitting Yarn,40/1 Combed,Domestic China,CNY: 0.13810629
2023-07-03,3.55,USD/Kg,-0.28,Knitting Yarn,40/1 Combed,Domestic China,CNY: 0.13788729
2023-06-30,3.56,USD/Kg,0.00,Knitting Yarn,40/1 Combed,Domestic China,CNY: 0.13787779
2023-06-29,3.56,USD/Kg,0.28,Knitting Yarn,40/1 Combed,Domestic China,CNY: 0.13803575
2023-06-28,3.55,USD/Kg,-0.28,Knitting Yarn,40/1 Combed,Domestic China,CNY: 0.13850032
2023-06-27,3.56,USD/Kg,0.28,Knitting Yarn,40/1 Combed,Domestic China,CNY: 0.13846160
2023-06-26,3.55,USD/Kg,0.00,Knitting Yarn,40/1 Combed,Domestic China,CNY: 0.13875399
2023-06-23,3.55,USD/Kg,0.28,Knitting Yarn,40/1 Combed,Domestic China,CNY: 0.13928547
2023-06-22,3.54,USD/Kg,0.00,Knitting Yarn,40/1 Combed,Domestic China,CNY: 0.13928547
2023-06-21,3.54,USD/Kg,0.28,Knitting Yarn,40/1 Combed,Domestic China,CNY: 0.13924086
2023-06-20,3.53,USD/Kg,-0.28,Knitting Yarn,40/1 Combed,Domestic China,CNY: 0.13963555
2023-06-19,3.54,USD/Kg,0.28,Knitting Yarn,40/1 Combed,Domestic China,CNY: 0.14031937
2023-06-16,3.53,USD/Kg,0.28,Knitting Yarn,40/1 Combed,Domestic China,CNY: 0.14042971
2023-06-15,3.52,USD/Kg,-1.40,Knitting Yarn,40/1 Combed,Domestic China,CNY: 0.13959462
2023-06-14,3.57,USD/Kg,0.28,Knitting Yarn,40/1 Combed,Domestic China,CNY: 0.13951866
2023-06-13,3.56,USD/Kg,-0.28,Knitting Yarn,40/1 Combed,Domestic China,CNY: 0.13994626
2023-06-12,3.57,USD/Kg,-0.28,Knitting Yarn,40/1 Combed,Domestic China,CNY: 0.14028000
2023-06-09,3.58,USD/Kg,0.28,Knitting Yarn,40/1 Combed,Domestic China,CNY: 0.14060149
2023-06-08,3.57,USD/Kg,-0.28,Knitting Yarn,40/1 Combed,Domestic China,CNY: 0.14025639
2023-06-07,3.58,USD/Kg,-0.28,Knitting Yarn,40/1 Combed,Domestic China,CNY: 0.14045338
2023-06-06,3.59,USD/Kg,0.28,Knitting Yarn,40/1 Combed,Domestic China,CNY: 0.14072615
2023-06-05,3.58,USD/Kg,0.28,Knitting Yarn,40/1 Combed,Domestic China,CNY: 0.14114724
2023-06-02,3.57,USD/Kg,0.00,Knitting Yarn,40/1 Combed,Domestic China,CNY: 0.14095426
2023-06-01,3.57,USD/Kg,-0.83,Knitting Yarn,40/1 Combed,Domestic China,CNY: 0.14061138
2023-05-31,3.60,USD/Kg,0.00,Knitting Yarn,40/1 Combed,Domestic China,CNY: 0.14124294
2023-05-30,3.60,USD/Kg,-0.28,Knitting Yarn,40/1 Combed,Domestic China,CNY: 0.14137673
2023-05-29,3.61,USD/Kg,0.00,Knitting Yarn,40/1 Combed,Domestic China,CNY: 0.14154883
2023-05-26,3.61,USD/Kg,1.40,Knitting Yarn,40/1 Combed,Domestic China,CNY: 0.14126489
2023-05-25,3.56,USD/Kg,0.28,Knitting Yarn,40/1 Combed,Domestic China,CNY: 0.14162501
2023-05-24,3.55,USD/Kg,0.00,Knitting Yarn,40/1 Combed,Domestic China,CNY: 0.14169524
2023-05-23,3.55,USD/Kg,-0.28,Knitting Yarn,40/1 Combed,Domestic China,CNY: 0.14216662
2023-05-22,3.56,USD/Kg,-1.66,Knitting Yarn,40/1 Combed,Domestic China,CNY: 0.14269610
2023-05-19,3.62,USD/Kg,0.00,Knitting Yarn,40/1 Combed,Domestic China,CNY: 0.14212419
2023-05-18,3.62,USD/Kg,0.28,Knitting Yarn,40/1 Combed,Domestic China,CNY: 0.14288572
2023-05-17,3.61,USD/Kg,0.00,Knitting Yarn,40/1 Combed,Domestic China,CNY: 0.14331575
2023-05-16,3.61,USD/Kg,0.00,Knitting Yarn,40/1 Combed,Domestic China,CNY: 0.14383108
2023-05-15,3.61,USD/Kg,0.00,Knitting Yarn,40/1 Combed,Domestic China,CNY: 0.14371326
2023-05-12,3.61,USD/Kg,0.00,Knitting Yarn,40/1 Combed,Domestic China,CNY: 0.14391181
2023-05-11,3.61,USD/Kg,0.84,Knitting Yarn,40/1 Combed,Domestic China,CNY: 0.14423146
2023-05-10,3.58,USD/Kg,0.00,Knitting Yarn,40/1 Combed,Domestic China,CNY: 0.14449823
2023-05-09,3.58,USD/Kg,0.28,Knitting Yarn,40/1 Combed,Domestic China,CNY: 0.14466546
2023-05-08,3.57,USD/Kg,0.28,Knitting Yarn,40/1 Combed,Domestic China,CNY: 0.14470524
2023-05-05,3.56,USD/Kg,0.28,Knitting Yarn,40/1 Combed,Domestic China,CNY: 0.14478695
2023-05-04,3.55,USD/Kg,0.28,Knitting Yarn,40/1 Combed,Domestic China,CNY: 0.14467383
2023-05-03,3.54,USD/Kg,0.00,Knitting Yarn,40/1 Combed,Domestic China,CNY: 0.14467383
2023-05-02,3.54,USD/Kg,0.00,Knitting Yarn,40/1 Combed,Domestic China,CNY: 0.14467383
2023-05-01,3.54,USD/Kg,0.28,Knitting Yarn,40/1 Combed,Domestic China,CNY: 0.14467383
2023-04-28,3.53,USD/Kg,0.28,Knitting Yarn,40/1 Combed,Domestic China,CNY: 0.14442936
2023-04-27,3.52,USD/Kg,0.28,Knitting Yarn,40/1 Combed,Domestic China,CNY: 0.14436681
2023-04-26,3.51,USD/Kg,-0.28,Knitting Yarn,40/1 Combed,Domestic China,CNY: 0.14424395
2023-04-25,3.52,USD/Kg,0.00,Knitting Yarn,40/1 Combed,Domestic China,CNY: 0.14500319
2023-04-24,3.52,USD/Kg,0.28,Knitting Yarn,40/1 Combed,Domestic China,CNY: 0.14506419
2023-04-21,3.51,USD/Kg,-1.40,Knitting Yarn,40/1 Combed,Domestic China,CNY: 0.14549475
2023-04-20,3.56,USD/Kg,-0.28,Knitting Yarn,40/1 Combed,Domestic China,CNY: 0.14522008
2023-04-19,3.57,USD/Kg,-0.28,Knitting Yarn,40/1 Combed,Domestic China,CNY: 0.14543339
2023-04-18,3.58,USD/Kg,-0.28,Knitting Yarn,40/1 Combed,Domestic China,CNY: 0.14535306
2023-04-17,3.59,USD/Kg,-0.28,Knitting Yarn,40/1 Combed,Domestic China,CNY: 0.14553075
2023-04-14,3.60,USD/Kg,0.28,Knitting Yarn,40/1 Combed,Domestic China,CNY: 0.14558584
2023-04-13,3.59,USD/Kg,-0.83,Knitting Yarn,40/1 Combed,Domestic China,CNY: 0.14545878
2023-04-12,3.62,USD/Kg,0.28,Knitting Yarn,40/1 Combed,Domestic China,CNY: 0.14520110
2023-04-11,3.61,USD/Kg,0.28,Knitting Yarn,40/1 Combed,Domestic China,CNY: 0.14530449
2023-04-10,3.60,USD/Kg,-0.28,Knitting Yarn,40/1 Combed,Domestic China,CNY: 0.14555405
2023-04-07,3.61,USD/Kg,-0.28,Knitting Yarn,40/1 Combed,Domestic China,CNY: 0.14543551
2023-04-06,3.62,USD/Kg,0.28,Knitting Yarn,40/1 Combed,Domestic China,CNY: 0.14535940
2023-04-05,3.61,USD/Kg,0.28,Knitting Yarn,40/1 Combed,Domestic China,CNY: 0.14535306
2023-04-04,3.60,USD/Kg,0.00,Knitting Yarn,40/1 Combed,Domestic China,CNY: 0.14538476
2023-04-03,3.60,USD/Kg,-0.28,Knitting Yarn,40/1 Combed,Domestic China,CNY: 0.14558160
2023-03-31,3.61,USD/Kg,-0.28,Knitting Yarn,40/1 Combed,Domestic China,CNY: 0.14552016
2023-03-30,3.62,USD/Kg,-1.09,Knitting Yarn,40/1 Combed,Domestic China,CNY: 0.14519900
2023-03-29,3.66,USD/Kg,0.27,Knitting Yarn,40/1 Combed,Domestic China,CNY: 0.14546936
2023-03-28,3.65,USD/Kg,-1.35,Knitting Yarn,40/1 Combed,Domestic China,CNY: 0.14523801
2023-03-27,3.70,USD/Kg,-0.27,Knitting Yarn,40/1 Combed,Domestic China,CNY: 0.14560280
2023-03-24,3.71,USD/Kg,-0.27,Knitting Yarn,40/1 Combed,Domestic China,CNY: 0.14662972
2023-03-23,3.72,USD/Kg,0.00,Knitting Yarn,40/1 Combed,Domestic China,CNY: 0.14533405
2023-03-22,3.72,USD/Kg,0.00,Knitting Yarn,40/1 Combed,Domestic China,CNY: 0.14525383
2023-03-21,3.72,USD/Kg,-0.27,Knitting Yarn,40/1 Combed,Domestic China,CNY: 0.14537631
2023-03-20,3.73,USD/Kg,-0.27,Knitting Yarn,40/1 Combed,Domestic China,CNY: 0.14520321
2023-03-17,3.74,USD/Kg,-0.27,Knitting Yarn,40/1 Combed,Domestic China,CNY: 0.14519900
2023-03-16,3.75,USD/Kg,0.27,Knitting Yarn,40/1 Combed,Domestic China,CNY: 0.14478275
2023-03-15,3.74,USD/Kg,0.00,Knitting Yarn,40/1 Combed,Domestic China,CNY: 0.14552863
2023-03-14,3.74,USD/Kg,-0.27,Knitting Yarn,40/1 Combed,Domestic China,CNY: 0.14607710
2023-03-13,3.75,USD/Kg,-0.27,Knitting Yarn,40/1 Combed,Domestic China,CNY: 0.14479602
2023-03-10,3.76,USD/Kg,0.00,Knitting Yarn,40/1 Combed,Domestic China,CNY: 0.14357914
2023-03-09,3.76,USD/Kg,0.27,Knitting Yarn,40/1 Combed,Domestic China,CNY: 0.14384971
2023-03-08,3.75,USD/Kg,0.00,Knitting Yarn,40/1 Combed,Domestic China,CNY: 0.14362863
2023-03-07,3.75,USD/Kg,0.00,Knitting Yarn,40/1 Combed,Domestic China,CNY: 0.14429182
2023-03-06,3.75,USD/Kg,-0.27,Knitting Yarn,40/1 Combed,Domestic China,CNY: 0.14476892
2023-03-03,3.76,USD/Kg,-0.27,Knitting Yarn,40/1 Combed,Domestic China,CNY: 0.14460689
2023-03-02,3.77,USD/Kg,0.00,Knitting Yarn,40/1 Combed,Domestic China,CNY: 0.14557948
2023-03-01,3.77,USD/Kg,0.00,Knitting Yarn,40/1 Combed,Domestic China,CNY: 0.14422938
2023-02-28,3.77,USD/Kg,-0.26,Knitting Yarn,40/1 Combed,Domestic China,CNY: 0.14398848
2023-02-27,3.78,USD/Kg,0.27,Knitting Yarn,40/1 Combed,Domestic China,CNY: 0.14375872
2023-02-24,3.77,USD/Kg,0.27,Knitting Yarn,40/1 Combed,Domestic China,CNY: 0.14475760
2023-02-23,3.76,USD/Kg,-0.27,Knitting Yarn,40/1 Combed,Domestic China,CNY: 0.14502433
2023-02-22,3.77,USD/Kg,-0.26,Knitting Yarn,40/1 Combed,Domestic China,CNY: 0.14548629
2023-02-21,3.78,USD/Kg,0.80,Knitting Yarn,40/1 Combed,Domestic China,CNY: 0.14587679
2023-02-20,3.75,USD/Kg,-0.27,Knitting Yarn,40/1 Combed,Domestic China,CNY: 0.14561128
2023-02-17,3.76,USD/Kg,-0.27,Knitting Yarn,40/1 Combed,Domestic China,CNY: 0.14575772
2023-02-16,3.77,USD/Kg,0.00,Knitting Yarn,40/1 Combed,Domestic China,CNY: 0.14595662
2023-02-15,3.77,USD/Kg,0.27,Knitting Yarn,40/1 Combed,Domestic China,CNY: 0.14647937
2023-02-14,3.76,USD/Kg,0.00,Knitting Yarn,40/1 Combed,Domestic China,CNY: 0.14649160
2023-02-13,3.76,USD/Kg,-0.27,Knitting Yarn,40/1 Combed,Domestic China,CNY: 0.14685437
2023-02-10,3.77,USD/Kg,-0.26,Knitting Yarn,40/1 Combed,Domestic China,CNY: 0.14747740
2023-02-09,3.78,USD/Kg,-0.26,Knitting Yarn,40/1 Combed,Domestic China,CNY: 0.14729276
2023-02-08,3.79,USD/Kg,-0.26,Knitting Yarn,40/1 Combed,Domestic China,CNY: 0.14721687
2023-02-07,3.80,USD/Kg,0.00,Knitting Yarn,40/1 Combed,Domestic China,CNY: 0.14716703
2023-02-06,3.80,USD/Kg,0.26,Knitting Yarn,40/1 Combed,Domestic China,CNY: 0.14760002
2023-02-03,3.79,USD/Kg,-0.26,Knitting Yarn,40/1 Combed,Domestic China,CNY: 0.14853323
2023-02-02,3.80,USD/Kg,0.26,Knitting Yarn,40/1 Combed,Domestic China,CNY: 0.14832834
2023-02-01,3.79,USD/Kg,0.00,Knitting Yarn,40/1 Combed,Domestic China,CNY: 0.14804506
2023-01-31,3.79,USD/Kg,-0.26,Knitting Yarn,40/1 Combed,Domestic China,CNY: 0.14817449
2023-01-30,3.80,USD/Kg,0.00,Knitting Yarn,40/1 Combed,Domestic China,CNY: 0.14740638
2023-01-27,3.80,USD/Kg,0.26,Knitting Yarn,40/1 Combed,Domestic China,CNY: 0.14741653
2023-01-26,3.79,USD/Kg,0.00,Knitting Yarn,40/1 Combed,Domestic China,CNY: 0.14740783
2023-01-25,3.79,USD/Kg,-0.26,Knitting Yarn,40/1 Combed,Domestic China,CNY: 0.14739480
2023-01-24,3.80,USD/Kg,2.70,Knitting Yarn,40/1 Combed,Domestic China,CNY: 0.14739480
2023-01-23,3.70,USD/Kg,0.27,Knitting Yarn,40/1 Combed,Domestic China,CNY: 0.14741174
2023-01-20,3.69,USD/Kg,0.00,Knitting Yarn,40/1 Combed,Domestic China,CNY: 0.14756009
2023-01-19,3.69,USD/Kg,0.00,Knitting Yarn,40/1 Combed,Domestic China,CNY: 0.14818986
2023-01-18,3.69,USD/Kg,0.27,Knitting Yarn,40/1 Combed,Domestic China,CNY: 0.14762544
2023-01-17,3.68,USD/Kg,0.27,Knitting Yarn,40/1 Combed,Domestic China,CNY: 0.14850897
2023-01-16,3.67,USD/Kg,-0.27,Knitting Yarn,40/1 Combed,Domestic China,CNY: 0.14918767
2023-01-13,3.68,USD/Kg,-0.27,Knitting Yarn,40/1 Combed,Domestic China,CNY: 0.14839437
2023-01-12,3.69,USD/Kg,0.00,Knitting Yarn,40/1 Combed,Domestic China,CNY: 0.14769958
2023-01-11,3.69,USD/Kg,-0.27,Knitting Yarn,40/1 Combed,Domestic China,CNY: 0.14752526
2023-01-10,3.70,USD/Kg,0.00,Knitting Yarn,40/1 Combed,Domestic China,CNY: 0.14765596
2023-01-09,3.70,USD/Kg,0.27,Knitting Yarn,40/1 Combed,Domestic China,CNY: 0.14623175
2023-01-06,3.69,USD/Kg,0.27,Knitting Yarn,40/1 Combed,Domestic China,CNY: 0.14529182
2023-01-05,3.68,USD/Kg,0.00,Knitting Yarn,40/1 Combed,Domestic China,CNY: 0.14516316
2023-01-04,3.68,USD/Kg,-0.27,Knitting Yarn,40/1 Combed,Domestic China,CNY: 0.14461107
2023-01-03,3.69,USD/Kg,0.00,Knitting Yarn,40/1 Combed,Domestic China,CNY: 0.14495695
2023-01-02,3.69,USD/Kg,0.00,Knitting Yarn,40/1 Combed,Domestic China,CNY: 0.14496661
2025-06-06,3.70,USD/Kg,0.27,Knitting Yarn,40/1 Combed,FOB China,USD: 1.00000000
2025-06-05,3.69,USD/Kg,0.27,Knitting Yarn,40/1 Combed,FOB China,USD: 1.00000000
2025-06-04,3.68,USD/Kg,-0.27,Knitting Yarn,40/1 Combed,FOB China,USD: 1.00000000
2025-06-03,3.69,USD/Kg,0.00,Knitting Yarn,40/1 Combed,FOB China,USD: 1.00000000
2025-06-02,3.69,USD/Kg,0.00,Knitting Yarn,40/1 Combed,FOB China,USD: 1.00000000
2025-05-30,3.69,USD/Kg,0.27,Knitting Yarn,40/1 Combed,FOB China,USD: 1.00000000
2025-05-29,3.68,USD/Kg,0.27,Knitting Yarn,40/1 Combed,FOB China,USD: 1.00000000
2025-05-28,3.67,USD/Kg,-2.13,Knitting Yarn,40/1 Combed,FOB China,USD: 1.00000000
2025-05-27,3.75,USD/Kg,-0.27,Knitting Yarn,40/1 Combed,FOB China,USD: 1.00000000
2025-05-26,3.76,USD/Kg,0.27,Knitting Yarn,40/1 Combed,FOB China,USD: 1.00000000
2025-05-23,3.75,USD/Kg,-0.53,Knitting Yarn,40/1 Combed,FOB China,USD: 1.00000000
2025-05-22,3.77,USD/Kg,0.27,Knitting Yarn,40/1 Combed,FOB China,USD: 1.00000000
2025-05-21,3.76,USD/Kg,0.00,Knitting Yarn,40/1 Combed,FOB China,USD: 1.00000000
2025-05-20,3.76,USD/Kg,0.00,Knitting Yarn,40/1 Combed,FOB China,USD: 1.00000000
2025-05-19,3.76,USD/Kg,0.27,Knitting Yarn,40/1 Combed,FOB China,USD: 1.00000000
2025-05-16,3.75,USD/Kg,0.27,Knitting Yarn,40/1 Combed,FOB China,USD: 1.00000000
2025-05-15,3.74,USD/Kg,-0.27,Knitting Yarn,40/1 Combed,FOB China,USD: 1.00000000
2025-05-14,3.75,USD/Kg,-0.27,Knitting Yarn,40/1 Combed,FOB China,USD: 1.00000000
2025-05-13,3.76,USD/Kg,-0.53,Knitting Yarn,40/1 Combed,FOB China,USD: 1.00000000
2025-05-12,3.78,USD/Kg,0.27,Knitting Yarn,40/1 Combed,FOB China,USD: 1.00000000
2025-05-09,3.77,USD/Kg,-0.26,Knitting Yarn,40/1 Combed,FOB China,USD: 1.00000000
2025-05-08,3.78,USD/Kg,-0.26,Knitting Yarn,40/1 Combed,FOB China,USD: 1.00000000
2025-05-07,3.79,USD/Kg,0.53,Knitting Yarn,40/1 Combed,FOB China,USD: 1.00000000
2025-05-06,3.77,USD/Kg,0.00,Knitting Yarn,40/1 Combed,FOB China,USD: 1.00000000
2025-05-05,3.77,USD/Kg,-0.26,Knitting Yarn,40/1 Combed,FOB China,USD: 1.00000000
2025-05-02,3.78,USD/Kg,0.53,Knitting Yarn,40/1 Combed,FOB China,USD: 1.00000000
2025-05-01,3.76,USD/Kg,-0.27,Knitting Yarn,40/1 Combed,FOB China,USD: 1.00000000
2025-04-30,3.77,USD/Kg,0.27,Knitting Yarn,40/1 Combed,FOB China,USD: 1.00000000
2025-04-29,3.76,USD/Kg,0.27,Knitting Yarn,40/1 Combed,FOB China,USD: 1.00000000
2025-04-28,3.75,USD/Kg,0.00,Knitting Yarn,40/1 Combed,FOB China,USD: 1.00000000
2025-04-25,3.75,USD/Kg,0.00,Knitting Yarn,40/1 Combed,FOB China,USD: 1.00000000
2025-04-24,3.75,USD/Kg,-0.27,Knitting Yarn,40/1 Combed,FOB China,USD: 1.00000000
2025-04-23,3.76,USD/Kg,0.00,Knitting Yarn,40/1 Combed,FOB China,USD: 1.00000000
2025-04-22,3.76,USD/Kg,-0.27,Knitting Yarn,40/1 Combed,FOB China,USD: 1.00000000
2025-04-21,3.77,USD/Kg,0.00,Knitting Yarn,40/1 Combed,FOB China,USD: 1.00000000
2025-04-18,3.77,USD/Kg,0.27,Knitting Yarn,40/1 Combed,FOB China,USD: 1.00000000
2025-04-17,3.76,USD/Kg,-0.27,Knitting Yarn,40/1 Combed,FOB China,USD: 1.00000000
2025-04-16,3.77,USD/Kg,0.00,Knitting Yarn,40/1 Combed,FOB China,USD: 1.00000000
2025-04-15,3.77,USD/Kg,1.89,Knitting Yarn,40/1 Combed,FOB China,USD: 1.00000000
2025-04-14,3.70,USD/Kg,0.27,Knitting Yarn,40/1 Combed,FOB China,USD: 1.00000000
2025-04-11,3.69,USD/Kg,0.27,Knitting Yarn,40/1 Combed,FOB China,USD: 1.00000000
2025-04-10,3.68,USD/Kg,0.27,Knitting Yarn,40/1 Combed,FOB China,USD: 1.00000000
2025-04-09,3.67,USD/Kg,0.55,Knitting Yarn,40/1 Combed,FOB China,USD: 1.00000000
2025-04-08,3.65,USD/Kg,-0.27,Knitting Yarn,40/1 Combed,FOB China,USD: 1.00000000
2025-04-07,3.66,USD/Kg,0.00,Knitting Yarn,40/1 Combed,FOB China,USD: 1.00000000
2025-04-04,3.66,USD/Kg,-0.27,Knitting Yarn,40/1 Combed,FOB China,USD: 1.00000000
2025-04-03,3.67,USD/Kg,0.82,Knitting Yarn,40/1 Combed,FOB China,USD: 1.00000000
2025-04-02,3.64,USD/Kg,0.00,Knitting Yarn,40/1 Combed,FOB China,USD: 1.00000000
2025-04-01,3.64,USD/Kg,-0.27,Knitting Yarn,40/1 Combed,FOB China,USD: 1.00000000
2025-03-31,3.65,USD/Kg,-0.27,Knitting Yarn,40/1 Combed,FOB China,USD: 1.00000000
2025-03-28,3.66,USD/Kg,0.27,Knitting Yarn,40/1 Combed,FOB China,USD: 1.00000000
2025-03-27,3.65,USD/Kg,0.27,Knitting Yarn,40/1 Combed,FOB China,USD: 1.00000000
2025-03-26,3.64,USD/Kg,0.28,Knitting Yarn,40/1 Combed,FOB China,USD: 1.00000000
2025-03-25,3.63,USD/Kg,0.00,Knitting Yarn,40/1 Combed,FOB China,USD: 1.00000000
2025-03-24,3.63,USD/Kg,0.28,Knitting Yarn,40/1 Combed,FOB China,USD: 1.00000000
2025-03-21,3.62,USD/Kg,-0.28,Knitting Yarn,40/1 Combed,FOB China,USD: 1.00000000
2025-03-20,3.63,USD/Kg,0.00,Knitting Yarn,40/1 Combed,FOB China,USD: 1.00000000
2025-03-19,3.63,USD/Kg,-2.42,Knitting Yarn,40/1 Combed,FOB China,USD: 1.00000000
2025-03-18,3.72,USD/Kg,0.27,Knitting Yarn,40/1 Combed,FOB China,USD: 1.00000000
2025-03-17,3.71,USD/Kg,0.27,Knitting Yarn,40/1 Combed,FOB China,USD: 1.00000000
2025-03-14,3.70,USD/Kg,-1.07,Knitting Yarn,40/1 Combed,FOB China,USD: 1.00000000
2025-03-13,3.74,USD/Kg,0.00,Knitting Yarn,40/1 Combed,FOB China,USD: 1.00000000
2025-03-12,3.74,USD/Kg,0.00,Knitting Yarn,40/1 Combed,FOB China,USD: 1.00000000
2025-03-11,3.74,USD/Kg,0.00,Knitting Yarn,40/1 Combed,FOB China,USD: 1.00000000
2025-03-10,3.74,USD/Kg,0.00,Knitting Yarn,40/1 Combed,FOB China,USD: 1.00000000
2025-03-07,3.74,USD/Kg,0.00,Knitting Yarn,40/1 Combed,FOB China,USD: 1.00000000
2025-03-06,3.74,USD/Kg,0.00,Knitting Yarn,40/1 Combed,FOB China,USD: 1.00000000
2025-03-05,3.74,USD/Kg,-0.27,Knitting Yarn,40/1 Combed,FOB China,USD: 1.00000000
2025-03-04,3.75,USD/Kg,-0.27,Knitting Yarn,40/1 Combed,FOB China,USD: 1.00000000
2025-03-03,3.76,USD/Kg,0.27,Knitting Yarn,40/1 Combed,FOB China,USD: 1.00000000
2025-02-28,3.75,USD/Kg,0.00,Knitting Yarn,40/1 Combed,FOB China,USD: 1.00000000
2025-02-27,3.75,USD/Kg,0.00,Knitting Yarn,40/1 Combed,FOB China,USD: 1.00000000
2025-02-26,3.75,USD/Kg,-0.27,Knitting Yarn,40/1 Combed,FOB China,USD: 1.00000000
2025-02-25,3.76,USD/Kg,0.80,Knitting Yarn,40/1 Combed,FOB China,USD: 1.00000000
2025-02-24,3.73,USD/Kg,0.27,Knitting Yarn,40/1 Combed,FOB China,USD: 1.00000000
2025-02-21,3.72,USD/Kg,1.64,Knitting Yarn,40/1 Combed,FOB China,USD: 1.00000000
2025-02-20,3.66,USD/Kg,0.00,Knitting Yarn,40/1 Combed,FOB China,USD: 1.00000000
2025-02-19,3.66,USD/Kg,0.27,Knitting Yarn,40/1 Combed,FOB China,USD: 1.00000000
2025-02-18,3.65,USD/Kg,-0.27,Knitting Yarn,40/1 Combed,FOB China,USD: 1.00000000
2025-02-17,3.66,USD/Kg,-0.81,Knitting Yarn,40/1 Combed,FOB China,USD: 1.00000000
2025-02-14,3.69,USD/Kg,0.27,Knitting Yarn,40/1 Combed,FOB China,USD: 1.00000000
2025-02-13,3.68,USD/Kg,0.27,Knitting Yarn,40/1 Combed,FOB China,USD: 1.00000000
2025-02-12,3.67,USD/Kg,0.00,Knitting Yarn,40/1 Combed,FOB China,USD: 1.00000000
2025-02-11,3.67,USD/Kg,0.27,Knitting Yarn,40/1 Combed,FOB China,USD: 1.00000000
2025-02-10,3.66,USD/Kg,0.27,Knitting Yarn,40/1 Combed,FOB China,USD: 1.00000000
2025-02-07,3.65,USD/Kg,0.00,Knitting Yarn,40/1 Combed,FOB China,USD: 1.00000000
2025-02-06,3.65,USD/Kg,-0.27,Knitting Yarn,40/1 Combed,FOB China,USD: 1.00000000
2025-02-05,3.66,USD/Kg,0.27,Knitting Yarn,40/1 Combed,FOB China,USD: 1.00000000
2025-02-04,3.65,USD/Kg,-0.27,Knitting Yarn,40/1 Combed,FOB China,USD: 1.00000000
2025-02-03,3.66,USD/Kg,0.55,Knitting Yarn,40/1 Combed,FOB China,USD: 1.00000000
2025-01-31,3.64,USD/Kg,-0.27,Knitting Yarn,40/1 Combed,FOB China,USD: 1.00000000
2025-01-30,3.65,USD/Kg,0.00,Knitting Yarn,40/1 Combed,FOB China,USD: 1.00000000
2025-01-29,3.65,USD/Kg,-0.27,Knitting Yarn,40/1 Combed,FOB China,USD: 1.00000000
2025-01-28,3.66,USD/Kg,0.27,Knitting Yarn,40/1 Combed,FOB China,USD: 1.00000000
2025-01-27,3.65,USD/Kg,0.00,Knitting Yarn,40/1 Combed,FOB China,USD: 1.00000000
2025-01-24,3.65,USD/Kg,0.00,Knitting Yarn,40/1 Combed,FOB China,USD: 1.00000000
2025-01-23,3.65,USD/Kg,0.27,Knitting Yarn,40/1 Combed,FOB China,USD: 1.00000000
2025-01-22,3.64,USD/Kg,0.00,Knitting Yarn,40/1 Combed,FOB China,USD: 1.00000000
2025-01-21,3.64,USD/Kg,0.28,Knitting Yarn,40/1 Combed,FOB China,USD: 1.00000000
2025-01-20,3.63,USD/Kg,0.00,Knitting Yarn,40/1 Combed,FOB China,USD: 1.00000000
2025-01-17,3.63,USD/Kg,0.55,Knitting Yarn,40/1 Combed,FOB China,USD: 1.00000000
2025-01-16,3.61,USD/Kg,0.28,Knitting Yarn,40/1 Combed,FOB China,USD: 1.00000000
2025-01-15,3.60,USD/Kg,0.00,Knitting Yarn,40/1 Combed,FOB China,USD: 1.00000000
2025-01-14,3.60,USD/Kg,-0.55,Knitting Yarn,40/1 Combed,FOB China,USD: 1.00000000
2025-01-13,3.62,USD/Kg,0.00,Knitting Yarn,40/1 Combed,FOB China,USD: 1.00000000
2025-01-10,3.62,USD/Kg,0.28,Knitting Yarn,40/1 Combed,FOB China,USD: 1.00000000
2025-01-09,3.61,USD/Kg,-0.28,Knitting Yarn,40/1 Combed,FOB China,USD: 1.00000000
2025-01-08,3.62,USD/Kg,-0.28,Knitting Yarn,40/1 Combed,FOB China,USD: 1.00000000
2025-01-07,3.63,USD/Kg,-0.27,Knitting Yarn,40/1 Combed,FOB China,USD: 1.00000000
2025-01-06,3.64,USD/Kg,0.28,Knitting Yarn,40/1 Combed,FOB China,USD: 1.00000000
2025-01-03,3.63,USD/Kg,0.28,Knitting Yarn,40/1 Combed,FOB China,USD: 1.00000000
2025-01-02,3.62,USD/Kg,-0.28,Knitting Yarn,40/1 Combed,FOB China,USD: 1.00000000
2025-01-01,3.63,USD/Kg,0.00,Knitting Yarn,40/1 Combed,FOB China,USD: 1.00000000
2024-12-31,3.63,USD/Kg,0.28,Knitting Yarn,40/1 Combed,FOB China,USD: 1.00000000
2024-12-30,3.62,USD/Kg,-0.28,Knitting Yarn,40/1 Combed,FOB China,USD: 1.00000000
2024-12-27,3.63,USD/Kg,-0.27,Knitting Yarn,40/1 Combed,FOB China,USD: 1.00000000
2024-12-26,3.64,USD/Kg,-0.27,Knitting Yarn,40/1 Combed,FOB China,USD: 1.00000000
2024-12-25,3.65,USD/Kg,-0.27,Knitting Yarn,40/1 Combed,FOB China,USD: 1.00000000
2024-12-24,3.66,USD/Kg,0.27,Knitting Yarn,40/1 Combed,FOB China,USD: 1.00000000
2024-12-23,3.65,USD/Kg,-0.54,Knitting Yarn,40/1 Combed,FOB China,USD: 1.00000000
2024-12-20,3.67,USD/Kg,0.00,Knitting Yarn,40/1 Combed,FOB China,USD: 1.00000000
2024-12-19,3.67,USD/Kg,-0.27,Knitting Yarn,40/1 Combed,FOB China,USD: 1.00000000
2024-12-18,3.68,USD/Kg,0.27,Knitting Yarn,40/1 Combed,FOB China,USD: 1.00000000
2024-12-17,3.67,USD/Kg,-0.27,Knitting Yarn,40/1 Combed,FOB China,USD: 1.00000000
2024-12-16,3.68,USD/Kg,0.00,Knitting Yarn,40/1 Combed,FOB China,USD: 1.00000000
2024-12-13,3.68,USD/Kg,0.00,Knitting Yarn,40/1 Combed,FOB China,USD: 1.00000000
2024-12-12,3.68,USD/Kg,-0.27,Knitting Yarn,40/1 Combed,FOB China,USD: 1.00000000
2024-12-11,3.69,USD/Kg,0.00,Knitting Yarn,40/1 Combed,FOB China,USD: 1.00000000
2024-12-10,3.69,USD/Kg,-0.27,Knitting Yarn,40/1 Combed,FOB China,USD: 1.00000000
2024-12-09,3.70,USD/Kg,0.00,Knitting Yarn,40/1 Combed,FOB China,USD: 1.00000000
2024-12-06,3.70,USD/Kg,-0.27,Knitting Yarn,40/1 Combed,FOB China,USD: 1.00000000
2024-12-05,3.71,USD/Kg,0.54,Knitting Yarn,40/1 Combed,FOB China,USD: 1.00000000
2024-12-04,3.69,USD/Kg,0.00,Knitting Yarn,40/1 Combed,FOB China,USD: 1.00000000
2024-12-03,3.69,USD/Kg,-0.27,Knitting Yarn,40/1 Combed,FOB China,USD: 1.00000000
2024-12-02,3.70,USD/Kg,0.27,Knitting Yarn,40/1 Combed,FOB China,USD: 1.00000000
2024-11-29,3.69,USD/Kg,0.00,Knitting Yarn,40/1 Combed,FOB China,USD: 1.00000000
2024-11-28,3.69,USD/Kg,0.27,Knitting Yarn,40/1 Combed,FOB China,USD: 1.00000000
2024-11-27,3.68,USD/Kg,1.38,Knitting Yarn,40/1 Combed,FOB China,USD: 1.00000000
2024-11-26,3.63,USD/Kg,0.00,Knitting Yarn,40/1 Combed,FOB China,USD: 1.00000000
2024-11-25,3.63,USD/Kg,-0.27,Knitting Yarn,40/1 Combed,FOB China,USD: 1.00000000
2024-11-22,3.64,USD/Kg,0.55,Knitting Yarn,40/1 Combed,FOB China,USD: 1.00000000
2024-11-21,3.62,USD/Kg,0.28,Knitting Yarn,40/1 Combed,FOB China,USD: 1.00000000
2024-11-20,3.61,USD/Kg,0.28,Knitting Yarn,40/1 Combed,FOB China,USD: 1.00000000
2024-11-19,3.60,USD/Kg,0.00,Knitting Yarn,40/1 Combed,FOB China,USD: 1.00000000
2024-11-18,3.60,USD/Kg,0.28,Knitting Yarn,40/1 Combed,FOB China,USD: 1.00000000
2024-11-15,3.59,USD/Kg,0.28,Knitting Yarn,40/1 Combed,FOB China,USD: 1.00000000
2024-11-14,3.58,USD/Kg,0.00,Knitting Yarn,40/1 Combed,FOB China,USD: 1.00000000
2024-11-13,3.58,USD/Kg,0.00,Knitting Yarn,40/1 Combed,FOB China,USD: 1.00000000
2024-11-12,3.58,USD/Kg,0.56,Knitting Yarn,40/1 Combed,FOB China,USD: 1.00000000
2024-11-11,3.56,USD/Kg,0.00,Knitting Yarn,40/1 Combed,FOB China,USD: 1.00000000
2024-11-08,3.56,USD/Kg,-0.28,Knitting Yarn,40/1 Combed,FOB China,USD: 1.00000000
2024-11-07,3.57,USD/Kg,0.28,Knitting Yarn,40/1 Combed,FOB China,USD: 1.00000000
2024-11-06,3.56,USD/Kg,0.28,Knitting Yarn,40/1 Combed,FOB China,USD: 1.00000000
2024-11-05,3.55,USD/Kg,0.57,Knitting Yarn,40/1 Combed,FOB China,USD: 1.00000000
2024-11-04,3.53,USD/Kg,0.28,Knitting Yarn,40/1 Combed,FOB China,USD: 1.00000000
2024-11-01,3.52,USD/Kg,-0.28,Knitting Yarn,40/1 Combed,FOB China,USD: 1.00000000
2024-10-31,3.53,USD/Kg,0.28,Knitting Yarn,40/1 Combed,FOB China,USD: 1.00000000
2024-10-30,3.52,USD/Kg,0.28,Knitting Yarn,40/1 Combed,FOB China,USD: 1.00000000
2024-10-29,3.51,USD/Kg,-0.28,Knitting Yarn,40/1 Combed,FOB China,USD: 1.00000000
2024-10-28,3.52,USD/Kg,-0.28,Knitting Yarn,40/1 Combed,FOB China,USD: 1.00000000
2024-10-25,3.53,USD/Kg,0.28,Knitting Yarn,40/1 Combed,FOB China,USD: 1.00000000
2024-10-24,3.52,USD/Kg,0.28,Knitting Yarn,40/1 Combed,FOB China,USD: 1.00000000
2024-10-23,3.51,USD/Kg,0.00,Knitting Yarn,40/1 Combed,FOB China,USD: 1.00000000
2024-10-22,3.51,USD/Kg,0.00,Knitting Yarn,40/1 Combed,FOB China,USD: 1.00000000
2024-10-21,3.51,USD/Kg,-1.40,Knitting Yarn,40/1 Combed,FOB China,USD: 1.00000000
2024-10-18,3.56,USD/Kg,0.00,Knitting Yarn,40/1 Combed,FOB China,USD: 1.00000000
2024-10-17,3.56,USD/Kg,0.00,Knitting Yarn,40/1 Combed,FOB China,USD: 1.00000000
2024-10-16,3.56,USD/Kg,0.00,Knitting Yarn,40/1 Combed,FOB China,USD: 1.00000000
2024-10-15,3.56,USD/Kg,-0.56,Knitting Yarn,40/1 Combed,FOB China,USD: 1.00000000
2024-10-14,3.58,USD/Kg,-1.65,Knitting Yarn,40/1 Combed,FOB China,USD: 1.00000000
2024-10-11,3.64,USD/Kg,-0.27,Knitting Yarn,40/1 Combed,FOB China,USD: 1.00000000
2024-10-10,3.65,USD/Kg,0.27,Knitting Yarn,40/1 Combed,FOB China,USD: 1.00000000
2024-10-09,3.64,USD/Kg,0.28,Knitting Yarn,40/1 Combed,FOB China,USD: 1.00000000
2024-10-08,3.63,USD/Kg,-0.27,Knitting Yarn,40/1 Combed,FOB China,USD: 1.00000000
2024-10-07,3.64,USD/Kg,0.00,Knitting Yarn,40/1 Combed,FOB China,USD: 1.00000000
2024-10-04,3.64,USD/Kg,-0.55,Knitting Yarn,40/1 Combed,FOB China,USD: 1.00000000
2024-10-03,3.66,USD/Kg,-0.27,Knitting Yarn,40/1 Combed,FOB China,USD: 1.00000000
2024-10-02,3.67,USD/Kg,0.27,Knitting Yarn,40/1 Combed,FOB China,USD: 1.00000000
2024-10-01,3.66,USD/Kg,0.00,Knitting Yarn,40/1 Combed,FOB China,USD: 1.00000000
2024-09-30,3.66,USD/Kg,0.00,Knitting Yarn,40/1 Combed,FOB China,USD: 1.00000000
2024-09-27,3.66,USD/Kg,0.00,Knitting Yarn,40/1 Combed,FOB China,USD: 1.00000000
2024-09-26,3.66,USD/Kg,0.27,Knitting Yarn,40/1 Combed,FOB China,USD: 1.00000000
2024-09-25,3.65,USD/Kg,0.00,Knitting Yarn,40/1 Combed,FOB China,USD: 1.00000000
2024-09-24,3.65,USD/Kg,0.00,Knitting Yarn,40/1 Combed,FOB China,USD: 1.00000000
2024-09-23,3.65,USD/Kg,0.00,Knitting Yarn,40/1 Combed,FOB China,USD: 1.00000000
2024-09-20,3.65,USD/Kg,0.27,Knitting Yarn,40/1 Combed,FOB China,USD: 1.00000000
2024-09-19,3.64,USD/Kg,0.00,Knitting Yarn,40/1 Combed,FOB China,USD: 1.00000000
2024-09-18,3.64,USD/Kg,0.00,Knitting Yarn,40/1 Combed,FOB China,USD: 1.00000000
2024-09-17,3.64,USD/Kg,0.00,Knitting Yarn,40/1 Combed,FOB China,USD: 1.00000000
2024-09-16,3.64,USD/Kg,0.28,Knitting Yarn,40/1 Combed,FOB China,USD: 1.00000000
2024-09-13,3.63,USD/Kg,0.28,Knitting Yarn,40/1 Combed,FOB China,USD: 1.00000000
2024-09-12,3.62,USD/Kg,0.00,Knitting Yarn,40/1 Combed,FOB China,USD: 1.00000000
2024-09-11,3.62,USD/Kg,0.00,Knitting Yarn,40/1 Combed,FOB China,USD: 1.00000000
2024-09-10,3.62,USD/Kg,0.28,Knitting Yarn,40/1 Combed,FOB China,USD: 1.00000000
2024-09-09,3.61,USD/Kg,0.28,Knitting Yarn,40/1 Combed,FOB China,USD: 1.00000000
2024-09-06,3.60,USD/Kg,-0.28,Knitting Yarn,40/1 Combed,FOB China,USD: 1.00000000
2024-09-05,3.61,USD/Kg,-0.28,Knitting Yarn,40/1 Combed,FOB China,USD: 1.00000000
2024-09-04,3.62,USD/Kg,0.28,Knitting Yarn,40/1 Combed,FOB China,USD: 1.00000000
2024-09-03,3.61,USD/Kg,0.00,Knitting Yarn,40/1 Combed,FOB China,USD: 1.00000000
2024-09-02,3.61,USD/Kg,0.00,Knitting Yarn,40/1 Combed,FOB China,USD: 1.00000000
2024-08-30,3.61,USD/Kg,0.00,Knitting Yarn,40/1 Combed,FOB China,USD: 1.00000000
2024-08-29,3.61,USD/Kg,0.00,Knitting Yarn,40/1 Combed,FOB China,USD: 1.00000000
2024-08-28,3.61,USD/Kg,-0.28,Knitting Yarn,40/1 Combed,FOB China,USD: 1.00000000
2024-08-27,3.62,USD/Kg,-0.28,Knitting Yarn,40/1 Combed,FOB China,USD: 1.00000000
2024-08-26,3.63,USD/Kg,0.28,Knitting Yarn,40/1 Combed,FOB China,USD: 1.00000000
2024-08-23,3.62,USD/Kg,0.28,Knitting Yarn,40/1 Combed,FOB China,USD: 1.00000000
2024-08-22,3.61,USD/Kg,-0.28,Knitting Yarn,40/1 Combed,FOB China,USD: 1.00000000
2024-08-21,3.62,USD/Kg,0.28,Knitting Yarn,40/1 Combed,FOB China,USD: 1.00000000
2024-08-20,3.61,USD/Kg,0.00,Knitting Yarn,40/1 Combed,FOB China,USD: 1.00000000
2024-08-19,3.61,USD/Kg,0.00,Knitting Yarn,40/1 Combed,FOB China,USD: 1.00000000
2024-08-16,3.61,USD/Kg,-0.28,Knitting Yarn,40/1 Combed,FOB China,USD: 1.00000000
2024-08-15,3.62,USD/Kg,-0.28,Knitting Yarn,40/1 Combed,FOB China,USD: 1.00000000
2024-08-14,3.63,USD/Kg,0.00,Knitting Yarn,40/1 Combed,FOB China,USD: 1.00000000
2024-08-13,3.63,USD/Kg,-0.27,Knitting Yarn,40/1 Combed,FOB China,USD: 1.00000000
2024-08-12,3.64,USD/Kg,0.00,Knitting Yarn,40/1 Combed,FOB China,USD: 1.00000000
2024-08-09,3.64,USD/Kg,-1.36,Knitting Yarn,40/1 Combed,FOB China,USD: 1.00000000
2024-08-08,3.69,USD/Kg,0.54,Knitting Yarn,40/1 Combed,FOB China,USD: 1.00000000
2024-08-07,3.67,USD/Kg,-0.27,Knitting Yarn,40/1 Combed,FOB China,USD: 1.00000000
2024-08-06,3.68,USD/Kg,0.00,Knitting Yarn,40/1 Combed,FOB China,USD: 1.00000000
2024-08-05,3.68,USD/Kg,-0.27,Knitting Yarn,40/1 Combed,FOB China,USD: 1.00000000
2024-08-02,3.69,USD/Kg,-0.27,Knitting Yarn,40/1 Combed,FOB China,USD: 1.00000000
2024-08-01,3.70,USD/Kg,0.27,Knitting Yarn,40/1 Combed,FOB China,USD: 1.00000000
2024-07-31,3.69,USD/Kg,-0.27,Knitting Yarn,40/1 Combed,FOB China,USD: 1.00000000
2024-07-30,3.70,USD/Kg,-0.27,Knitting Yarn,40/1 Combed,FOB China,USD: 1.00000000
2024-07-29,3.71,USD/Kg,0.00,Knitting Yarn,40/1 Combed,FOB China,USD: 1.00000000
2024-07-26,3.71,USD/Kg,-0.27,Knitting Yarn,40/1 Combed,FOB China,USD: 1.00000000
2024-07-25,3.72,USD/Kg,-0.53,Knitting Yarn,40/1 Combed,FOB China,USD: 1.00000000
2024-07-24,3.74,USD/Kg,0.00,Knitting Yarn,40/1 Combed,FOB China,USD: 1.00000000
2024-07-23,3.74,USD/Kg,0.27,Knitting Yarn,40/1 Combed,FOB China,USD: 1.00000000
2024-07-22,3.73,USD/Kg,0.27,Knitting Yarn,40/1 Combed,FOB China,USD: 1.00000000
2024-07-19,3.72,USD/Kg,-0.27,Knitting Yarn,40/1 Combed,FOB China,USD: 1.00000000
2024-07-18,3.73,USD/Kg,-0.27,Knitting Yarn,40/1 Combed,FOB China,USD: 1.00000000
2024-07-17,3.74,USD/Kg,-0.27,Knitting Yarn,40/1 Combed,FOB China,USD: 1.00000000
2024-07-16,3.75,USD/Kg,0.00,Knitting Yarn,40/1 Combed,FOB China,USD: 1.00000000
2024-07-15,3.75,USD/Kg,0.00,Knitting Yarn,40/1 Combed,FOB China,USD: 1.00000000
2024-07-12,3.75,USD/Kg,-0.27,Knitting Yarn,40/1 Combed,FOB China,USD: 1.00000000
2024-07-11,3.76,USD/Kg,-0.27,Knitting Yarn,40/1 Combed,FOB China,USD: 1.00000000
2024-07-10,3.77,USD/Kg,-1.57,Knitting Yarn,40/1 Combed,FOB China,USD: 1.00000000
2024-07-09,3.83,USD/Kg,0.26,Knitting Yarn,40/1 Combed,FOB China,USD: 1.00000000
2024-07-08,3.82,USD/Kg,-0.26,Knitting Yarn,40/1 Combed,FOB China,USD: 1.00000000
2024-07-05,3.83,USD/Kg,-0.26,Knitting Yarn,40/1 Combed,FOB China,USD: 1.00000000
2024-07-04,3.84,USD/Kg,-0.26,Knitting Yarn,40/1 Combed,FOB China,USD: 1.00000000
2024-07-03,3.85,USD/Kg,0.00,Knitting Yarn,40/1 Combed,FOB China,USD: 1.00000000
2024-07-02,3.85,USD/Kg,0.26,Knitting Yarn,40/1 Combed,FOB China,USD: 1.00000000
2024-07-01,3.84,USD/Kg,-0.26,Knitting Yarn,40/1 Combed,FOB China,USD: 1.00000000
2024-06-28,3.85,USD/Kg,0.26,Knitting Yarn,40/1 Combed,FOB China,USD: 1.00000000
2024-06-27,3.84,USD/Kg,0.26,Knitting Yarn,40/1 Combed,FOB China,USD: 1.00000000
2024-06-26,3.83,USD/Kg,-0.26,Knitting Yarn,40/1 Combed,FOB China,USD: 1.00000000
2024-06-25,3.84,USD/Kg,-0.26,Knitting Yarn,40/1 Combed,FOB China,USD: 1.00000000
2024-06-24,3.85,USD/Kg,0.00,Knitting Yarn,40/1 Combed,FOB China,USD: 1.00000000
2024-06-21,3.85,USD/Kg,0.26,Knitting Yarn,40/1 Combed,FOB China,USD: 1.00000000
2024-06-20,3.84,USD/Kg,0.00,Knitting Yarn,40/1 Combed,FOB China,USD: 1.00000000
2024-06-19,3.84,USD/Kg,0.00,Knitting Yarn,40/1 Combed,FOB China,USD: 1.00000000
2024-06-18,3.84,USD/Kg,-0.26,Knitting Yarn,40/1 Combed,FOB China,USD: 1.00000000
2024-06-17,3.85,USD/Kg,-0.52,Knitting Yarn,40/1 Combed,FOB China,USD: 1.00000000
2024-06-14,3.87,USD/Kg,-0.26,Knitting Yarn,40/1 Combed,FOB China,USD: 1.00000000
2024-06-13,3.88,USD/Kg,-0.77,Knitting Yarn,40/1 Combed,FOB China,USD: 1.00000000
2024-06-12,3.91,USD/Kg,0.00,Knitting Yarn,40/1 Combed,FOB China,USD: 1.00000000
2024-06-11,3.91,USD/Kg,0.00,Knitting Yarn,40/1 Combed,FOB China,USD: 1.00000000
2024-06-10,3.91,USD/Kg,-0.26,Knitting Yarn,40/1 Combed,FOB China,USD: 1.00000000
2024-06-07,3.92,USD/Kg,0.26,Knitting Yarn,40/1 Combed,FOB China,USD: 1.00000000
2024-06-06,3.91,USD/Kg,-0.26,Knitting Yarn,40/1 Combed,FOB China,USD: 1.00000000
2024-06-05,3.92,USD/Kg,-0.25,Knitting Yarn,40/1 Combed,FOB China,USD: 1.00000000
2024-06-04,3.93,USD/Kg,0.00,Knitting Yarn,40/1 Combed,FOB China,USD: 1.00000000
2024-06-03,3.93,USD/Kg,0.26,Knitting Yarn,40/1 Combed,FOB China,USD: 1.00000000
2024-05-31,3.92,USD/Kg,0.00,Knitting Yarn,40/1 Combed,FOB China,USD: 1.00000000
2024-05-30,3.92,USD/Kg,0.26,Knitting Yarn,40/1 Combed,FOB China,USD: 1.00000000
2024-05-29,3.91,USD/Kg,0.26,Knitting Yarn,40/1 Combed,FOB China,USD: 1.00000000
2024-05-28,3.90,USD/Kg,0.00,Knitting Yarn,40/1 Combed,FOB China,USD: 1.00000000
2024-05-27,3.90,USD/Kg,0.26,Knitting Yarn,40/1 Combed,FOB China,USD: 1.00000000
2024-05-24,3.89,USD/Kg,0.26,Knitting Yarn,40/1 Combed,FOB China,USD: 1.00000000
2024-05-23,3.88,USD/Kg,0.00,Knitting Yarn,40/1 Combed,FOB China,USD: 1.00000000
2024-05-22,3.88,USD/Kg,0.00,Knitting Yarn,40/1 Combed,FOB China,USD: 1.00000000
2024-05-21,3.88,USD/Kg,0.00,Knitting Yarn,40/1 Combed,FOB China,USD: 1.00000000
2024-05-20,3.88,USD/Kg,0.00,Knitting Yarn,40/1 Combed,FOB China,USD: 1.00000000
2024-05-17,3.88,USD/Kg,0.00,Knitting Yarn,40/1 Combed,FOB China,USD: 1.00000000
2024-05-16,3.88,USD/Kg,0.26,Knitting Yarn,40/1 Combed,FOB China,USD: 1.00000000
2024-05-15,3.87,USD/Kg,0.00,Knitting Yarn,40/1 Combed,FOB China,USD: 1.00000000
2024-05-14,3.87,USD/Kg,0.26,Knitting Yarn,40/1 Combed,FOB China,USD: 1.00000000
2024-05-13,3.86,USD/Kg,0.26,Knitting Yarn,40/1 Combed,FOB China,USD: 1.00000000
2024-05-10,3.85,USD/Kg,-0.26,Knitting Yarn,40/1 Combed,FOB China,USD: 1.00000000
2024-05-09,3.86,USD/Kg,0.26,Knitting Yarn,40/1 Combed,FOB China,USD: 1.00000000
2024-05-08,3.85,USD/Kg,0.26,Knitting Yarn,40/1 Combed,FOB China,USD: 1.00000000
2024-05-07,3.84,USD/Kg,-0.26,Knitting Yarn,40/1 Combed,FOB China,USD: 1.00000000
2024-05-06,3.85,USD/Kg,0.00,Knitting Yarn,40/1 Combed,FOB China,USD: 1.00000000
2024-05-03,3.85,USD/Kg,0.26,Knitting Yarn,40/1 Combed,FOB China,USD: 1.00000000
2024-05-02,3.84,USD/Kg,-0.26,Knitting Yarn,40/1 Combed,FOB China,USD: 1.00000000
2024-05-01,3.85,USD/Kg,0.52,Knitting Yarn,40/1 Combed,FOB China,USD: 1.00000000
2024-04-30,3.83,USD/Kg,-0.26,Knitting Yarn,40/1 Combed,FOB China,USD: 1.00000000
2024-04-29,3.84,USD/Kg,0.00,Knitting Yarn,40/1 Combed,FOB China,USD: 1.00000000
2024-04-26,3.84,USD/Kg,0.00,Knitting Yarn,40/1 Combed,FOB China,USD: 1.00000000
2024-04-25,3.84,USD/Kg,0.52,Knitting Yarn,40/1 Combed,FOB China,USD: 1.00000000
2024-04-24,3.82,USD/Kg,0.26,Knitting Yarn,40/1 Combed,FOB China,USD: 1.00000000
2024-04-23,3.81,USD/Kg,-0.26,Knitting Yarn,40/1 Combed,FOB China,USD: 1.00000000
2024-04-22,3.82,USD/Kg,-0.26,Knitting Yarn,40/1 Combed,FOB China,USD: 1.00000000
2024-04-19,3.83,USD/Kg,0.26,Knitting Yarn,40/1 Combed,FOB China,USD: 1.00000000
2024-04-18,3.82,USD/Kg,0.00,Knitting Yarn,40/1 Combed,FOB China,USD: 1.00000000
2024-04-17,3.82,USD/Kg,0.00,Knitting Yarn,40/1 Combed,FOB China,USD: 1.00000000
2024-04-16,3.82,USD/Kg,0.00,Knitting Yarn,40/1 Combed,FOB China,USD: 1.00000000
2024-04-15,3.82,USD/Kg,0.00,Knitting Yarn,40/1 Combed,FOB China,USD: 1.00000000
2024-04-12,3.82,USD/Kg,-0.26,Knitting Yarn,40/1 Combed,FOB China,USD: 1.00000000
2024-04-11,3.83,USD/Kg,0.00,Knitting Yarn,40/1 Combed,FOB China,USD: 1.00000000
2024-04-10,3.83,USD/Kg,0.26,Knitting Yarn,40/1 Combed,FOB China,USD: 1.00000000
2024-04-09,3.82,USD/Kg,-0.26,Knitting Yarn,40/1 Combed,FOB China,USD: 1.00000000
2024-04-08,3.83,USD/Kg,0.26,Knitting Yarn,40/1 Combed,FOB China,USD: 1.00000000
2024-04-05,3.82,USD/Kg,0.00,Knitting Yarn,40/1 Combed,FOB China,USD: 1.00000000
2024-04-04,3.82,USD/Kg,0.00,Knitting Yarn,40/1 Combed,FOB China,USD: 1.00000000
2024-04-03,3.82,USD/Kg,0.26,Knitting Yarn,40/1 Combed,FOB China,USD: 1.00000000
2024-04-02,3.81,USD/Kg,-0.26,Knitting Yarn,40/1 Combed,FOB China,USD: 1.00000000
2024-04-01,3.82,USD/Kg,-0.26,Knitting Yarn,40/1 Combed,FOB China,USD: 1.00000000
2024-03-29,3.83,USD/Kg,0.26,Knitting Yarn,40/1 Combed,FOB China,USD: 1.00000000
2024-03-28,3.82,USD/Kg,0.26,Knitting Yarn,40/1 Combed,FOB China,USD: 1.00000000
2024-03-27,3.81,USD/Kg,0.00,Knitting Yarn,40/1 Combed,FOB China,USD: 1.00000000
2024-03-26,3.81,USD/Kg,0.26,Knitting Yarn,40/1 Combed,FOB China,USD: 1.00000000
2024-03-25,3.80,USD/Kg,0.00,Knitting Yarn,40/1 Combed,FOB China,USD: 1.00000000
2024-03-22,3.80,USD/Kg,0.26,Knitting Yarn,40/1 Combed,FOB China,USD: 1.00000000
2024-03-21,3.79,USD/Kg,-1.04,Knitting Yarn,40/1 Combed,FOB China,USD: 1.00000000
2024-03-20,3.83,USD/Kg,0.52,Knitting Yarn,40/1 Combed,FOB China,USD: 1.00000000
2024-03-19,3.81,USD/Kg,0.00,Knitting Yarn,40/1 Combed,FOB China,USD: 1.00000000
2024-03-18,3.81,USD/Kg,0.00,Knitting Yarn,40/1 Combed,FOB China,USD: 1.00000000
2024-03-15,3.81,USD/Kg,0.26,Knitting Yarn,40/1 Combed,FOB China,USD: 1.00000000
2024-03-14,3.80,USD/Kg,0.26,Knitting Yarn,40/1 Combed,FOB China,USD: 1.00000000
2024-03-13,3.79,USD/Kg,0.00,Knitting Yarn,40/1 Combed,FOB China,USD: 1.00000000
2024-03-12,3.79,USD/Kg,0.26,Knitting Yarn,40/1 Combed,FOB China,USD: 1.00000000
2024-03-11,3.78,USD/Kg,0.27,Knitting Yarn,40/1 Combed,FOB China,USD: 1.00000000
2024-03-08,3.77,USD/Kg,-0.53,Knitting Yarn,40/1 Combed,FOB China,USD: 1.00000000
2024-03-07,3.79,USD/Kg,-1.04,Knitting Yarn,40/1 Combed,FOB China,USD: 1.00000000
2024-03-06,3.83,USD/Kg,0.26,Knitting Yarn,40/1 Combed,FOB China,USD: 1.00000000
2024-03-05,3.82,USD/Kg,-0.26,Knitting Yarn,40/1 Combed,FOB China,USD: 1.00000000
2024-03-04,3.83,USD/Kg,-0.26,Knitting Yarn,40/1 Combed,FOB China,USD: 1.00000000
2024-03-01,3.84,USD/Kg,-0.26,Knitting Yarn,40/1 Combed,FOB China,USD: 1.00000000
2024-02-29,3.85,USD/Kg,-0.26,Knitting Yarn,40/1 Combed,FOB China,USD: 1.00000000
2024-02-28,3.86,USD/Kg,0.26,Knitting Yarn,40/1 Combed,FOB China,USD: 1.00000000
2024-02-27,3.85,USD/Kg,-0.26,Knitting Yarn,40/1 Combed,FOB China,USD: 1.00000000
2024-02-26,3.86,USD/Kg,0.00,Knitting Yarn,40/1 Combed,FOB China,USD: 1.00000000
2024-02-23,3.86,USD/Kg,-1.03,Knitting Yarn,40/1 Combed,FOB China,USD: 1.00000000
2024-02-22,3.90,USD/Kg,0.52,Knitting Yarn,40/1 Combed,FOB China,USD: 1.00000000
2024-02-21,3.88,USD/Kg,0.00,Knitting Yarn,40/1 Combed,FOB China,USD: 1.00000000
2024-02-20,3.88,USD/Kg,0.52,Knitting Yarn,40/1 Combed,FOB China,USD: 1.00000000
2024-02-19,3.86,USD/Kg,0.52,Knitting Yarn,40/1 Combed,FOB China,USD: 1.00000000
2024-02-16,3.84,USD/Kg,-0.26,Knitting Yarn,40/1 Combed,FOB China,USD: 1.00000000
2024-02-15,3.85,USD/Kg,0.26,Knitting Yarn,40/1 Combed,FOB China,USD: 1.00000000
2024-02-14,3.84,USD/Kg,0.00,Knitting Yarn,40/1 Combed,FOB China,USD: 1.00000000
2024-02-13,3.84,USD/Kg,-0.26,Knitting Yarn,40/1 Combed,FOB China,USD: 1.00000000
2024-02-12,3.85,USD/Kg,2.12,Knitting Yarn,40/1 Combed,FOB China,USD: 1.00000000
2024-02-09,3.77,USD/Kg,-0.53,Knitting Yarn,40/1 Combed,FOB China,USD: 1.00000000
2024-02-08,3.79,USD/Kg,0.53,Knitting Yarn,40/1 Combed,FOB China,USD: 1.00000000
2024-02-07,3.77,USD/Kg,0.27,Knitting Yarn,40/1 Combed,FOB China,USD: 1.00000000
2024-02-06,3.76,USD/Kg,-0.27,Knitting Yarn,40/1 Combed,FOB China,USD: 1.00000000
2024-02-05,3.77,USD/Kg,-0.26,Knitting Yarn,40/1 Combed,FOB China,USD: 1.00000000
2024-02-02,3.78,USD/Kg,0.27,Knitting Yarn,40/1 Combed,FOB China,USD: 1.00000000
2024-02-01,3.77,USD/Kg,-0.26,Knitting Yarn,40/1 Combed,FOB China,USD: 1.00000000
2024-01-31,3.78,USD/Kg,0.27,Knitting Yarn,40/1 Combed,FOB China,USD: 1.00000000
2024-01-30,3.77,USD/Kg,0.53,Knitting Yarn,40/1 Combed,FOB China,USD: 1.00000000
2024-01-29,3.75,USD/Kg,0.00,Knitting Yarn,40/1 Combed,FOB China,USD: 1.00000000
2024-01-26,3.75,USD/Kg,0.00,Knitting Yarn,40/1 Combed,FOB China,USD: 1.00000000
2024-01-25,3.75,USD/Kg,0.00,Knitting Yarn,40/1 Combed,FOB China,USD: 1.00000000
2024-01-24,3.75,USD/Kg,-0.27,Knitting Yarn,40/1 Combed,FOB China,USD: 1.00000000
2024-01-23,3.76,USD/Kg,-0.27,Knitting Yarn,40/1 Combed,FOB China,USD: 1.00000000
2024-01-22,3.77,USD/Kg,0.00,Knitting Yarn,40/1 Combed,FOB China,USD: 1.00000000
2024-01-19,3.77,USD/Kg,0.27,Knitting Yarn,40/1 Combed,FOB China,USD: 1.00000000
2024-01-18,3.76,USD/Kg,0.00,Knitting Yarn,40/1 Combed,FOB China,USD: 1.00000000
2024-01-17,3.76,USD/Kg,-0.27,Knitting Yarn,40/1 Combed,FOB China,USD: 1.00000000
2024-01-16,3.77,USD/Kg,-0.26,Knitting Yarn,40/1 Combed,FOB China,USD: 1.00000000
2024-01-15,3.78,USD/Kg,0.27,Knitting Yarn,40/1 Combed,FOB China,USD: 1.00000000
2024-01-12,3.77,USD/Kg,0.00,Knitting Yarn,40/1 Combed,FOB China,USD: 1.00000000
2024-01-11,3.77,USD/Kg,1.34,Knitting Yarn,40/1 Combed,FOB China,USD: 1.00000000
2024-01-10,3.72,USD/Kg,0.27,Knitting Yarn,40/1 Combed,FOB China,USD: 1.00000000
2024-01-09,3.71,USD/Kg,0.00,Knitting Yarn,40/1 Combed,FOB China,USD: 1.00000000
2024-01-08,3.71,USD/Kg,-0.27,Knitting Yarn,40/1 Combed,FOB China,USD: 1.00000000
2024-01-05,3.72,USD/Kg,0.27,Knitting Yarn,40/1 Combed,FOB China,USD: 1.00000000
2024-01-04,3.71,USD/Kg,0.54,Knitting Yarn,40/1 Combed,FOB China,USD: 1.00000000
2024-01-03,3.69,USD/Kg,-0.27,Knitting Yarn,40/1 Combed,FOB China,USD: 1.00000000
2024-01-02,3.70,USD/Kg,0.00,Knitting Yarn,40/1 Combed,FOB China,USD: 1.00000000
2024-01-01,3.70,USD/Kg,0.00,Knitting Yarn,40/1 Combed,FOB China,USD: 1.00000000
2023-12-29,3.70,USD/Kg,-1.33,Knitting Yarn,40/1 Combed,FOB China,USD: 1.00000000
2023-12-28,3.75,USD/Kg,0.54,Knitting Yarn,40/1 Combed,FOB China,USD: 1.00000000
2023-12-27,3.73,USD/Kg,0.27,Knitting Yarn,40/1 Combed,FOB China,USD: 1.00000000
2023-12-26,3.72,USD/Kg,0.27,Knitting Yarn,40/1 Combed,FOB China,USD: 1.00000000
2023-12-25,3.71,USD/Kg,0.27,Knitting Yarn,40/1 Combed,FOB China,USD: 1.00000000
2023-12-22,3.70,USD/Kg,0.27,Knitting Yarn,40/1 Combed,FOB China,USD: 1.00000000
2023-12-21,3.69,USD/Kg,0.54,Knitting Yarn,40/1 Combed,FOB China,USD: 1.00000000
2023-12-20,3.67,USD/Kg,0.00,Knitting Yarn,40/1 Combed,FOB China,USD: 1.00000000
2023-12-19,3.67,USD/Kg,0.00,Knitting Yarn,40/1 Combed,FOB China,USD: 1.00000000
2023-12-18,3.67,USD/Kg,0.27,Knitting Yarn,40/1 Combed,FOB China,USD: 1.00000000
2023-12-15,3.66,USD/Kg,-0.54,Knitting Yarn,40/1 Combed,FOB China,USD: 1.00000000
2023-12-14,3.68,USD/Kg,0.00,Knitting Yarn,40/1 Combed,FOB China,USD: 1.00000000
2023-12-13,3.68,USD/Kg,0.27,Knitting Yarn,40/1 Combed,FOB China,USD: 1.00000000
2023-12-12,3.67,USD/Kg,0.00,Knitting Yarn,40/1 Combed,FOB China,USD: 1.00000000
2023-12-11,3.67,USD/Kg,0.00,Knitting Yarn,40/1 Combed,FOB China,USD: 1.00000000
2023-12-08,3.67,USD/Kg,0.00,Knitting Yarn,40/1 Combed,FOB China,USD: 1.00000000
2023-12-07,3.67,USD/Kg,-0.27,Knitting Yarn,40/1 Combed,FOB China,USD: 1.00000000
2023-12-06,3.68,USD/Kg,-0.27,Knitting Yarn,40/1 Combed,FOB China,USD: 1.00000000
2023-12-05,3.69,USD/Kg,0.00,Knitting Yarn,40/1 Combed,FOB China,USD: 1.00000000
2023-12-04,3.69,USD/Kg,0.27,Knitting Yarn,40/1 Combed,FOB China,USD: 1.00000000
2023-12-01,3.68,USD/Kg,0.27,Knitting Yarn,40/1 Combed,FOB China,USD: 1.00000000
2023-11-30,3.67,USD/Kg,-0.27,Knitting Yarn,40/1 Combed,FOB China,USD: 1.00000000
2023-11-29,3.68,USD/Kg,0.00,Knitting Yarn,40/1 Combed,FOB China,USD: 1.00000000
2023-11-28,3.68,USD/Kg,0.27,Knitting Yarn,40/1 Combed,FOB China,USD: 1.00000000
2023-11-27,3.67,USD/Kg,0.00,Knitting Yarn,40/1 Combed,FOB China,USD: 1.00000000
2023-11-24,3.67,USD/Kg,0.00,Knitting Yarn,40/1 Combed,FOB China,USD: 1.00000000
2023-11-23,3.67,USD/Kg,-0.27,Knitting Yarn,40/1 Combed,FOB China,USD: 1.00000000
2023-11-22,3.68,USD/Kg,1.10,Knitting Yarn,40/1 Combed,FOB China,USD: 1.00000000
2023-11-21,3.64,USD/Kg,0.28,Knitting Yarn,40/1 Combed,FOB China,USD: 1.00000000
2023-11-20,3.63,USD/Kg,0.00,Knitting Yarn,40/1 Combed,FOB China,USD: 1.00000000
2023-11-17,3.63,USD/Kg,0.28,Knitting Yarn,40/1 Combed,FOB China,USD: 1.00000000
2023-11-16,3.62,USD/Kg,0.28,Knitting Yarn,40/1 Combed,FOB China,USD: 1.00000000
2023-11-15,3.61,USD/Kg,0.28,Knitting Yarn,40/1 Combed,FOB China,USD: 1.00000000
2023-11-14,3.60,USD/Kg,0.28,Knitting Yarn,40/1 Combed,FOB China,USD: 1.00000000
2023-11-13,3.59,USD/Kg,0.00,Knitting Yarn,40/1 Combed,FOB China,USD: 1.00000000
2023-11-10,3.59,USD/Kg,-0.28,Knitting Yarn,40/1 Combed,FOB China,USD: 1.00000000
2023-11-09,3.60,USD/Kg,-0.28,Knitting Yarn,40/1 Combed,FOB China,USD: 1.00000000
2023-11-08,3.61,USD/Kg,0.00,Knitting Yarn,40/1 Combed,FOB China,USD: 1.00000000
2023-11-07,3.61,USD/Kg,-0.55,Knitting Yarn,40/1 Combed,FOB China,USD: 1.00000000
2023-11-06,3.63,USD/Kg,-0.27,Knitting Yarn,40/1 Combed,FOB China,USD: 1.00000000
2023-11-03,3.64,USD/Kg,0.00,Knitting Yarn,40/1 Combed,FOB China,USD: 1.00000000
2023-11-02,3.64,USD/Kg,0.28,Knitting Yarn,40/1 Combed,FOB China,USD: 1.00000000
2023-11-01,3.63,USD/Kg,-0.27,Knitting Yarn,40/1 Combed,FOB China,USD: 1.00000000
2023-10-31,3.64,USD/Kg,0.00,Knitting Yarn,40/1 Combed,FOB China,USD: 1.00000000
2023-10-30,3.64,USD/Kg,0.00,Knitting Yarn,40/1 Combed,FOB China,USD: 1.00000000
2023-10-27,3.64,USD/Kg,-0.27,Knitting Yarn,40/1 Combed,FOB China,USD: 1.00000000
2023-10-26,3.65,USD/Kg,-0.27,Knitting Yarn,40/1 Combed,FOB China,USD: 1.00000000
2023-10-25,3.66,USD/Kg,-0.27,Knitting Yarn,40/1 Combed,FOB China,USD: 1.00000000
2023-10-24,3.67,USD/Kg,0.00,Knitting Yarn,40/1 Combed,FOB China,USD: 1.00000000
2023-10-23,3.67,USD/Kg,0.00,Knitting Yarn,40/1 Combed,FOB China,USD: 1.00000000
2023-10-20,3.67,USD/Kg,-0.27,Knitting Yarn,40/1 Combed,FOB China,USD: 1.00000000
2023-10-19,3.68,USD/Kg,-0.27,Knitting Yarn,40/1 Combed,FOB China,USD: 1.00000000
2023-10-18,3.69,USD/Kg,-0.27,Knitting Yarn,40/1 Combed,FOB China,USD: 1.00000000
2023-10-17,3.70,USD/Kg,0.27,Knitting Yarn,40/1 Combed,FOB China,USD: 1.00000000
2023-10-16,3.69,USD/Kg,-0.27,Knitting Yarn,40/1 Combed,FOB China,USD: 1.00000000
2023-10-13,3.70,USD/Kg,-0.54,Knitting Yarn,40/1 Combed,FOB China,USD: 1.00000000
2023-10-12,3.72,USD/Kg,0.00,Knitting Yarn,40/1 Combed,FOB China,USD: 1.00000000
2023-10-11,3.72,USD/Kg,-0.27,Knitting Yarn,40/1 Combed,FOB China,USD: 1.00000000
2023-10-10,3.73,USD/Kg,0.00,Knitting Yarn,40/1 Combed,FOB China,USD: 1.00000000
2023-10-09,3.73,USD/Kg,0.00,Knitting Yarn,40/1 Combed,FOB China,USD: 1.00000000
2023-10-06,3.73,USD/Kg,-0.27,Knitting Yarn,40/1 Combed,FOB China,USD: 1.00000000
2023-10-05,3.74,USD/Kg,0.00,Knitting Yarn,40/1 Combed,FOB China,USD: 1.00000000
2023-10-04,3.74,USD/Kg,0.00,Knitting Yarn,40/1 Combed,FOB China,USD: 1.00000000
2023-10-03,3.74,USD/Kg,0.27,Knitting Yarn,40/1 Combed,FOB China,USD: 1.00000000
2023-10-02,3.73,USD/Kg,0.27,Knitting Yarn,40/1 Combed,FOB China,USD: 1.00000000
2023-09-29,3.72,USD/Kg,0.27,Knitting Yarn,40/1 Combed,FOB China,USD: 1.00000000
2023-09-28,3.71,USD/Kg,-0.27,Knitting Yarn,40/1 Combed,FOB China,USD: 1.00000000
2023-09-27,3.72,USD/Kg,0.00,Knitting Yarn,40/1 Combed,FOB China,USD: 1.00000000
2023-09-26,3.72,USD/Kg,0.27,Knitting Yarn,40/1 Combed,FOB China,USD: 1.00000000
2023-09-25,3.71,USD/Kg,0.27,Knitting Yarn,40/1 Combed,FOB China,USD: 1.00000000
2023-09-22,3.70,USD/Kg,-0.27,Knitting Yarn,40/1 Combed,FOB China,USD: 1.00000000
2023-09-21,3.71,USD/Kg,0.00,Knitting Yarn,40/1 Combed,FOB China,USD: 1.00000000
2023-09-20,3.71,USD/Kg,0.00,Knitting Yarn,40/1 Combed,FOB China,USD: 1.00000000
2023-09-19,3.71,USD/Kg,0.27,Knitting Yarn,40/1 Combed,FOB China,USD: 1.00000000
2023-09-18,3.70,USD/Kg,0.00,Knitting Yarn,40/1 Combed,FOB China,USD: 1.00000000
2023-09-15,3.70,USD/Kg,0.00,Knitting Yarn,40/1 Combed,FOB China,USD: 1.00000000
2023-09-14,3.70,USD/Kg,0.00,Knitting Yarn,40/1 Combed,FOB China,USD: 1.00000000
2023-09-13,3.70,USD/Kg,0.00,Knitting Yarn,40/1 Combed,FOB China,USD: 1.00000000
2023-09-12,3.70,USD/Kg,-0.54,Knitting Yarn,40/1 Combed,FOB China,USD: 1.00000000
2023-09-11,3.72,USD/Kg,0.27,Knitting Yarn,40/1 Combed,FOB China,USD: 1.00000000
2023-09-08,3.71,USD/Kg,0.27,Knitting Yarn,40/1 Combed,FOB China,USD: 1.00000000
2023-09-07,3.70,USD/Kg,0.27,Knitting Yarn,40/1 Combed,FOB China,USD: 1.00000000
2023-09-06,3.69,USD/Kg,-1.34,Knitting Yarn,40/1 Combed,FOB China,USD: 1.00000000
2023-09-05,3.74,USD/Kg,0.27,Knitting Yarn,40/1 Combed,FOB China,USD: 1.00000000
2023-09-04,3.73,USD/Kg,0.27,Knitting Yarn,40/1 Combed,FOB China,USD: 1.00000000
2023-09-01,3.72,USD/Kg,0.27,Knitting Yarn,40/1 Combed,FOB China,USD: 1.00000000
2023-08-31,3.71,USD/Kg,0.00,Knitting Yarn,40/1 Combed,FOB China,USD: 1.00000000
2023-08-30,3.71,USD/Kg,0.27,Knitting Yarn,40/1 Combed,FOB China,USD: 1.00000000
2023-08-29,3.70,USD/Kg,-0.27,Knitting Yarn,40/1 Combed,FOB China,USD: 1.00000000
2023-08-28,3.71,USD/Kg,-0.27,Knitting Yarn,40/1 Combed,FOB China,USD: 1.00000000
2023-08-25,3.72,USD/Kg,-0.27,Knitting Yarn,40/1 Combed,FOB China,USD: 1.00000000
2023-08-24,3.73,USD/Kg,0.27,Knitting Yarn,40/1 Combed,FOB China,USD: 1.00000000
2023-08-23,3.72,USD/Kg,-0.27,Knitting Yarn,40/1 Combed,FOB China,USD: 1.00000000
2023-08-22,3.73,USD/Kg,-0.27,Knitting Yarn,40/1 Combed,FOB China,USD: 1.00000000
2023-08-21,3.74,USD/Kg,-0.53,Knitting Yarn,40/1 Combed,FOB China,USD: 1.00000000
2023-08-18,3.76,USD/Kg,-0.27,Knitting Yarn,40/1 Combed,FOB China,USD: 1.00000000
2023-08-17,3.77,USD/Kg,-0.26,Knitting Yarn,40/1 Combed,FOB China,USD: 1.00000000
2023-08-16,3.78,USD/Kg,0.27,Knitting Yarn,40/1 Combed,FOB China,USD: 1.00000000
2023-08-15,3.77,USD/Kg,0.27,Knitting Yarn,40/1 Combed,FOB China,USD: 1.00000000
2023-08-14,3.76,USD/Kg,0.27,Knitting Yarn,40/1 Combed,FOB China,USD: 1.00000000
2023-08-11,3.75,USD/Kg,1.90,Knitting Yarn,40/1 Combed,FOB China,USD: 1.00000000
2023-08-10,3.68,USD/Kg,-0.27,Knitting Yarn,40/1 Combed,FOB China,USD: 1.00000000
2023-08-09,3.69,USD/Kg,0.27,Knitting Yarn,40/1 Combed,FOB China,USD: 1.00000000
2023-08-08,3.68,USD/Kg,-0.27,Knitting Yarn,40/1 Combed,FOB China,USD: 1.00000000
2023-08-07,3.69,USD/Kg,0.27,Knitting Yarn,40/1 Combed,FOB China,USD: 1.00000000
2023-08-04,3.68,USD/Kg,-0.27,Knitting Yarn,40/1 Combed,FOB China,USD: 1.00000000
2023-08-03,3.69,USD/Kg,-0.27,Knitting Yarn,40/1 Combed,FOB China,USD: 1.00000000
2023-08-02,3.70,USD/Kg,-0.27,Knitting Yarn,40/1 Combed,FOB China,USD: 1.00000000
2023-08-01,3.71,USD/Kg,-0.27,Knitting Yarn,40/1 Combed,FOB China,USD: 1.00000000
2023-07-31,3.72,USD/Kg,-0.53,Knitting Yarn,40/1 Combed,FOB China,USD: 1.00000000
2023-07-28,3.74,USD/Kg,0.00,Knitting Yarn,40/1 Combed,FOB China,USD: 1.00000000
2023-07-27,3.74,USD/Kg,0.00,Knitting Yarn,40/1 Combed,FOB China,USD: 1.00000000
2023-07-26,3.74,USD/Kg,0.27,Knitting Yarn,40/1 Combed,FOB China,USD: 1.00000000
2023-07-25,3.73,USD/Kg,0.27,Knitting Yarn,40/1 Combed,FOB China,USD: 1.00000000
2023-07-24,3.72,USD/Kg,0.27,Knitting Yarn,40/1 Combed,FOB China,USD: 1.00000000
2023-07-21,3.71,USD/Kg,0.00,Knitting Yarn,40/1 Combed,FOB China,USD: 1.00000000
2023-07-20,3.71,USD/Kg,0.27,Knitting Yarn,40/1 Combed,FOB China,USD: 1.00000000
2023-07-19,3.70,USD/Kg,0.00,Knitting Yarn,40/1 Combed,FOB China,USD: 1.00000000
2023-07-18,3.70,USD/Kg,0.00,Knitting Yarn,40/1 Combed,FOB China,USD: 1.00000000
2023-07-17,3.70,USD/Kg,0.00,Knitting Yarn,40/1 Combed,FOB China,USD: 1.00000000
2023-07-14,3.70,USD/Kg,-0.27,Knitting Yarn,40/1 Combed,FOB China,USD: 1.00000000
2023-07-13,3.71,USD/Kg,-0.27,Knitting Yarn,40/1 Combed,FOB China,USD: 1.00000000
2023-07-12,3.72,USD/Kg,-0.53,Knitting Yarn,40/1 Combed,FOB China,USD: 1.00000000
2023-07-11,3.74,USD/Kg,0.27,Knitting Yarn,40/1 Combed,FOB China,USD: 1.00000000
2023-07-10,3.73,USD/Kg,0.27,Knitting Yarn,40/1 Combed,FOB China,USD: 1.00000000
2023-07-07,3.72,USD/Kg,0.00,Knitting Yarn,40/1 Combed,FOB China,USD: 1.00000000
2023-07-06,3.72,USD/Kg,0.00,Knitting Yarn,40/1 Combed,FOB China,USD: 1.00000000
2023-07-05,3.72,USD/Kg,-1.33,Knitting Yarn,40/1 Combed,FOB China,USD: 1.00000000
2023-07-04,3.77,USD/Kg,0.00,Knitting Yarn,40/1 Combed,FOB China,USD: 1.00000000
2023-07-03,3.77,USD/Kg,1.07,Knitting Yarn,40/1 Combed,FOB China,USD: 1.00000000
2023-06-30,3.73,USD/Kg,0.27,Knitting Yarn,40/1 Combed,FOB China,USD: 1.00000000
2023-06-29,3.72,USD/Kg,0.27,Knitting Yarn,40/1 Combed,FOB China,USD: 1.00000000
2023-06-28,3.71,USD/Kg,0.00,Knitting Yarn,40/1 Combed,FOB China,USD: 1.00000000
2023-06-27,3.71,USD/Kg,0.27,Knitting Yarn,40/1 Combed,FOB China,USD: 1.00000000
2023-06-26,3.70,USD/Kg,0.27,Knitting Yarn,40/1 Combed,FOB China,USD: 1.00000000
2023-06-23,3.69,USD/Kg,0.27,Knitting Yarn,40/1 Combed,FOB China,USD: 1.00000000
2023-06-22,3.68,USD/Kg,-0.27,Knitting Yarn,40/1 Combed,FOB China,USD: 1.00000000
2023-06-21,3.69,USD/Kg,0.27,Knitting Yarn,40/1 Combed,FOB China,USD: 1.00000000
2023-06-20,3.68,USD/Kg,0.00,Knitting Yarn,40/1 Combed,FOB China,USD: 1.00000000
2023-06-19,3.68,USD/Kg,-0.27,Knitting Yarn,40/1 Combed,FOB China,USD: 1.00000000
2023-06-16,3.69,USD/Kg,-0.27,Knitting Yarn,40/1 Combed,FOB China,USD: 1.00000000
2023-06-15,3.70,USD/Kg,-0.27,Knitting Yarn,40/1 Combed,FOB China,USD: 1.00000000
2023-06-14,3.71,USD/Kg,-0.27,Knitting Yarn,40/1 Combed,FOB China,USD: 1.00000000
2023-06-13,3.72,USD/Kg,-0.27,Knitting Yarn,40/1 Combed,FOB China,USD: 1.00000000
2023-06-12,3.73,USD/Kg,0.00,Knitting Yarn,40/1 Combed,FOB China,USD: 1.00000000
2023-06-09,3.73,USD/Kg,-1.32,Knitting Yarn,40/1 Combed,FOB China,USD: 1.00000000
2023-06-08,3.78,USD/Kg,-0.26,Knitting Yarn,40/1 Combed,FOB China,USD: 1.00000000
2023-06-07,3.79,USD/Kg,0.00,Knitting Yarn,40/1 Combed,FOB China,USD: 1.00000000
2023-06-06,3.79,USD/Kg,-0.52,Knitting Yarn,40/1 Combed,FOB China,USD: 1.00000000
2023-06-05,3.81,USD/Kg,0.00,Knitting Yarn,40/1 Combed,FOB China,USD: 1.00000000
2023-06-02,3.81,USD/Kg,0.53,Knitting Yarn,40/1 Combed,FOB China,USD: 1.00000000
2023-06-01,3.79,USD/Kg,1.61,Knitting Yarn,40/1 Combed,FOB China,USD: 1.00000000
2023-05-31,3.73,USD/Kg,0.27,Knitting Yarn,40/1 Combed,FOB China,USD: 1.00000000
2023-05-30,3.72,USD/Kg,0.27,Knitting Yarn,40/1 Combed,FOB China,USD: 1.00000000
2023-05-29,3.71,USD/Kg,-0.27,Knitting Yarn,40/1 Combed,FOB China,USD: 1.00000000
2023-05-26,3.72,USD/Kg,0.27,Knitting Yarn,40/1 Combed,FOB China,USD: 1.00000000
2023-05-25,3.71,USD/Kg,0.27,Knitting Yarn,40/1 Combed,FOB China,USD: 1.00000000
2023-05-24,3.70,USD/Kg,-0.54,Knitting Yarn,40/1 Combed,FOB China,USD: 1.00000000
2023-05-23,3.72,USD/Kg,-0.27,Knitting Yarn,40/1 Combed,FOB China,USD: 1.00000000
2023-05-22,3.73,USD/Kg,-0.27,Knitting Yarn,40/1 Combed,FOB China,USD: 1.00000000
2023-05-19,3.74,USD/Kg,0.00,Knitting Yarn,40/1 Combed,FOB China,USD: 1.00000000
2023-05-18,3.74,USD/Kg,0.00,Knitting Yarn,40/1 Combed,FOB China,USD: 1.00000000
2023-05-17,3.74,USD/Kg,-0.27,Knitting Yarn,40/1 Combed,FOB China,USD: 1.00000000
2023-05-16,3.75,USD/Kg,-0.27,Knitting Yarn,40/1 Combed,FOB China,USD: 1.00000000
2023-05-15,3.76,USD/Kg,-0.27,Knitting Yarn,40/1 Combed,FOB China,USD: 1.00000000
2023-05-12,3.77,USD/Kg,-0.26,Knitting Yarn,40/1 Combed,FOB China,USD: 1.00000000
2023-05-11,3.78,USD/Kg,-0.79,Knitting Yarn,40/1 Combed,FOB China,USD: 1.00000000
2023-05-10,3.81,USD/Kg,0.00,Knitting Yarn,40/1 Combed,FOB China,USD: 1.00000000
2023-05-09,3.81,USD/Kg,0.00,Knitting Yarn,40/1 Combed,FOB China,USD: 1.00000000
2023-05-08,3.81,USD/Kg,0.53,Knitting Yarn,40/1 Combed,FOB China,USD: 1.00000000
2023-05-05,3.79,USD/Kg,-0.26,Knitting Yarn,40/1 Combed,FOB China,USD: 1.00000000
2023-05-04,3.80,USD/Kg,0.00,Knitting Yarn,40/1 Combed,FOB China,USD: 1.00000000
2023-05-03,3.80,USD/Kg,0.00,Knitting Yarn,40/1 Combed,FOB China,USD: 1.00000000
2023-05-02,3.80,USD/Kg,-0.26,Knitting Yarn,40/1 Combed,FOB China,USD: 1.00000000
2023-05-01,3.81,USD/Kg,-0.26,Knitting Yarn,40/1 Combed,FOB China,USD: 1.00000000
2023-04-28,3.82,USD/Kg,-0.26,Knitting Yarn,40/1 Combed,FOB China,USD: 1.00000000
2023-04-27,3.83,USD/Kg,0.00,Knitting Yarn,40/1 Combed,FOB China,USD: 1.00000000
2023-04-26,3.83,USD/Kg,-0.26,Knitting Yarn,40/1 Combed,FOB China,USD: 1.00000000
2023-04-25,3.84,USD/Kg,0.26,Knitting Yarn,40/1 Combed,FOB China,USD: 1.00000000
2023-04-24,3.83,USD/Kg,-0.26,Knitting Yarn,40/1 Combed,FOB China,USD: 1.00000000
2023-04-21,3.84,USD/Kg,0.52,Knitting Yarn,40/1 Combed,FOB China,USD: 1.00000000
2023-04-20,3.82,USD/Kg,0.53,Knitting Yarn,40/1 Combed,FOB China,USD: 1.00000000
2023-04-19,3.80,USD/Kg,1.33,Knitting Yarn,40/1 Combed,FOB China,USD: 1.00000000
2023-04-18,3.75,USD/Kg,-0.27,Knitting Yarn,40/1 Combed,FOB China,USD: 1.00000000
2023-04-17,3.76,USD/Kg,0.00,Knitting Yarn,40/1 Combed,FOB China,USD: 1.00000000
2023-04-14,3.76,USD/Kg,-0.27,Knitting Yarn,40/1 Combed,FOB China,USD: 1.00000000
2023-04-13,3.77,USD/Kg,-0.53,Knitting Yarn,40/1 Combed,FOB China,USD: 1.00000000
2023-04-12,3.79,USD/Kg,0.26,Knitting Yarn,40/1 Combed,FOB China,USD: 1.00000000
2023-04-11,3.78,USD/Kg,0.00,Knitting Yarn,40/1 Combed,FOB China,USD: 1.00000000
2023-04-10,3.78,USD/Kg,0.27,Knitting Yarn,40/1 Combed,FOB China,USD: 1.00000000
2023-04-07,3.77,USD/Kg,-0.26,Knitting Yarn,40/1 Combed,FOB China,USD: 1.00000000
2023-04-06,3.78,USD/Kg,0.27,Knitting Yarn,40/1 Combed,FOB China,USD: 1.00000000
2023-04-05,3.77,USD/Kg,0.00,Knitting Yarn,40/1 Combed,FOB China,USD: 1.00000000
2023-04-04,3.77,USD/Kg,-0.26,Knitting Yarn,40/1 Combed,FOB China,USD: 1.00000000
2023-04-03,3.78,USD/Kg,0.00,Knitting Yarn,40/1 Combed,FOB China,USD: 1.00000000
2023-03-31,3.78,USD/Kg,0.27,Knitting Yarn,40/1 Combed,FOB China,USD: 1.00000000
2023-03-30,3.77,USD/Kg,0.53,Knitting Yarn,40/1 Combed,FOB China,USD: 1.00000000
2023-03-29,3.75,USD/Kg,-0.27,Knitting Yarn,40/1 Combed,FOB China,USD: 1.00000000
2023-03-28,3.76,USD/Kg,0.53,Knitting Yarn,40/1 Combed,FOB China,USD: 1.00000000
2023-03-27,3.74,USD/Kg,0.27,Knitting Yarn,40/1 Combed,FOB China,USD: 1.00000000
2023-03-24,3.73,USD/Kg,-0.27,Knitting Yarn,40/1 Combed,FOB China,USD: 1.00000000
2023-03-23,3.74,USD/Kg,0.00,Knitting Yarn,40/1 Combed,FOB China,USD: 1.00000000
2023-03-22,3.74,USD/Kg,-0.27,Knitting Yarn,40/1 Combed,FOB China,USD: 1.00000000
2023-03-21,3.75,USD/Kg,0.00,Knitting Yarn,40/1 Combed,FOB China,USD: 1.00000000
2023-03-20,3.75,USD/Kg,0.27,Knitting Yarn,40/1 Combed,FOB China,USD: 1.00000000
2023-03-17,3.74,USD/Kg,0.00,Knitting Yarn,40/1 Combed,FOB China,USD: 1.00000000
2023-03-16,3.74,USD/Kg,0.27,Knitting Yarn,40/1 Combed,FOB China,USD: 1.00000000
2023-03-15,3.73,USD/Kg,-0.27,Knitting Yarn,40/1 Combed,FOB China,USD: 1.00000000
2023-03-14,3.74,USD/Kg,-0.27,Knitting Yarn,40/1 Combed,FOB China,USD: 1.00000000
2023-03-13,3.75,USD/Kg,0.00,Knitting Yarn,40/1 Combed,FOB China,USD: 1.00000000
2023-03-10,3.75,USD/Kg,-0.27,Knitting Yarn,40/1 Combed,FOB China,USD: 1.00000000
2023-03-09,3.76,USD/Kg,0.00,Knitting Yarn,40/1 Combed,FOB China,USD: 1.00000000
2023-03-08,3.76,USD/Kg,-0.27,Knitting Yarn,40/1 Combed,FOB China,USD: 1.00000000
2023-03-07,3.77,USD/Kg,0.27,Knitting Yarn,40/1 Combed,FOB China,USD: 1.00000000
2023-03-06,3.76,USD/Kg,0.00,Knitting Yarn,40/1 Combed,FOB China,USD: 1.00000000
2023-03-03,3.76,USD/Kg,0.27,Knitting Yarn,40/1 Combed,FOB China,USD: 1.00000000
2023-03-02,3.75,USD/Kg,0.27,Knitting Yarn,40/1 Combed,FOB China,USD: 1.00000000
2023-03-01,3.74,USD/Kg,-0.53,Knitting Yarn,40/1 Combed,FOB China,USD: 1.00000000
2023-02-28,3.76,USD/Kg,0.53,Knitting Yarn,40/1 Combed,FOB China,USD: 1.00000000
2023-02-27,3.74,USD/Kg,-0.27,Knitting Yarn,40/1 Combed,FOB China,USD: 1.00000000
2023-02-24,3.75,USD/Kg,0.54,Knitting Yarn,40/1 Combed,FOB China,USD: 1.00000000
2023-02-23,3.73,USD/Kg,-0.53,Knitting Yarn,40/1 Combed,FOB China,USD: 1.00000000
2023-02-22,3.75,USD/Kg,0.54,Knitting Yarn,40/1 Combed,FOB China,USD: 1.00000000
2023-02-21,3.73,USD/Kg,0.00,Knitting Yarn,40/1 Combed,FOB China,USD: 1.00000000
2023-02-20,3.73,USD/Kg,-0.27,Knitting Yarn,40/1 Combed,FOB China,USD: 1.00000000
2023-02-17,3.74,USD/Kg,0.27,Knitting Yarn,40/1 Combed,FOB China,USD: 1.00000000
2023-02-16,3.73,USD/Kg,0.00,Knitting Yarn,40/1 Combed,FOB China,USD: 1.00000000
2023-02-15,3.73,USD/Kg,-0.27,Knitting Yarn,40/1 Combed,FOB China,USD: 1.00000000
2023-02-14,3.74,USD/Kg,0.00,Knitting Yarn,40/1 Combed,FOB China,USD: 1.00000000
2023-02-13,3.74,USD/Kg,0.27,Knitting Yarn,40/1 Combed,FOB China,USD: 1.00000000
2023-02-10,3.73,USD/Kg,0.27,Knitting Yarn,40/1 Combed,FOB China,USD: 1.00000000
2023-02-09,3.72,USD/Kg,-0.27,Knitting Yarn,40/1 Combed,FOB China,USD: 1.00000000
2023-02-08,3.73,USD/Kg,-0.27,Knitting Yarn,40/1 Combed,FOB China,USD: 1.00000000
2023-02-07,3.74,USD/Kg,0.27,Knitting Yarn,40/1 Combed,FOB China,USD: 1.00000000
2023-02-06,3.73,USD/Kg,-0.27,Knitting Yarn,40/1 Combed,FOB China,USD: 1.00000000
2023-02-03,3.74,USD/Kg,0.00,Knitting Yarn,40/1 Combed,FOB China,USD: 1.00000000
2023-02-02,3.74,USD/Kg,0.27,Knitting Yarn,40/1 Combed,FOB China,USD: 1.00000000
2023-02-01,3.73,USD/Kg,-0.53,Knitting Yarn,40/1 Combed,FOB China,USD: 1.00000000
2023-01-31,3.75,USD/Kg,-0.27,Knitting Yarn,40/1 Combed,FOB China,USD: 1.00000000
2023-01-30,3.76,USD/Kg,-0.27,Knitting Yarn,40/1 Combed,FOB China,USD: 1.00000000
2023-01-27,3.77,USD/Kg,0.27,Knitting Yarn,40/1 Combed,FOB China,USD: 1.00000000
2023-01-26,3.76,USD/Kg,0.27,Knitting Yarn,40/1 Combed,FOB China,USD: 1.00000000
2023-01-25,3.75,USD/Kg,0.27,Knitting Yarn,40/1 Combed,FOB China,USD: 1.00000000
2023-01-24,3.74,USD/Kg,0.27,Knitting Yarn,40/1 Combed,FOB China,USD: 1.00000000
2023-01-23,3.73,USD/Kg,0.27,Knitting Yarn,40/1 Combed,FOB China,USD: 1.00000000
2023-01-20,3.72,USD/Kg,-0.53,Knitting Yarn,40/1 Combed,FOB China,USD: 1.00000000
2023-01-19,3.74,USD/Kg,-0.27,Knitting Yarn,40/1 Combed,FOB China,USD: 1.00000000
2023-01-18,3.75,USD/Kg,0.00,Knitting Yarn,40/1 Combed,FOB China,USD: 1.00000000
2023-01-17,3.75,USD/Kg,0.27,Knitting Yarn,40/1 Combed,FOB China,USD: 1.00000000
2023-01-16,3.74,USD/Kg,-0.27,Knitting Yarn,40/1 Combed,FOB China,USD: 1.00000000
2023-01-13,3.75,USD/Kg,1.35,Knitting Yarn,40/1 Combed,FOB China,USD: 1.00000000
2023-01-12,3.70,USD/Kg,0.00,Knitting Yarn,40/1 Combed,FOB China,USD: 1.00000000
2023-01-11,3.70,USD/Kg,-0.27,Knitting Yarn,40/1 Combed,FOB China,USD: 1.00000000
2023-01-10,3.71,USD/Kg,0.00,Knitting Yarn,40/1 Combed,FOB China,USD: 1.00000000
2023-01-09,3.71,USD/Kg,0.00,Knitting Yarn,40/1 Combed,FOB China,USD: 1.00000000
2023-01-06,3.71,USD/Kg,0.27,Knitting Yarn,40/1 Combed,FOB China,USD: 1.00000000
2023-01-05,3.70,USD/Kg,0.27,Knitting Yarn,40/1 Combed,FOB China,USD: 1.00000000
2023-01-04,3.69,USD/Kg,-0.27,Knitting Yarn,40/1 Combed,FOB China,USD: 1.00000000
2023-01-03,3.70,USD/Kg,0.27,Knitting Yarn,40/1 Combed,FOB China,USD: 1.00000000
2023-01-02,3.69,USD/Kg,0.00,Knitting Yarn,40/1 Combed,FOB China,USD: 1.00000000
2025-06-06,3.78,USD/Kg,0.00,Knitting Yarn,40/2 Carded,Domestic China,CNY: 0.13935340
2025-06-05,3.78,USD/Kg,-0.26,Knitting Yarn,40/2 Carded,Domestic China,CNY: 0.13917497
2025-06-04,3.79,USD/Kg,0.26,Knitting Yarn,40/2 Carded,Domestic China,CNY: 0.13911882
2025-06-03,3.78,USD/Kg,0.00,Knitting Yarn,40/2 Carded,Domestic China,CNY: 0.13889275
2025-06-02,3.78,USD/Kg,-0.26,Knitting Yarn,40/2 Carded,Domestic China,CNY: 0.13889275
2025-05-30,3.79,USD/Kg,0.26,Knitting Yarn,40/2 Carded,Domestic China,CNY: 0.13916141
2025-05-29,3.78,USD/Kg,-0.26,Knitting Yarn,40/2 Carded,Domestic China,CNY: 0.13898927
2025-05-28,3.79,USD/Kg,0.00,Knitting Yarn,40/2 Carded,Domestic China,CNY: 0.13897382
2025-05-27,3.79,USD/Kg,0.00,Knitting Yarn,40/2 Carded,Domestic China,CNY: 0.13914205
2025-05-26,3.79,USD/Kg,-0.26,Knitting Yarn,40/2 Carded,Domestic China,CNY: 0.13926413
2025-05-23,3.80,USD/Kg,-0.26,Knitting Yarn,40/2 Carded,Domestic China,CNY: 0.13880599
2025-05-22,3.81,USD/Kg,-0.26,Knitting Yarn,40/2 Carded,Domestic China,CNY: 0.13884068
2025-05-21,3.82,USD/Kg,0.26,Knitting Yarn,40/2 Carded,Domestic China,CNY: 0.13850607
2025-05-20,3.81,USD/Kg,1.87,Knitting Yarn,40/2 Carded,Domestic China,CNY: 0.13861935
2025-05-19,3.74,USD/Kg,0.00,Knitting Yarn,40/2 Carded,Domestic China,CNY: 0.13870587
2025-05-16,3.74,USD/Kg,0.27,Knitting Yarn,40/2 Carded,Domestic China,CNY: 0.13875399
2025-05-15,3.73,USD/Kg,0.00,Knitting Yarn,40/2 Carded,Domestic China,CNY: 0.13882526
2025-05-14,3.73,USD/Kg,1.36,Knitting Yarn,40/2 Carded,Domestic China,CNY: 0.13882526
2025-05-13,3.68,USD/Kg,0.27,Knitting Yarn,40/2 Carded,Domestic China,CNY: 0.13882526
2025-05-12,3.67,USD/Kg,0.00,Knitting Yarn,40/2 Carded,Domestic China,CNY: 0.13840160
2025-05-09,3.67,USD/Kg,-0.27,Knitting Yarn,40/2 Carded,Domestic China,CNY: 0.13840160
2025-05-08,3.68,USD/Kg,0.27,Knitting Yarn,40/2 Carded,Domestic China,CNY: 0.13840160
2025-05-07,3.67,USD/Kg,-0.54,Knitting Yarn,40/2 Carded,Domestic China,CNY: 0.13708019
2025-05-06,3.69,USD/Kg,0.00,Knitting Yarn,40/2 Carded,Domestic China,CNY: 0.13708019
2025-05-05,3.69,USD/Kg,0.00,Knitting Yarn,40/2 Carded,Domestic China,CNY: 0.13708019
2025-05-02,3.69,USD/Kg,1.93,Knitting Yarn,40/2 Carded,Domestic China,CNY: 0.13708019
2025-05-01,3.62,USD/Kg,0.28,Knitting Yarn,40/2 Carded,Domestic China,CNY: 0.13708019
2025-04-30,3.61,USD/Kg,0.00,Knitting Yarn,40/2 Carded,Domestic China,CNY: 0.13708019
2025-04-29,3.61,USD/Kg,0.56,Knitting Yarn,40/2 Carded,Domestic China,CNY: 0.13708019
2025-04-28,3.59,USD/Kg,-0.28,Knitting Yarn,40/2 Carded,Domestic China,CNY: 0.13721750
2025-04-25,3.60,USD/Kg,-0.28,Knitting Yarn,40/2 Carded,Domestic China,CNY: 0.13723068
2025-04-24,3.61,USD/Kg,-0.28,Knitting Yarn,40/2 Carded,Domestic China,CNY: 0.13723068
2025-04-23,3.62,USD/Kg,0.00,Knitting Yarn,40/2 Carded,Domestic China,CNY: 0.13675588
2025-04-22,3.62,USD/Kg,0.56,Knitting Yarn,40/2 Carded,Domestic China,CNY: 0.13712907
2025-04-21,3.60,USD/Kg,-0.28,Knitting Yarn,40/2 Carded,Domestic China,CNY: 0.13706516
2025-04-18,3.61,USD/Kg,-0.28,Knitting Yarn,40/2 Carded,Domestic China,CNY: 0.13706516
2025-04-17,3.62,USD/Kg,-0.28,Knitting Yarn,40/2 Carded,Domestic China,CNY: 0.13686818
2025-04-16,3.63,USD/Kg,0.83,Knitting Yarn,40/2 Carded,Domestic China,CNY: 0.13671474
2025-04-15,3.60,USD/Kg,-0.28,Knitting Yarn,40/2 Carded,Domestic China,CNY: 0.13674840
2025-04-14,3.61,USD/Kg,0.28,Knitting Yarn,40/2 Carded,Domestic China,CNY: 0.13713283
2025-04-11,3.60,USD/Kg,-0.28,Knitting Yarn,40/2 Carded,Domestic China,CNY: 0.13671474
2025-04-10,3.61,USD/Kg,0.28,Knitting Yarn,40/2 Carded,Domestic China,CNY: 0.13605627
2025-04-09,3.60,USD/Kg,-0.28,Knitting Yarn,40/2 Carded,Domestic China,CNY: 0.13627506
2025-04-08,3.61,USD/Kg,-0.28,Knitting Yarn,40/2 Carded,Domestic China,CNY: 0.13677645
2025-04-07,3.62,USD/Kg,-0.28,Knitting Yarn,40/2 Carded,Domestic China,CNY: 0.13733340
2025-04-04,3.63,USD/Kg,0.00,Knitting Yarn,40/2 Carded,Domestic China,CNY: 0.13702760
2025-04-03,3.63,USD/Kg,-0.27,Knitting Yarn,40/2 Carded,Domestic China,CNY: 0.13759701
2025-04-02,3.64,USD/Kg,0.28,Knitting Yarn,40/2 Carded,Domestic China,CNY: 0.13754969
2025-04-01,3.63,USD/Kg,0.28,Knitting Yarn,40/2 Carded,Domestic China,CNY: 0.13786448
2025-03-31,3.62,USD/Kg,0.28,Knitting Yarn,40/2 Carded,Domestic China,CNY: 0.13767278
2025-03-28,3.61,USD/Kg,0.28,Knitting Yarn,40/2 Carded,Domestic China,CNY: 0.13763867
2025-03-27,3.60,USD/Kg,0.28,Knitting Yarn,40/2 Carded,Domestic China,CNY: 0.13758565
2025-03-26,3.59,USD/Kg,0.28,Knitting Yarn,40/2 Carded,Domestic China,CNY: 0.13779039
2025-03-25,3.58,USD/Kg,0.28,Knitting Yarn,40/2 Carded,Domestic China,CNY: 0.13786448
2025-03-24,3.57,USD/Kg,-0.28,Knitting Yarn,40/2 Carded,Domestic China,CNY: 0.13794511
2025-03-21,3.58,USD/Kg,-0.28,Knitting Yarn,40/2 Carded,Domestic China,CNY: 0.13796529
2025-03-20,3.59,USD/Kg,0.28,Knitting Yarn,40/2 Carded,Domestic China,CNY: 0.13829824
2025-03-19,3.58,USD/Kg,0.00,Knitting Yarn,40/2 Carded,Domestic China,CNY: 0.13835469
2025-03-18,3.58,USD/Kg,0.00,Knitting Yarn,40/2 Carded,Domestic China,CNY: 0.13825140
2025-03-17,3.58,USD/Kg,-0.28,Knitting Yarn,40/2 Carded,Domestic China,CNY: 0.13816258
2025-03-14,3.59,USD/Kg,-0.28,Knitting Yarn,40/2 Carded,Domestic China,CNY: 0.13816258
2025-03-13,3.60,USD/Kg,0.28,Knitting Yarn,40/2 Carded,Domestic China,CNY: 0.13816258
2025-03-12,3.59,USD/Kg,-0.83,Knitting Yarn,40/2 Carded,Domestic China,CNY: 0.13833363
2025-03-11,3.62,USD/Kg,0.00,Knitting Yarn,40/2 Carded,Domestic China,CNY: 0.13773156
2025-03-10,3.62,USD/Kg,0.00,Knitting Yarn,40/2 Carded,Domestic China,CNY: 0.13823133
2025-03-07,3.62,USD/Kg,-0.28,Knitting Yarn,40/2 Carded,Domestic China,CNY: 0.13797290
2025-03-06,3.63,USD/Kg,0.28,Knitting Yarn,40/2 Carded,Domestic China,CNY: 0.13791011
2025-03-05,3.62,USD/Kg,-0.55,Knitting Yarn,40/2 Carded,Domestic China,CNY: 0.13763488
2025-03-04,3.64,USD/Kg,0.28,Knitting Yarn,40/2 Carded,Domestic China,CNY: 0.13726648
2025-03-03,3.63,USD/Kg,0.00,Knitting Yarn,40/2 Carded,Domestic China,CNY: 0.13729097
2025-02-28,3.63,USD/Kg,0.28,Knitting Yarn,40/2 Carded,Domestic China,CNY: 0.13724575
2025-02-27,3.62,USD/Kg,0.28,Knitting Yarn,40/2 Carded,Domestic China,CNY: 0.13774105
2025-02-26,3.61,USD/Kg,0.28,Knitting Yarn,40/2 Carded,Domestic China,CNY: 0.13788919
2025-02-25,3.60,USD/Kg,-1.37,Knitting Yarn,40/2 Carded,Domestic China,CNY: 0.13796719
2025-02-24,3.65,USD/Kg,0.00,Knitting Yarn,40/2 Carded,Domestic China,CNY: 0.13791201
2025-02-21,3.65,USD/Kg,-0.27,Knitting Yarn,40/2 Carded,Domestic China,CNY: 0.13781698
2025-02-20,3.66,USD/Kg,0.00,Knitting Yarn,40/2 Carded,Domestic China,CNY: 0.13729097
2025-02-19,3.66,USD/Kg,-0.27,Knitting Yarn,40/2 Carded,Domestic China,CNY: 0.13737019
2025-02-18,3.67,USD/Kg,-0.54,Knitting Yarn,40/2 Carded,Domestic China,CNY: 0.13766709
2025-02-17,3.69,USD/Kg,0.27,Knitting Yarn,40/2 Carded,Domestic China,CNY: 0.13785498
2025-02-14,3.68,USD/Kg,0.00,Knitting Yarn,40/2 Carded,Domestic China,CNY: 0.13681669
2025-02-13,3.68,USD/Kg,0.27,Knitting Yarn,40/2 Carded,Domestic China,CNY: 0.13681669
2025-02-12,3.67,USD/Kg,0.27,Knitting Yarn,40/2 Carded,Domestic China,CNY: 0.13684196
2025-02-11,3.66,USD/Kg,0.27,Knitting Yarn,40/2 Carded,Domestic China,CNY: 0.13688879
2025-02-10,3.65,USD/Kg,-0.27,Knitting Yarn,40/2 Carded,Domestic China,CNY: 0.13721562
2025-02-07,3.66,USD/Kg,-0.27,Knitting Yarn,40/2 Carded,Domestic China,CNY: 0.13719680
2025-02-06,3.67,USD/Kg,0.27,Knitting Yarn,40/2 Carded,Domestic China,CNY: 0.13752510
2025-02-05,3.66,USD/Kg,0.83,Knitting Yarn,40/2 Carded,Domestic China,CNY: 0.13921954
2025-02-04,3.63,USD/Kg,0.28,Knitting Yarn,40/2 Carded,Domestic China,CNY: 0.13896802
2025-02-03,3.62,USD/Kg,0.28,Knitting Yarn,40/2 Carded,Domestic China,CNY: 0.13914399
2025-01-31,3.61,USD/Kg,0.28,Knitting Yarn,40/2 Carded,Domestic China,CNY: 0.13923504
2025-01-30,3.60,USD/Kg,0.28,Knitting Yarn,40/2 Carded,Domestic China,CNY: 0.13947196
2025-01-29,3.59,USD/Kg,0.00,Knitting Yarn,40/2 Carded,Domestic China,CNY: 0.13790821
2025-01-28,3.59,USD/Kg,0.28,Knitting Yarn,40/2 Carded,Domestic China,CNY: 0.13791296
2025-01-27,3.58,USD/Kg,-0.28,Knitting Yarn,40/2 Carded,Domestic China,CNY: 0.13804185
2025-01-24,3.59,USD/Kg,0.28,Knitting Yarn,40/2 Carded,Domestic China,CNY: 0.13722504
2025-01-23,3.58,USD/Kg,-0.28,Knitting Yarn,40/2 Carded,Domestic China,CNY: 0.13751375
2025-01-22,3.59,USD/Kg,-0.28,Knitting Yarn,40/2 Carded,Domestic China,CNY: 0.13651598
2025-01-21,3.60,USD/Kg,-0.28,Knitting Yarn,40/2 Carded,Domestic China,CNY: 0.13671848
2025-01-20,3.61,USD/Kg,0.28,Knitting Yarn,40/2 Carded,Domestic China,CNY: 0.13651821
2025-01-17,3.60,USD/Kg,0.00,Knitting Yarn,40/2 Carded,Domestic China,CNY: 0.13638285
2025-01-16,3.60,USD/Kg,-0.28,Knitting Yarn,40/2 Carded,Domestic China,CNY: 0.13640518
2025-01-15,3.61,USD/Kg,0.00,Knitting Yarn,40/2 Carded,Domestic China,CNY: 0.13638843
2025-01-14,3.61,USD/Kg,0.28,Knitting Yarn,40/2 Carded,Domestic China,CNY: 0.13641076
2025-01-13,3.60,USD/Kg,0.28,Knitting Yarn,40/2 Carded,Domestic China,CNY: 0.13637541
2025-01-10,3.59,USD/Kg,0.28,Knitting Yarn,40/2 Carded,Domestic China,CNY: 0.13638564
2025-01-09,3.58,USD/Kg,0.28,Knitting Yarn,40/2 Carded,Domestic China,CNY: 0.13639588
2025-01-08,3.57,USD/Kg,0.00,Knitting Yarn,40/2 Carded,Domestic China,CNY: 0.13649175
2025-01-07,3.57,USD/Kg,0.28,Knitting Yarn,40/2 Carded,Domestic China,CNY: 0.13656090
2025-01-06,3.56,USD/Kg,0.28,Knitting Yarn,40/2 Carded,Domestic China,CNY: 0.13660083
2025-01-03,3.55,USD/Kg,-0.28,Knitting Yarn,40/2 Carded,Domestic China,CNY: 0.13699381
2025-01-02,3.56,USD/Kg,0.28,Knitting Yarn,40/2 Carded,Domestic China,CNY: 0.13702572
2025-01-01,3.55,USD/Kg,0.00,Knitting Yarn,40/2 Carded,Domestic China,CNY: 0.13702572
2024-12-31,3.55,USD/Kg,0.28,Knitting Yarn,40/2 Carded,Domestic China,CNY: 0.13700319
2024-12-30,3.54,USD/Kg,-0.28,Knitting Yarn,40/2 Carded,Domestic China,CNY: 0.13700882
2024-12-27,3.55,USD/Kg,0.28,Knitting Yarn,40/2 Carded,Domestic China,CNY: 0.13701821
2024-12-26,3.54,USD/Kg,0.00,Knitting Yarn,40/2 Carded,Domestic China,CNY: 0.13702009
2024-12-25,3.54,USD/Kg,-0.28,Knitting Yarn,40/2 Carded,Domestic China,CNY: 0.13706892
2024-12-24,3.55,USD/Kg,-1.39,Knitting Yarn,40/2 Carded,Domestic China,CNY: 0.13702384
2024-12-23,3.60,USD/Kg,0.00,Knitting Yarn,40/2 Carded,Domestic China,CNY: 0.13705389
2024-12-20,3.60,USD/Kg,-0.28,Knitting Yarn,40/2 Carded,Domestic China,CNY: 0.13705389
2024-12-19,3.61,USD/Kg,0.56,Knitting Yarn,40/2 Carded,Domestic China,CNY: 0.13724199
2024-12-18,3.59,USD/Kg,-0.28,Knitting Yarn,40/2 Carded,Domestic China,CNY: 0.13725705
2024-12-17,3.60,USD/Kg,0.28,Knitting Yarn,40/2 Carded,Domestic China,CNY: 0.13729663
2024-12-16,3.59,USD/Kg,0.56,Knitting Yarn,40/2 Carded,Domestic China,CNY: 0.13743626
2024-12-13,3.57,USD/Kg,0.28,Knitting Yarn,40/2 Carded,Domestic China,CNY: 0.13757808
2024-12-12,3.56,USD/Kg,0.00,Knitting Yarn,40/2 Carded,Domestic China,CNY: 0.13770501
2024-12-11,3.56,USD/Kg,0.28,Knitting Yarn,40/2 Carded,Domestic China,CNY: 0.13793674
2024-12-10,3.55,USD/Kg,0.00,Knitting Yarn,40/2 Carded,Domestic China,CNY: 0.13773156
2024-12-09,3.55,USD/Kg,-0.28,Knitting Yarn,40/2 Carded,Domestic China,CNY: 0.13754591
2024-12-06,3.56,USD/Kg,0.00,Knitting Yarn,40/2 Carded,Domestic China,CNY: 0.13773725
2024-12-05,3.56,USD/Kg,-0.28,Knitting Yarn,40/2 Carded,Domestic China,CNY: 0.13766520
2024-12-04,3.57,USD/Kg,1.42,Knitting Yarn,40/2 Carded,Domestic China,CNY: 0.13727213
2024-12-03,3.52,USD/Kg,0.00,Knitting Yarn,40/2 Carded,Domestic China,CNY: 0.13751942
2024-12-02,3.52,USD/Kg,-0.28,Knitting Yarn,40/2 Carded,Domestic China,CNY: 0.13808912
2024-11-29,3.53,USD/Kg,0.00,Knitting Yarn,40/2 Carded,Domestic China,CNY: 0.13804909
2024-11-28,3.53,USD/Kg,-0.28,Knitting Yarn,40/2 Carded,Domestic China,CNY: 0.13798432
2024-11-27,3.54,USD/Kg,-0.28,Knitting Yarn,40/2 Carded,Domestic China,CNY: 0.13801194
2024-11-26,3.55,USD/Kg,-0.28,Knitting Yarn,40/2 Carded,Domestic China,CNY: 0.13801194
2024-11-25,3.56,USD/Kg,0.28,Knitting Yarn,40/2 Carded,Domestic China,CNY: 0.13806434
2024-11-22,3.55,USD/Kg,-0.28,Knitting Yarn,40/2 Carded,Domestic China,CNY: 0.13822655
2024-11-21,3.56,USD/Kg,0.00,Knitting Yarn,40/2 Carded,Domestic China,CNY: 0.13802623
2024-11-20,3.56,USD/Kg,0.28,Knitting Yarn,40/2 Carded,Domestic China,CNY: 0.13813872
2024-11-19,3.55,USD/Kg,0.28,Knitting Yarn,40/2 Carded,Domestic China,CNY: 0.13819026
2024-11-18,3.54,USD/Kg,-0.28,Knitting Yarn,40/2 Carded,Domestic China,CNY: 0.13826478
2024-11-15,3.55,USD/Kg,-1.93,Knitting Yarn,40/2 Carded,Domestic China,CNY: 0.13830685
2024-11-14,3.62,USD/Kg,0.00,Knitting Yarn,40/2 Carded,Domestic China,CNY: 0.13841405
2024-11-13,3.62,USD/Kg,-0.28,Knitting Yarn,40/2 Carded,Domestic China,CNY: 0.13826287
2024-11-12,3.63,USD/Kg,0.00,Knitting Yarn,40/2 Carded,Domestic China,CNY: 0.13865587
2024-11-11,3.63,USD/Kg,0.00,Knitting Yarn,40/2 Carded,Domestic China,CNY: 0.13929206
2024-11-08,3.63,USD/Kg,0.00,Knitting Yarn,40/2 Carded,Domestic China,CNY: 0.13999524
2024-11-07,3.63,USD/Kg,0.00,Knitting Yarn,40/2 Carded,Domestic China,CNY: 0.13931651
2024-11-06,3.63,USD/Kg,0.28,Knitting Yarn,40/2 Carded,Domestic China,CNY: 0.14078162
2024-11-05,3.62,USD/Kg,0.28,Knitting Yarn,40/2 Carded,Domestic China,CNY: 0.14086888
2024-11-04,3.61,USD/Kg,-0.28,Knitting Yarn,40/2 Carded,Domestic China,CNY: 0.14039620
2024-11-01,3.62,USD/Kg,0.28,Knitting Yarn,40/2 Carded,Domestic China,CNY: 0.14045733
2024-10-31,3.61,USD/Kg,0.28,Knitting Yarn,40/2 Carded,Domestic China,CNY: 0.14053234
2024-10-30,3.60,USD/Kg,0.84,Knitting Yarn,40/2 Carded,Domestic China,CNY: 0.14023082
2024-10-29,3.57,USD/Kg,0.28,Knitting Yarn,40/2 Carded,Domestic China,CNY: 0.14028197
2024-10-28,3.56,USD/Kg,0.00,Knitting Yarn,40/2 Carded,Domestic China,CNY: 0.14042774
2024-10-25,3.56,USD/Kg,0.00,Knitting Yarn,40/2 Carded,Domestic China,CNY: 0.14045536
2024-10-24,3.56,USD/Kg,0.28,Knitting Yarn,40/2 Carded,Domestic China,CNY: 0.14032527
2024-10-23,3.55,USD/Kg,-0.28,Knitting Yarn,40/2 Carded,Domestic China,CNY: 0.14039620
2024-10-22,3.56,USD/Kg,-0.84,Knitting Yarn,40/2 Carded,Domestic China,CNY: 0.14046917
2024-10-21,3.59,USD/Kg,0.28,Knitting Yarn,40/2 Carded,Domestic China,CNY: 0.14080937
2024-10-18,3.58,USD/Kg,0.00,Knitting Yarn,40/2 Carded,Domestic China,CNY: 0.14037058
2024-10-17,3.58,USD/Kg,-0.28,Knitting Yarn,40/2 Carded,Domestic China,CNY: 0.14046127
2024-10-16,3.59,USD/Kg,0.00,Knitting Yarn,40/2 Carded,Domestic China,CNY: 0.14046917
2024-10-15,3.59,USD/Kg,-0.28,Knitting Yarn,40/2 Carded,Domestic China,CNY: 0.14107954
2024-10-14,3.60,USD/Kg,0.28,Knitting Yarn,40/2 Carded,Domestic China,CNY: 0.14151878
2024-10-11,3.59,USD/Kg,0.28,Knitting Yarn,40/2 Carded,Domestic China,CNY: 0.14122100
2024-10-10,3.58,USD/Kg,0.00,Knitting Yarn,40/2 Carded,Domestic China,CNY: 0.14121103
2024-10-09,3.58,USD/Kg,-0.28,Knitting Yarn,40/2 Carded,Domestic China,CNY: 0.14166714
2024-10-08,3.59,USD/Kg,0.00,Knitting Yarn,40/2 Carded,Domestic China,CNY: 0.14245014
2024-10-07,3.59,USD/Kg,-0.28,Knitting Yarn,40/2 Carded,Domestic China,CNY: 0.14248059
2024-10-04,3.60,USD/Kg,0.28,Knitting Yarn,40/2 Carded,Domestic China,CNY: 0.14192248
2024-10-03,3.59,USD/Kg,0.28,Knitting Yarn,40/2 Carded,Domestic China,CNY: 0.14207169
2024-10-02,3.58,USD/Kg,0.28,Knitting Yarn,40/2 Carded,Domestic China,CNY: 0.14221919
2024-10-01,3.57,USD/Kg,-0.28,Knitting Yarn,40/2 Carded,Domestic China,CNY: 0.14248871
2024-09-30,3.58,USD/Kg,-0.28,Knitting Yarn,40/2 Carded,Domestic China,CNY: 0.14262690
2024-09-27,3.59,USD/Kg,0.56,Knitting Yarn,40/2 Carded,Domestic China,CNY: 0.14265335
2024-09-26,3.57,USD/Kg,0.28,Knitting Yarn,40/2 Carded,Domestic China,CNY: 0.14218077
2024-09-25,3.56,USD/Kg,0.28,Knitting Yarn,40/2 Carded,Domestic China,CNY: 0.14222323
2024-09-24,3.55,USD/Kg,0.00,Knitting Yarn,40/2 Carded,Domestic China,CNY: 0.14179570
2024-09-23,3.55,USD/Kg,-0.28,Knitting Yarn,40/2 Carded,Domestic China,CNY: 0.14180575
2024-09-20,3.56,USD/Kg,0.28,Knitting Yarn,40/2 Carded,Domestic China,CNY: 0.14148274
2024-09-19,3.55,USD/Kg,-0.28,Knitting Yarn,40/2 Carded,Domestic China,CNY: 0.14120305
2024-09-18,3.56,USD/Kg,-0.56,Knitting Yarn,40/2 Carded,Domestic China,CNY: 0.14097413
2024-09-17,3.58,USD/Kg,0.00,Knitting Yarn,40/2 Carded,Domestic China,CNY: 0.14097413
2024-09-16,3.58,USD/Kg,0.56,Knitting Yarn,40/2 Carded,Domestic China,CNY: 0.14097214
2024-09-13,3.56,USD/Kg,0.28,Knitting Yarn,40/2 Carded,Domestic China,CNY: 0.14049680
2024-09-12,3.55,USD/Kg,0.00,Knitting Yarn,40/2 Carded,Domestic China,CNY: 0.14043958
2024-09-11,3.55,USD/Kg,0.28,Knitting Yarn,40/2 Carded,Domestic China,CNY: 0.14041394
2024-09-10,3.54,USD/Kg,0.00,Knitting Yarn,40/2 Carded,Domestic China,CNY: 0.14055604
2024-09-09,3.54,USD/Kg,0.28,Knitting Yarn,40/2 Carded,Domestic China,CNY: 0.14106561
2024-09-06,3.53,USD/Kg,-0.28,Knitting Yarn,40/2 Carded,Domestic China,CNY: 0.14099798
2024-09-05,3.54,USD/Kg,-0.28,Knitting Yarn,40/2 Carded,Domestic China,CNY: 0.14059359
2024-09-04,3.55,USD/Kg,0.00,Knitting Yarn,40/2 Carded,Domestic China,CNY: 0.14042183
2024-09-03,3.55,USD/Kg,-0.56,Knitting Yarn,40/2 Carded,Domestic China,CNY: 0.14049680
2024-09-02,3.57,USD/Kg,0.00,Knitting Yarn,40/2 Carded,Domestic China,CNY: 0.14098208
2024-08-30,3.57,USD/Kg,0.00,Knitting Yarn,40/2 Carded,Domestic China,CNY: 0.14091454
2024-08-29,3.57,USD/Kg,0.28,Knitting Yarn,40/2 Carded,Domestic China,CNY: 0.14034497
2024-08-28,3.56,USD/Kg,0.56,Knitting Yarn,40/2 Carded,Domestic China,CNY: 0.14036861
2024-08-27,3.54,USD/Kg,0.00,Knitting Yarn,40/2 Carded,Domestic China,CNY: 0.14046522
2024-08-26,3.54,USD/Kg,0.00,Knitting Yarn,40/2 Carded,Domestic China,CNY: 0.14035088
2024-08-23,3.54,USD/Kg,0.00,Knitting Yarn,40/2 Carded,Domestic China,CNY: 0.13995605
2024-08-22,3.54,USD/Kg,-0.28,Knitting Yarn,40/2 Carded,Domestic China,CNY: 0.14018954
2024-08-21,3.55,USD/Kg,0.00,Knitting Yarn,40/2 Carded,Domestic China,CNY: 0.14012667
2024-08-20,3.55,USD/Kg,0.00,Knitting Yarn,40/2 Carded,Domestic China,CNY: 0.14012667
2024-08-19,3.55,USD/Kg,0.28,Knitting Yarn,40/2 Carded,Domestic China,CNY: 0.13956734
2024-08-16,3.54,USD/Kg,-0.28,Knitting Yarn,40/2 Carded,Domestic China,CNY: 0.13954202
2024-08-15,3.55,USD/Kg,-0.28,Knitting Yarn,40/2 Carded,Domestic China,CNY: 0.14008938
2024-08-14,3.56,USD/Kg,0.28,Knitting Yarn,40/2 Carded,Domestic China,CNY: 0.13978389
2024-08-13,3.55,USD/Kg,0.00,Knitting Yarn,40/2 Carded,Domestic China,CNY: 0.13937282
2024-08-12,3.55,USD/Kg,-0.28,Knitting Yarn,40/2 Carded,Domestic China,CNY: 0.13952255
2024-08-09,3.56,USD/Kg,0.00,Knitting Yarn,40/2 Carded,Domestic China,CNY: 0.13938059
2024-08-08,3.56,USD/Kg,0.28,Knitting Yarn,40/2 Carded,Domestic China,CNY: 0.13925055
2024-08-07,3.55,USD/Kg,-0.28,Knitting Yarn,40/2 Carded,Domestic China,CNY: 0.14024754
2024-08-06,3.56,USD/Kg,0.28,Knitting Yarn,40/2 Carded,Domestic China,CNY: 0.14042577
2024-08-05,3.55,USD/Kg,0.57,Knitting Yarn,40/2 Carded,Domestic China,CNY: 0.13969992
2024-08-02,3.53,USD/Kg,0.00,Knitting Yarn,40/2 Carded,Domestic China,CNY: 0.13804909
2024-08-01,3.53,USD/Kg,-1.12,Knitting Yarn,40/2 Carded,Domestic China,CNY: 0.13854061
2024-07-31,3.57,USD/Kg,0.00,Knitting Yarn,40/2 Carded,Domestic China,CNY: 0.13789870
2024-07-30,3.57,USD/Kg,0.00,Knitting Yarn,40/2 Carded,Domestic China,CNY: 0.13775433
2024-07-29,3.57,USD/Kg,0.28,Knitting Yarn,40/2 Carded,Domestic China,CNY: 0.13791011
2024-07-26,3.56,USD/Kg,-0.84,Knitting Yarn,40/2 Carded,Domestic China,CNY: 0.13829537
2024-07-25,3.59,USD/Kg,-0.28,Knitting Yarn,40/2 Carded,Domestic China,CNY: 0.13769932
2024-07-24,3.60,USD/Kg,0.28,Knitting Yarn,40/2 Carded,Domestic China,CNY: 0.13745138
2024-07-23,3.59,USD/Kg,0.28,Knitting Yarn,40/2 Carded,Domestic China,CNY: 0.13748161
2024-07-22,3.58,USD/Kg,0.28,Knitting Yarn,40/2 Carded,Domestic China,CNY: 0.13755158
2024-07-19,3.57,USD/Kg,0.00,Knitting Yarn,40/2 Carded,Domestic China,CNY: 0.13774294
2024-07-18,3.57,USD/Kg,0.28,Knitting Yarn,40/2 Carded,Domestic China,CNY: 0.13773346
2024-07-17,3.56,USD/Kg,0.56,Knitting Yarn,40/2 Carded,Domestic China,CNY: 0.14007957
2024-07-16,3.54,USD/Kg,0.00,Knitting Yarn,40/2 Carded,Domestic China,CNY: 0.13774294
2024-07-15,3.54,USD/Kg,0.28,Knitting Yarn,40/2 Carded,Domestic China,CNY: 0.13792342
2024-07-12,3.53,USD/Kg,0.28,Knitting Yarn,40/2 Carded,Domestic China,CNY: 0.13781698
2024-07-11,3.52,USD/Kg,-0.28,Knitting Yarn,40/2 Carded,Domestic China,CNY: 0.13744760
2024-07-10,3.53,USD/Kg,0.00,Knitting Yarn,40/2 Carded,Domestic China,CNY: 0.13750052
2024-07-09,3.53,USD/Kg,-1.40,Knitting Yarn,40/2 Carded,Domestic China,CNY: 0.13758754
2024-07-08,3.58,USD/Kg,0.00,Knitting Yarn,40/2 Carded,Domestic China,CNY: 0.13757543
2024-07-05,3.58,USD/Kg,0.00,Knitting Yarn,40/2 Carded,Domestic China,CNY: 0.13761215
2024-07-04,3.58,USD/Kg,-0.28,Knitting Yarn,40/2 Carded,Domestic China,CNY: 0.13755915
2024-07-03,3.59,USD/Kg,-0.28,Knitting Yarn,40/2 Carded,Domestic China,CNY: 0.13754212
2024-07-02,3.60,USD/Kg,0.28,Knitting Yarn,40/2 Carded,Domestic China,CNY: 0.13759133
2024-07-01,3.59,USD/Kg,0.00,Knitting Yarn,40/2 Carded,Domestic China,CNY: 0.13761215
2024-06-28,3.59,USD/Kg,0.00,Knitting Yarn,40/2 Carded,Domestic China,CNY: 0.13758565
2024-06-27,3.59,USD/Kg,0.28,Knitting Yarn,40/2 Carded,Domestic China,CNY: 0.13765572
2024-06-26,3.58,USD/Kg,0.00,Knitting Yarn,40/2 Carded,Domestic China,CNY: 0.13769553
2024-06-25,3.58,USD/Kg,-0.28,Knitting Yarn,40/2 Carded,Domestic China,CNY: 0.13776572
2024-06-24,3.59,USD/Kg,0.28,Knitting Yarn,40/2 Carded,Domestic China,CNY: 0.13773725
2024-06-21,3.58,USD/Kg,0.00,Knitting Yarn,40/2 Carded,Domestic China,CNY: 0.13773915
2024-06-20,3.58,USD/Kg,0.28,Knitting Yarn,40/2 Carded,Domestic China,CNY: 0.13779229
2024-06-19,3.57,USD/Kg,-0.28,Knitting Yarn,40/2 Carded,Domestic China,CNY: 0.13786068
2024-06-18,3.58,USD/Kg,1.70,Knitting Yarn,40/2 Carded,Domestic China,CNY: 0.13781698
2024-06-17,3.52,USD/Kg,0.00,Knitting Yarn,40/2 Carded,Domestic China,CNY: 0.14064104
2024-06-14,3.52,USD/Kg,-0.28,Knitting Yarn,40/2 Carded,Domestic China,CNY: 0.13788159
2024-06-13,3.53,USD/Kg,-0.28,Knitting Yarn,40/2 Carded,Domestic China,CNY: 0.13814063
2024-06-12,3.54,USD/Kg,0.28,Knitting Yarn,40/2 Carded,Domestic China,CNY: 0.14066280
2024-06-11,3.53,USD/Kg,0.57,Knitting Yarn,40/2 Carded,Domestic China,CNY: 0.14071625
2024-06-10,3.51,USD/Kg,0.29,Knitting Yarn,40/2 Carded,Domestic China,CNY: 0.14070635
2024-06-07,3.50,USD/Kg,0.00,Knitting Yarn,40/2 Carded,Domestic China,CNY: 0.13903565
2024-06-06,3.50,USD/Kg,0.57,Knitting Yarn,40/2 Carded,Domestic China,CNY: 0.14073605
2024-06-05,3.48,USD/Kg,-0.29,Knitting Yarn,40/2 Carded,Domestic China,CNY: 0.14090659
2024-06-04,3.49,USD/Kg,0.29,Knitting Yarn,40/2 Carded,Domestic China,CNY: 0.13807768
2024-06-03,3.48,USD/Kg,-0.29,Knitting Yarn,40/2 Carded,Domestic China,CNY: 0.13967594
2024-05-31,3.49,USD/Kg,-0.29,Knitting Yarn,40/2 Carded,Domestic China,CNY: 0.14079549
2024-05-30,3.50,USD/Kg,0.29,Knitting Yarn,40/2 Carded,Domestic China,CNY: 0.14059359
2024-05-29,3.49,USD/Kg,-0.29,Knitting Yarn,40/2 Carded,Domestic China,CNY: 0.14065093
2024-05-28,3.50,USD/Kg,0.57,Knitting Yarn,40/2 Carded,Domestic China,CNY: 0.13806624
2024-05-27,3.48,USD/Kg,0.00,Knitting Yarn,40/2 Carded,Domestic China,CNY: 0.14062522
2024-05-24,3.48,USD/Kg,0.00,Knitting Yarn,40/2 Carded,Domestic China,CNY: 0.14061929
2024-05-23,3.48,USD/Kg,-0.29,Knitting Yarn,40/2 Carded,Domestic China,CNY: 0.14097612
2024-05-22,3.49,USD/Kg,-0.29,Knitting Yarn,40/2 Carded,Domestic China,CNY: 0.14096817
2024-05-21,3.50,USD/Kg,0.29,Knitting Yarn,40/2 Carded,Domestic China,CNY: 0.13825713
2024-05-20,3.49,USD/Kg,-0.29,Knitting Yarn,40/2 Carded,Domestic China,CNY: 0.14101787
2024-05-17,3.50,USD/Kg,0.00,Knitting Yarn,40/2 Carded,Domestic China,CNY: 0.13854253
2024-05-16,3.50,USD/Kg,-0.28,Knitting Yarn,40/2 Carded,Domestic China,CNY: 0.13852910
2024-05-15,3.51,USD/Kg,-0.28,Knitting Yarn,40/2 Carded,Domestic China,CNY: 0.13825713
2024-05-14,3.52,USD/Kg,-0.28,Knitting Yarn,40/2 Carded,Domestic China,CNY: 0.13824948
2024-05-13,3.53,USD/Kg,-1.12,Knitting Yarn,40/2 Carded,Domestic China,CNY: 0.14102781
2024-05-10,3.57,USD/Kg,-0.28,Knitting Yarn,40/2 Carded,Domestic China,CNY: 0.13850416
2024-05-09,3.58,USD/Kg,0.28,Knitting Yarn,40/2 Carded,Domestic China,CNY: 0.13841214
2024-05-08,3.57,USD/Kg,-0.28,Knitting Yarn,40/2 Carded,Domestic China,CNY: 0.14090659
2024-05-07,3.58,USD/Kg,0.28,Knitting Yarn,40/2 Carded,Domestic China,CNY: 0.14131479
2024-05-06,3.57,USD/Kg,0.28,Knitting Yarn,40/2 Carded,Domestic China,CNY: 0.14139672
2024-05-03,3.56,USD/Kg,-0.28,Knitting Yarn,40/2 Carded,Domestic China,CNY: 0.13813299
2024-05-02,3.57,USD/Kg,0.00,Knitting Yarn,40/2 Carded,Domestic China,CNY: 0.13810438
2024-05-01,3.57,USD/Kg,0.00,Knitting Yarn,40/2 Carded,Domestic China,CNY: 0.13808912
2024-04-30,3.57,USD/Kg,-0.28,Knitting Yarn,40/2 Carded,Domestic China,CNY: 0.13814635
2024-04-29,3.58,USD/Kg,0.28,Knitting Yarn,40/2 Carded,Domestic China,CNY: 0.13801480
2024-04-26,3.57,USD/Kg,0.00,Knitting Yarn,40/2 Carded,Domestic China,CNY: 0.13812918
2024-04-25,3.57,USD/Kg,0.28,Knitting Yarn,40/2 Carded,Domestic China,CNY: 0.13802622
2024-04-24,3.56,USD/Kg,0.28,Knitting Yarn,40/2 Carded,Domestic China,CNY: 0.13801670
2024-04-23,3.55,USD/Kg,0.28,Knitting Yarn,40/2 Carded,Domestic China,CNY: 0.13805481
2024-04-22,3.54,USD/Kg,-0.28,Knitting Yarn,40/2 Carded,Domestic China,CNY: 0.14083119
2024-04-19,3.55,USD/Kg,0.00,Knitting Yarn,40/2 Carded,Domestic China,CNY: 0.13816544
2024-04-18,3.55,USD/Kg,0.28,Knitting Yarn,40/2 Carded,Domestic China,CNY: 0.13815208
2024-04-17,3.54,USD/Kg,0.28,Knitting Yarn,40/2 Carded,Domestic China,CNY: 0.13817498
2024-04-16,3.53,USD/Kg,0.00,Knitting Yarn,40/2 Carded,Domestic China,CNY: 0.13815971
2024-04-15,3.53,USD/Kg,0.28,Knitting Yarn,40/2 Carded,Domestic China,CNY: 0.13818644
2024-04-12,3.52,USD/Kg,0.00,Knitting Yarn,40/2 Carded,Domestic China,CNY: 0.13818071
2024-04-11,3.52,USD/Kg,0.00,Knitting Yarn,40/2 Carded,Domestic China,CNY: 0.13826478
2024-04-10,3.52,USD/Kg,0.28,Knitting Yarn,40/2 Carded,Domestic China,CNY: 0.13828007
2024-04-09,3.51,USD/Kg,0.00,Knitting Yarn,40/2 Carded,Domestic China,CNY: 0.13829920
2024-04-08,3.51,USD/Kg,0.00,Knitting Yarn,40/2 Carded,Domestic China,CNY: 0.14101389
2024-04-05,3.51,USD/Kg,0.00,Knitting Yarn,40/2 Carded,Domestic China,CNY: 0.13821891
2024-04-04,3.51,USD/Kg,-0.28,Knitting Yarn,40/2 Carded,Domestic China,CNY: 0.13820936
2024-04-03,3.52,USD/Kg,-0.28,Knitting Yarn,40/2 Carded,Domestic China,CNY: 0.13824757
2024-04-02,3.53,USD/Kg,0.57,Knitting Yarn,40/2 Carded,Domestic China,CNY: 0.13829920
2024-04-01,3.51,USD/Kg,0.29,Knitting Yarn,40/2 Carded,Domestic China,CNY: 0.13847922
2024-03-29,3.50,USD/Kg,-0.28,Knitting Yarn,40/2 Carded,Domestic China,CNY: 0.13836043
2024-03-28,3.51,USD/Kg,0.00,Knitting Yarn,40/2 Carded,Domestic China,CNY: 0.13837000
2024-03-27,3.51,USD/Kg,-0.28,Knitting Yarn,40/2 Carded,Domestic China,CNY: 0.13852910
2024-03-26,3.52,USD/Kg,-0.28,Knitting Yarn,40/2 Carded,Domestic China,CNY: 0.13871165
2024-03-25,3.53,USD/Kg,0.00,Knitting Yarn,40/2 Carded,Domestic China,CNY: 0.13916496
2024-03-22,3.53,USD/Kg,0.00,Knitting Yarn,40/2 Carded,Domestic China,CNY: 0.13890432
2024-03-21,3.53,USD/Kg,0.00,Knitting Yarn,40/2 Carded,Domestic China,CNY: 0.13891783
2024-03-20,3.53,USD/Kg,0.57,Knitting Yarn,40/2 Carded,Domestic China,CNY: 0.13890818
2024-03-19,3.51,USD/Kg,-0.28,Knitting Yarn,40/2 Carded,Domestic China,CNY: 0.13891783
2024-03-18,3.52,USD/Kg,0.28,Knitting Yarn,40/2 Carded,Domestic China,CNY: 0.14020658
2024-03-15,3.51,USD/Kg,0.00,Knitting Yarn,40/2 Carded,Domestic China,CNY: 0.13901632
2024-03-14,3.51,USD/Kg,0.00,Knitting Yarn,40/2 Carded,Domestic China,CNY: 0.13912850
2024-03-13,3.51,USD/Kg,0.29,Knitting Yarn,40/2 Carded,Domestic China,CNY: 0.13923698
2024-03-12,3.50,USD/Kg,-0.28,Knitting Yarn,40/2 Carded,Domestic China,CNY: 0.13918659
2024-03-11,3.51,USD/Kg,0.29,Knitting Yarn,40/2 Carded,Domestic China,CNY: 0.14003215
2024-03-08,3.50,USD/Kg,-0.28,Knitting Yarn,40/2 Carded,Domestic China,CNY: 0.13901825
2024-03-07,3.51,USD/Kg,0.29,Knitting Yarn,40/2 Carded,Domestic China,CNY: 0.13894871
2024-03-06,3.50,USD/Kg,-1.69,Knitting Yarn,40/2 Carded,Domestic China,CNY: 0.13894678
2024-03-05,3.56,USD/Kg,0.28,Knitting Yarn,40/2 Carded,Domestic China,CNY: 0.13889082
2024-03-04,3.55,USD/Kg,0.00,Knitting Yarn,40/2 Carded,Domestic China,CNY: 0.13982429
2024-03-01,3.55,USD/Kg,-0.28,Knitting Yarn,40/2 Carded,Domestic China,CNY: 0.13911302
2024-02-29,3.56,USD/Kg,0.28,Knitting Yarn,40/2 Carded,Domestic China,CNY: 0.13894678
2024-02-28,3.55,USD/Kg,0.28,Knitting Yarn,40/2 Carded,Domestic China,CNY: 0.13891976
2024-02-27,3.54,USD/Kg,-0.28,Knitting Yarn,40/2 Carded,Domestic China,CNY: 0.13894196
2024-02-26,3.55,USD/Kg,0.00,Knitting Yarn,40/2 Carded,Domestic China,CNY: 0.13984416
2024-02-23,3.55,USD/Kg,-0.28,Knitting Yarn,40/2 Carded,Domestic China,CNY: 0.13899893
2024-02-22,3.56,USD/Kg,0.00,Knitting Yarn,40/2 Carded,Domestic China,CNY: 0.13910334
2024-02-21,3.56,USD/Kg,0.00,Knitting Yarn,40/2 Carded,Domestic China,CNY: 0.13906659
2024-02-20,3.56,USD/Kg,0.28,Knitting Yarn,40/2 Carded,Domestic China,CNY: 0.13892362
2024-02-19,3.55,USD/Kg,-0.28,Knitting Yarn,40/2 Carded,Domestic China,CNY: 0.14048199
2024-02-16,3.56,USD/Kg,0.28,Knitting Yarn,40/2 Carded,Domestic China,CNY: 0.14053036
2024-02-15,3.55,USD/Kg,0.00,Knitting Yarn,40/2 Carded,Domestic China,CNY: 0.13933204
2024-02-14,3.55,USD/Kg,-0.84,Knitting Yarn,40/2 Carded,Domestic China,CNY: 0.13908786
2024-02-13,3.58,USD/Kg,-0.28,Knitting Yarn,40/2 Carded,Domestic China,CNY: 0.13902019
2024-02-12,3.59,USD/Kg,-0.28,Knitting Yarn,40/2 Carded,Domestic China,CNY: 0.14002627
2024-02-09,3.60,USD/Kg,0.00,Knitting Yarn,40/2 Carded,Domestic China,CNY: 0.14053234
2024-02-08,3.60,USD/Kg,-0.28,Knitting Yarn,40/2 Carded,Domestic China,CNY: 0.14058766
2024-02-07,3.61,USD/Kg,0.28,Knitting Yarn,40/2 Carded,Domestic China,CNY: 0.14068259
2024-02-06,3.60,USD/Kg,0.28,Knitting Yarn,40/2 Carded,Domestic China,CNY: 0.14058042
2024-02-05,3.59,USD/Kg,0.00,Knitting Yarn,40/2 Carded,Domestic China,CNY: 0.14047627
2024-02-02,3.59,USD/Kg,-0.28,Knitting Yarn,40/2 Carded,Domestic China,CNY: 0.14082524
2024-02-01,3.60,USD/Kg,0.28,Knitting Yarn,40/2 Carded,Domestic China,CNY: 0.14078558
2024-01-31,3.59,USD/Kg,0.00,Knitting Yarn,40/2 Carded,Domestic China,CNY: 0.14076378
2024-01-30,3.59,USD/Kg,-0.28,Knitting Yarn,40/2 Carded,Domestic China,CNY: 0.14087285
2024-01-29,3.60,USD/Kg,0.28,Knitting Yarn,40/2 Carded,Domestic China,CNY: 0.14091136
2024-01-26,3.59,USD/Kg,-0.28,Knitting Yarn,40/2 Carded,Domestic China,CNY: 0.14095625
2024-01-25,3.60,USD/Kg,0.28,Knitting Yarn,40/2 Carded,Domestic China,CNY: 0.14104571
2024-01-24,3.59,USD/Kg,0.28,Knitting Yarn,40/2 Carded,Domestic China,CNY: 0.14104571
2024-01-23,3.58,USD/Kg,0.00,Knitting Yarn,40/2 Carded,Domestic China,CNY: 0.13901052
2024-01-22,3.58,USD/Kg,-0.28,Knitting Yarn,40/2 Carded,Domestic China,CNY: 0.14050667
2024-01-19,3.59,USD/Kg,-0.28,Knitting Yarn,40/2 Carded,Domestic China,CNY: 0.14035088
2024-01-18,3.60,USD/Kg,0.28,Knitting Yarn,40/2 Carded,Domestic China,CNY: 0.14032527
2024-01-17,3.59,USD/Kg,0.28,Knitting Yarn,40/2 Carded,Domestic China,CNY: 0.14032134
2024-01-16,3.58,USD/Kg,-0.28,Knitting Yarn,40/2 Carded,Domestic China,CNY: 0.14070041
2024-01-15,3.59,USD/Kg,-0.28,Knitting Yarn,40/2 Carded,Domestic China,CNY: 0.14062720
2024-01-12,3.60,USD/Kg,-0.28,Knitting Yarn,40/2 Carded,Domestic China,CNY: 0.14089428
2024-01-11,3.61,USD/Kg,0.28,Knitting Yarn,40/2 Carded,Domestic China,CNY: 0.13944473
2024-01-10,3.60,USD/Kg,-0.28,Knitting Yarn,40/2 Carded,Domestic China,CNY: 0.14059359
2024-01-09,3.61,USD/Kg,0.28,Knitting Yarn,40/2 Carded,Domestic China,CNY: 0.14084507
2024-01-08,3.60,USD/Kg,0.00,Knitting Yarn,40/2 Carded,Domestic China,CNY: 0.14079549
2024-01-05,3.60,USD/Kg,0.28,Knitting Yarn,40/2 Carded,Domestic China,CNY: 0.14042971
2024-01-04,3.59,USD/Kg,-0.28,Knitting Yarn,40/2 Carded,Domestic China,CNY: 0.14062324
2024-01-03,3.60,USD/Kg,0.00,Knitting Yarn,40/2 Carded,Domestic China,CNY: 0.14085301
2024-01-02,3.60,USD/Kg,0.00,Knitting Yarn,40/2 Carded,Domestic China,CNY: 0.14127087
2024-01-01,3.60,USD/Kg,0.28,Knitting Yarn,40/2 Carded,Domestic China,CNY: 0.14126608
2023-12-29,3.59,USD/Kg,-0.28,Knitting Yarn,40/2 Carded,Domestic China,CNY: 0.14068655
2023-12-28,3.60,USD/Kg,0.00,Knitting Yarn,40/2 Carded,Domestic China,CNY: 0.14002857
2023-12-27,3.60,USD/Kg,0.28,Knitting Yarn,40/2 Carded,Domestic China,CNY: 0.13998936
2023-12-26,3.59,USD/Kg,-0.28,Knitting Yarn,40/2 Carded,Domestic China,CNY: 0.14012471
2023-12-25,3.60,USD/Kg,-0.28,Knitting Yarn,40/2 Carded,Domestic China,CNY: 0.14097811
2023-12-22,3.61,USD/Kg,0.00,Knitting Yarn,40/2 Carded,Domestic China,CNY: 0.14007172
2023-12-21,3.61,USD/Kg,0.00,Knitting Yarn,40/2 Carded,Domestic China,CNY: 0.14015221
2023-12-20,3.61,USD/Kg,0.00,Knitting Yarn,40/2 Carded,Domestic China,CNY: 0.14127886
2023-12-19,3.61,USD/Kg,0.00,Knitting Yarn,40/2 Carded,Domestic China,CNY: 0.14019347
2023-12-18,3.61,USD/Kg,0.00,Knitting Yarn,40/2 Carded,Domestic China,CNY: 0.14123296
2023-12-15,3.61,USD/Kg,-0.28,Knitting Yarn,40/2 Carded,Domestic China,CNY: 0.14130281
2023-12-14,3.62,USD/Kg,0.28,Knitting Yarn,40/2 Carded,Domestic China,CNY: 0.13941946
2023-12-13,3.61,USD/Kg,0.00,Knitting Yarn,40/2 Carded,Domestic China,CNY: 0.13933398
2023-12-12,3.61,USD/Kg,0.84,Knitting Yarn,40/2 Carded,Domestic China,CNY: 0.13937088
2023-12-11,3.58,USD/Kg,0.00,Knitting Yarn,40/2 Carded,Domestic China,CNY: 0.14012275
2023-12-08,3.58,USD/Kg,0.28,Knitting Yarn,40/2 Carded,Domestic China,CNY: 0.13986405
2023-12-07,3.57,USD/Kg,0.28,Knitting Yarn,40/2 Carded,Domestic China,CNY: 0.14049088
2023-12-06,3.56,USD/Kg,0.00,Knitting Yarn,40/2 Carded,Domestic China,CNY: 0.13992668
2023-12-05,3.56,USD/Kg,-0.28,Knitting Yarn,40/2 Carded,Domestic China,CNY: 0.14108551
2023-12-04,3.57,USD/Kg,0.00,Knitting Yarn,40/2 Carded,Domestic China,CNY: 0.14140271
2023-12-01,3.57,USD/Kg,0.00,Knitting Yarn,40/2 Carded,Domestic China,CNY: 0.14113529
2023-11-30,3.57,USD/Kg,-0.28,Knitting Yarn,40/2 Carded,Domestic China,CNY: 0.14106561
2023-11-29,3.58,USD/Kg,-0.28,Knitting Yarn,40/2 Carded,Domestic China,CNY: 0.14136673
2023-11-28,3.59,USD/Kg,0.00,Knitting Yarn,40/2 Carded,Domestic China,CNY: 0.14022689
2023-11-27,3.59,USD/Kg,0.00,Knitting Yarn,40/2 Carded,Domestic China,CNY: 0.14101309
2023-11-24,3.59,USD/Kg,0.28,Knitting Yarn,40/2 Carded,Domestic China,CNY: 0.14092844
2023-11-23,3.58,USD/Kg,0.28,Knitting Yarn,40/2 Carded,Domestic China,CNY: 0.13975850
2023-11-22,3.57,USD/Kg,-0.28,Knitting Yarn,40/2 Carded,Domestic China,CNY: 0.14089667
2023-11-21,3.58,USD/Kg,0.00,Knitting Yarn,40/2 Carded,Domestic China,CNY: 0.13949725
2023-11-20,3.58,USD/Kg,-0.28,Knitting Yarn,40/2 Carded,Domestic China,CNY: 0.13921986
2023-11-17,3.59,USD/Kg,-0.28,Knitting Yarn,40/2 Carded,Domestic China,CNY: 0.13808340
2023-11-16,3.60,USD/Kg,1.69,Knitting Yarn,40/2 Carded,Domestic China,CNY: 0.13799194
2023-11-15,3.54,USD/Kg,-0.28,Knitting Yarn,40/2 Carded,Domestic China,CNY: 0.13787208
2023-11-14,3.55,USD/Kg,-0.28,Knitting Yarn,40/2 Carded,Domestic China,CNY: 0.13717421
2023-11-13,3.56,USD/Kg,0.00,Knitting Yarn,40/2 Carded,Domestic China,CNY: 0.13904725
2023-11-10,3.56,USD/Kg,0.28,Knitting Yarn,40/2 Carded,Domestic China,CNY: 0.13730040
2023-11-09,3.55,USD/Kg,0.00,Knitting Yarn,40/2 Carded,Domestic China,CNY: 0.13735698
2023-11-08,3.55,USD/Kg,0.00,Knitting Yarn,40/2 Carded,Domestic China,CNY: 0.13737962
2023-11-07,3.55,USD/Kg,-0.28,Knitting Yarn,40/2 Carded,Domestic China,CNY: 0.13755915
2023-11-06,3.56,USD/Kg,0.00,Knitting Yarn,40/2 Carded,Domestic China,CNY: 0.13827816
2023-11-03,3.56,USD/Kg,0.00,Knitting Yarn,40/2 Carded,Domestic China,CNY: 0.13670353
2023-11-02,3.56,USD/Kg,-0.28,Knitting Yarn,40/2 Carded,Domestic China,CNY: 0.13666990
2023-11-01,3.57,USD/Kg,0.28,Knitting Yarn,40/2 Carded,Domestic China,CNY: 0.13668111
2023-10-31,3.56,USD/Kg,0.00,Knitting Yarn,40/2 Carded,Domestic China,CNY: 0.13674279
2023-10-30,3.56,USD/Kg,-0.28,Knitting Yarn,40/2 Carded,Domestic China,CNY: 0.13949531
2023-10-27,3.57,USD/Kg,0.00,Knitting Yarn,40/2 Carded,Domestic China,CNY: 0.13668858
2023-10-26,3.57,USD/Kg,0.00,Knitting Yarn,40/2 Carded,Domestic China,CNY: 0.13667364
2023-10-25,3.57,USD/Kg,0.28,Knitting Yarn,40/2 Carded,Domestic China,CNY: 0.13679891
2023-10-24,3.56,USD/Kg,0.85,Knitting Yarn,40/2 Carded,Domestic China,CNY: 0.13670353
2023-10-23,3.53,USD/Kg,-0.28,Knitting Yarn,40/2 Carded,Domestic China,CNY: 0.13667924
2023-10-20,3.54,USD/Kg,0.28,Knitting Yarn,40/2 Carded,Domestic China,CNY: 0.13675775
2023-10-19,3.53,USD/Kg,1.73,Knitting Yarn,40/2 Carded,Domestic China,CNY: 0.13671474
2023-10-18,3.47,USD/Kg,-0.29,Knitting Yarn,40/2 Carded,Domestic China,CNY: 0.13674840
2023-10-17,3.48,USD/Kg,-0.29,Knitting Yarn,40/2 Carded,Domestic China,CNY: 0.13679329
2023-10-16,3.49,USD/Kg,-0.29,Knitting Yarn,40/2 Carded,Domestic China,CNY: 0.13931457
2023-10-13,3.50,USD/Kg,-0.28,Knitting Yarn,40/2 Carded,Domestic China,CNY: 0.13693940
2023-10-12,3.51,USD/Kg,0.29,Knitting Yarn,40/2 Carded,Domestic China,CNY: 0.13699193
2023-10-11,3.50,USD/Kg,0.29,Knitting Yarn,40/2 Carded,Domestic China,CNY: 0.13706140
2023-10-10,3.49,USD/Kg,0.00,Knitting Yarn,40/2 Carded,Domestic China,CNY: 0.13714599
2023-10-09,3.49,USD/Kg,-0.29,Knitting Yarn,40/2 Carded,Domestic China,CNY: 0.13695816
2023-10-06,3.50,USD/Kg,0.00,Knitting Yarn,40/2 Carded,Domestic China,CNY: 0.13891204
2023-10-05,3.50,USD/Kg,0.29,Knitting Yarn,40/2 Carded,Domestic China,CNY: 0.13886382
2023-10-04,3.49,USD/Kg,-0.29,Knitting Yarn,40/2 Carded,Domestic China,CNY: 0.13896416
2023-10-03,3.50,USD/Kg,0.00,Knitting Yarn,40/2 Carded,Domestic China,CNY: 0.13908399
2023-10-02,3.50,USD/Kg,-0.28,Knitting Yarn,40/2 Carded,Domestic China,CNY: 0.13940002
2023-09-29,3.51,USD/Kg,0.29,Knitting Yarn,40/2 Carded,Domestic China,CNY: 0.13696941
2023-09-28,3.50,USD/Kg,0.29,Knitting Yarn,40/2 Carded,Domestic China,CNY: 0.13681575
2023-09-27,3.49,USD/Kg,-0.29,Knitting Yarn,40/2 Carded,Domestic China,CNY: 0.13676710
2023-09-26,3.50,USD/Kg,-0.28,Knitting Yarn,40/2 Carded,Domestic China,CNY: 0.13678207
2023-09-25,3.51,USD/Kg,-0.57,Knitting Yarn,40/2 Carded,Domestic China,CNY: 0.13701446
2023-09-22,3.53,USD/Kg,0.00,Knitting Yarn,40/2 Carded,Domestic China,CNY: 0.13684571
2023-09-21,3.53,USD/Kg,-0.28,Knitting Yarn,40/2 Carded,Domestic China,CNY: 0.13723068
2023-09-20,3.54,USD/Kg,0.28,Knitting Yarn,40/2 Carded,Domestic China,CNY: 0.13705013
2023-09-19,3.53,USD/Kg,0.00,Knitting Yarn,40/2 Carded,Domestic China,CNY: 0.13714411
2023-09-18,3.53,USD/Kg,0.00,Knitting Yarn,40/2 Carded,Domestic China,CNY: 0.13745893
2023-09-15,3.53,USD/Kg,0.28,Knitting Yarn,40/2 Carded,Domestic China,CNY: 0.13742493
2023-09-14,3.52,USD/Kg,-0.28,Knitting Yarn,40/2 Carded,Domestic China,CNY: 0.13755537
2023-09-13,3.53,USD/Kg,0.00,Knitting Yarn,40/2 Carded,Domestic China,CNY: 0.13713847
2023-09-12,3.53,USD/Kg,-0.28,Knitting Yarn,40/2 Carded,Domestic China,CNY: 0.13719303
2023-09-11,3.54,USD/Kg,0.00,Knitting Yarn,40/2 Carded,Domestic China,CNY: 0.13807578
2023-09-08,3.54,USD/Kg,0.00,Knitting Yarn,40/2 Carded,Domestic China,CNY: 0.13644799
2023-09-07,3.54,USD/Kg,0.00,Knitting Yarn,40/2 Carded,Domestic China,CNY: 0.13666990
2023-09-06,3.54,USD/Kg,-0.28,Knitting Yarn,40/2 Carded,Domestic China,CNY: 0.13690378
2023-09-05,3.55,USD/Kg,-0.28,Knitting Yarn,40/2 Carded,Domestic China,CNY: 0.13749673
2023-09-04,3.56,USD/Kg,0.28,Knitting Yarn,40/2 Carded,Domestic China,CNY: 0.13771904
2023-09-01,3.55,USD/Kg,0.28,Knitting Yarn,40/2 Carded,Domestic China,CNY: 0.13778090
2023-08-31,3.54,USD/Kg,-0.28,Knitting Yarn,40/2 Carded,Domestic China,CNY: 0.13727590
2023-08-30,3.55,USD/Kg,-0.28,Knitting Yarn,40/2 Carded,Domestic China,CNY: 0.13735509
2023-08-29,3.56,USD/Kg,-1.39,Knitting Yarn,40/2 Carded,Domestic China,CNY: 0.13717233
2023-08-28,3.61,USD/Kg,-0.28,Knitting Yarn,40/2 Carded,Domestic China,CNY: 0.13717421
2023-08-25,3.62,USD/Kg,-0.28,Knitting Yarn,40/2 Carded,Domestic China,CNY: 0.13740510
2023-08-24,3.63,USD/Kg,-0.27,Knitting Yarn,40/2 Carded,Domestic China,CNY: 0.13926607
2023-08-23,3.64,USD/Kg,-0.27,Knitting Yarn,40/2 Carded,Domestic China,CNY: 0.13711026
2023-08-22,3.65,USD/Kg,0.27,Knitting Yarn,40/2 Carded,Domestic China,CNY: 0.13873474
2023-08-21,3.64,USD/Kg,-0.27,Knitting Yarn,40/2 Carded,Domestic China,CNY: 0.13733057
2023-08-18,3.65,USD/Kg,0.27,Knitting Yarn,40/2 Carded,Domestic China,CNY: 0.13733623
2023-08-17,3.64,USD/Kg,0.00,Knitting Yarn,40/2 Carded,Domestic China,CNY: 0.13702196
2023-08-16,3.64,USD/Kg,0.28,Knitting Yarn,40/2 Carded,Domestic China,CNY: 0.13731548
2023-08-15,3.63,USD/Kg,0.00,Knitting Yarn,40/2 Carded,Domestic China,CNY: 0.13777331
2023-08-14,3.63,USD/Kg,-0.27,Knitting Yarn,40/2 Carded,Domestic China,CNY: 0.13884646
2023-08-11,3.64,USD/Kg,0.28,Knitting Yarn,40/2 Carded,Domestic China,CNY: 0.13858669
2023-08-10,3.63,USD/Kg,0.00,Knitting Yarn,40/2 Carded,Domestic China,CNY: 0.13870972
2023-08-09,3.63,USD/Kg,-0.27,Knitting Yarn,40/2 Carded,Domestic China,CNY: 0.13856749
2023-08-08,3.64,USD/Kg,-0.27,Knitting Yarn,40/2 Carded,Domestic China,CNY: 0.13901439
2023-08-07,3.65,USD/Kg,0.27,Knitting Yarn,40/2 Carded,Domestic China,CNY: 0.14003445
2023-08-04,3.64,USD/Kg,0.00,Knitting Yarn,40/2 Carded,Domestic China,CNY: 0.13959072
2023-08-03,3.64,USD/Kg,-0.27,Knitting Yarn,40/2 Carded,Domestic China,CNY: 0.13905885
2023-08-02,3.65,USD/Kg,-0.27,Knitting Yarn,40/2 Carded,Domestic China,CNY: 0.13932428
2023-08-01,3.66,USD/Kg,0.00,Knitting Yarn,40/2 Carded,Domestic China,CNY: 0.14074100
2023-07-31,3.66,USD/Kg,0.00,Knitting Yarn,40/2 Carded,Domestic China,CNY: 0.14059359
2023-07-28,3.66,USD/Kg,1.95,Knitting Yarn,40/2 Carded,Domestic China,CNY: 0.13938836
2023-07-27,3.59,USD/Kg,0.00,Knitting Yarn,40/2 Carded,Domestic China,CNY: 0.13984058
2023-07-26,3.59,USD/Kg,-0.28,Knitting Yarn,40/2 Carded,Domestic China,CNY: 0.14012864
2023-07-25,3.60,USD/Kg,-0.28,Knitting Yarn,40/2 Carded,Domestic China,CNY: 0.13915367
2023-07-24,3.61,USD/Kg,0.00,Knitting Yarn,40/2 Carded,Domestic China,CNY: 0.13912463
2023-07-21,3.61,USD/Kg,0.28,Knitting Yarn,40/2 Carded,Domestic China,CNY: 0.13932234
2023-07-20,3.60,USD/Kg,0.00,Knitting Yarn,40/2 Carded,Domestic China,CNY: 0.13837000
2023-07-19,3.60,USD/Kg,0.28,Knitting Yarn,40/2 Carded,Domestic China,CNY: 0.13926995
2023-07-18,3.59,USD/Kg,-0.28,Knitting Yarn,40/2 Carded,Domestic China,CNY: 0.13943695
2023-07-17,3.60,USD/Kg,0.00,Knitting Yarn,40/2 Carded,Domestic China,CNY: 0.14003053
2023-07-14,3.60,USD/Kg,0.28,Knitting Yarn,40/2 Carded,Domestic China,CNY: 0.13984058
2023-07-13,3.59,USD/Kg,-0.55,Knitting Yarn,40/2 Carded,Domestic China,CNY: 0.13954202
2023-07-12,3.61,USD/Kg,-0.28,Knitting Yarn,40/2 Carded,Domestic China,CNY: 0.13869241
2023-07-11,3.62,USD/Kg,0.00,Knitting Yarn,40/2 Carded,Domestic China,CNY: 0.13828198
2023-07-10,3.62,USD/Kg,0.28,Knitting Yarn,40/2 Carded,Domestic China,CNY: 0.13848114
2023-07-07,3.61,USD/Kg,0.28,Knitting Yarn,40/2 Carded,Domestic China,CNY: 0.13792723
2023-07-06,3.60,USD/Kg,0.00,Knitting Yarn,40/2 Carded,Domestic China,CNY: 0.13797861
2023-07-05,3.60,USD/Kg,0.28,Knitting Yarn,40/2 Carded,Domestic China,CNY: 0.13860974
2023-07-04,3.59,USD/Kg,0.00,Knitting Yarn,40/2 Carded,Domestic China,CNY: 0.13810629
2023-07-03,3.59,USD/Kg,0.28,Knitting Yarn,40/2 Carded,Domestic China,CNY: 0.13788729
2023-06-30,3.58,USD/Kg,0.28,Knitting Yarn,40/2 Carded,Domestic China,CNY: 0.13787779
2023-06-29,3.57,USD/Kg,-0.28,Knitting Yarn,40/2 Carded,Domestic China,CNY: 0.13803575
2023-06-28,3.58,USD/Kg,-0.28,Knitting Yarn,40/2 Carded,Domestic China,CNY: 0.13850032
2023-06-27,3.59,USD/Kg,0.28,Knitting Yarn,40/2 Carded,Domestic China,CNY: 0.13846160
2023-06-26,3.58,USD/Kg,0.28,Knitting Yarn,40/2 Carded,Domestic China,CNY: 0.13875399
2023-06-23,3.57,USD/Kg,0.28,Knitting Yarn,40/2 Carded,Domestic China,CNY: 0.13928547
2023-06-22,3.56,USD/Kg,-0.56,Knitting Yarn,40/2 Carded,Domestic China,CNY: 0.13928547
2023-06-21,3.58,USD/Kg,-0.28,Knitting Yarn,40/2 Carded,Domestic China,CNY: 0.13924086
2023-06-20,3.59,USD/Kg,0.28,Knitting Yarn,40/2 Carded,Domestic China,CNY: 0.13963555
2023-06-19,3.58,USD/Kg,0.00,Knitting Yarn,40/2 Carded,Domestic China,CNY: 0.14031937
2023-06-16,3.58,USD/Kg,-0.56,Knitting Yarn,40/2 Carded,Domestic China,CNY: 0.14042971
2023-06-15,3.60,USD/Kg,0.28,Knitting Yarn,40/2 Carded,Domestic China,CNY: 0.13959462
2023-06-14,3.59,USD/Kg,0.00,Knitting Yarn,40/2 Carded,Domestic China,CNY: 0.13951866
2023-06-13,3.59,USD/Kg,0.28,Knitting Yarn,40/2 Carded,Domestic China,CNY: 0.13994626
2023-06-12,3.58,USD/Kg,-0.28,Knitting Yarn,40/2 Carded,Domestic China,CNY: 0.14028000
2023-06-09,3.59,USD/Kg,-0.28,Knitting Yarn,40/2 Carded,Domestic China,CNY: 0.14060149
2023-06-08,3.60,USD/Kg,0.28,Knitting Yarn,40/2 Carded,Domestic China,CNY: 0.14025639
2023-06-07,3.59,USD/Kg,0.28,Knitting Yarn,40/2 Carded,Domestic China,CNY: 0.14045338
2023-06-06,3.58,USD/Kg,0.00,Knitting Yarn,40/2 Carded,Domestic China,CNY: 0.14072615
2023-06-05,3.58,USD/Kg,0.28,Knitting Yarn,40/2 Carded,Domestic China,CNY: 0.14114724
2023-06-02,3.57,USD/Kg,0.00,Knitting Yarn,40/2 Carded,Domestic China,CNY: 0.14095426
2023-06-01,3.57,USD/Kg,-0.28,Knitting Yarn,40/2 Carded,Domestic China,CNY: 0.14061138
2023-05-31,3.58,USD/Kg,0.00,Knitting Yarn,40/2 Carded,Domestic China,CNY: 0.14124294
2023-05-30,3.58,USD/Kg,0.28,Knitting Yarn,40/2 Carded,Domestic China,CNY: 0.14137673
2023-05-29,3.57,USD/Kg,0.28,Knitting Yarn,40/2 Carded,Domestic China,CNY: 0.14154883
2023-05-26,3.56,USD/Kg,0.28,Knitting Yarn,40/2 Carded,Domestic China,CNY: 0.14126489
2023-05-25,3.55,USD/Kg,0.28,Knitting Yarn,40/2 Carded,Domestic China,CNY: 0.14162501
2023-05-24,3.54,USD/Kg,-0.28,Knitting Yarn,40/2 Carded,Domestic China,CNY: 0.14169524
2023-05-23,3.55,USD/Kg,0.28,Knitting Yarn,40/2 Carded,Domestic China,CNY: 0.14216662
2023-05-22,3.54,USD/Kg,0.28,Knitting Yarn,40/2 Carded,Domestic China,CNY: 0.14269610
2023-05-19,3.53,USD/Kg,0.28,Knitting Yarn,40/2 Carded,Domestic China,CNY: 0.14212419
2023-05-18,3.52,USD/Kg,0.00,Knitting Yarn,40/2 Carded,Domestic China,CNY: 0.14288572
2023-05-17,3.52,USD/Kg,0.00,Knitting Yarn,40/2 Carded,Domestic China,CNY: 0.14331575
2023-05-16,3.52,USD/Kg,0.00,Knitting Yarn,40/2 Carded,Domestic China,CNY: 0.14383108
2023-05-15,3.52,USD/Kg,0.00,Knitting Yarn,40/2 Carded,Domestic China,CNY: 0.14371326
2023-05-12,3.52,USD/Kg,-0.28,Knitting Yarn,40/2 Carded,Domestic China,CNY: 0.14391181
2023-05-11,3.53,USD/Kg,-0.28,Knitting Yarn,40/2 Carded,Domestic China,CNY: 0.14423146
2023-05-10,3.54,USD/Kg,-0.28,Knitting Yarn,40/2 Carded,Domestic China,CNY: 0.14449823
2023-05-09,3.55,USD/Kg,0.00,Knitting Yarn,40/2 Carded,Domestic China,CNY: 0.14466546
2023-05-08,3.55,USD/Kg,-0.28,Knitting Yarn,40/2 Carded,Domestic China,CNY: 0.14470524
2023-05-05,3.56,USD/Kg,-0.28,Knitting Yarn,40/2 Carded,Domestic China,CNY: 0.14478695
2023-05-04,3.57,USD/Kg,0.28,Knitting Yarn,40/2 Carded,Domestic China,CNY: 0.14467383
2023-05-03,3.56,USD/Kg,0.28,Knitting Yarn,40/2 Carded,Domestic China,CNY: 0.14467383
2023-05-02,3.55,USD/Kg,0.00,Knitting Yarn,40/2 Carded,Domestic China,CNY: 0.14467383
2023-05-01,3.55,USD/Kg,0.28,Knitting Yarn,40/2 Carded,Domestic China,CNY: 0.14467383
2023-04-28,3.54,USD/Kg,0.00,Knitting Yarn,40/2 Carded,Domestic China,CNY: 0.14442936
2023-04-27,3.54,USD/Kg,0.28,Knitting Yarn,40/2 Carded,Domestic China,CNY: 0.14436681
2023-04-26,3.53,USD/Kg,0.00,Knitting Yarn,40/2 Carded,Domestic China,CNY: 0.14424395
2023-04-25,3.53,USD/Kg,0.00,Knitting Yarn,40/2 Carded,Domestic China,CNY: 0.14500319
2023-04-24,3.53,USD/Kg,0.28,Knitting Yarn,40/2 Carded,Domestic China,CNY: 0.14506419
2023-04-21,3.52,USD/Kg,0.00,Knitting Yarn,40/2 Carded,Domestic China,CNY: 0.14549475
2023-04-20,3.52,USD/Kg,-0.28,Knitting Yarn,40/2 Carded,Domestic China,CNY: 0.14522008
2023-04-19,3.53,USD/Kg,-0.28,Knitting Yarn,40/2 Carded,Domestic China,CNY: 0.14543339
2023-04-18,3.54,USD/Kg,0.00,Knitting Yarn,40/2 Carded,Domestic China,CNY: 0.14535306
2023-04-17,3.54,USD/Kg,-0.28,Knitting Yarn,40/2 Carded,Domestic China,CNY: 0.14553075
2023-04-14,3.55,USD/Kg,0.28,Knitting Yarn,40/2 Carded,Domestic China,CNY: 0.14558584
2023-04-13,3.54,USD/Kg,-0.28,Knitting Yarn,40/2 Carded,Domestic China,CNY: 0.14545878
2023-04-12,3.55,USD/Kg,0.00,Knitting Yarn,40/2 Carded,Domestic China,CNY: 0.14520110
2023-04-11,3.55,USD/Kg,0.00,Knitting Yarn,40/2 Carded,Domestic China,CNY: 0.14530449
2023-04-10,3.55,USD/Kg,-0.28,Knitting Yarn,40/2 Carded,Domestic China,CNY: 0.14555405
2023-04-07,3.56,USD/Kg,0.00,Knitting Yarn,40/2 Carded,Domestic China,CNY: 0.14543551
2023-04-06,3.56,USD/Kg,-0.84,Knitting Yarn,40/2 Carded,Domestic China,CNY: 0.14535940
2023-04-05,3.59,USD/Kg,0.28,Knitting Yarn,40/2 Carded,Domestic China,CNY: 0.14535306
2023-04-04,3.58,USD/Kg,-0.28,Knitting Yarn,40/2 Carded,Domestic China,CNY: 0.14538476
2023-04-03,3.59,USD/Kg,0.00,Knitting Yarn,40/2 Carded,Domestic China,CNY: 0.14558160
2023-03-31,3.59,USD/Kg,-0.28,Knitting Yarn,40/2 Carded,Domestic China,CNY: 0.14552016
2023-03-30,3.60,USD/Kg,0.00,Knitting Yarn,40/2 Carded,Domestic China,CNY: 0.14519900
2023-03-29,3.60,USD/Kg,0.00,Knitting Yarn,40/2 Carded,Domestic China,CNY: 0.14546936
2023-03-28,3.60,USD/Kg,0.00,Knitting Yarn,40/2 Carded,Domestic China,CNY: 0.14523801
2023-03-27,3.60,USD/Kg,0.28,Knitting Yarn,40/2 Carded,Domestic China,CNY: 0.14560280
2023-03-24,3.59,USD/Kg,-0.55,Knitting Yarn,40/2 Carded,Domestic China,CNY: 0.14662972
2023-03-23,3.61,USD/Kg,0.28,Knitting Yarn,40/2 Carded,Domestic China,CNY: 0.14533405
2023-03-22,3.60,USD/Kg,-0.28,Knitting Yarn,40/2 Carded,Domestic China,CNY: 0.14525383
2023-03-21,3.61,USD/Kg,0.28,Knitting Yarn,40/2 Carded,Domestic China,CNY: 0.14537631
2023-03-20,3.60,USD/Kg,0.28,Knitting Yarn,40/2 Carded,Domestic China,CNY: 0.14520321
2023-03-17,3.59,USD/Kg,0.00,Knitting Yarn,40/2 Carded,Domestic China,CNY: 0.14519900
2023-03-16,3.59,USD/Kg,0.28,Knitting Yarn,40/2 Carded,Domestic China,CNY: 0.14478275
2023-03-15,3.58,USD/Kg,-0.28,Knitting Yarn,40/2 Carded,Domestic China,CNY: 0.14552863
2023-03-14,3.59,USD/Kg,0.28,Knitting Yarn,40/2 Carded,Domestic China,CNY: 0.14607710
2023-03-13,3.58,USD/Kg,-0.83,Knitting Yarn,40/2 Carded,Domestic China,CNY: 0.14479602
2023-03-10,3.61,USD/Kg,-0.28,Knitting Yarn,40/2 Carded,Domestic China,CNY: 0.14357914
2023-03-09,3.62,USD/Kg,-0.28,Knitting Yarn,40/2 Carded,Domestic China,CNY: 0.14384971
2023-03-08,3.63,USD/Kg,0.00,Knitting Yarn,40/2 Carded,Domestic China,CNY: 0.14362863
2023-03-07,3.63,USD/Kg,0.00,Knitting Yarn,40/2 Carded,Domestic China,CNY: 0.14429182
2023-03-06,3.63,USD/Kg,0.00,Knitting Yarn,40/2 Carded,Domestic China,CNY: 0.14476892
2023-03-03,3.63,USD/Kg,-0.27,Knitting Yarn,40/2 Carded,Domestic China,CNY: 0.14460689
2023-03-02,3.64,USD/Kg,-0.55,Knitting Yarn,40/2 Carded,Domestic China,CNY: 0.14557948
2023-03-01,3.66,USD/Kg,0.27,Knitting Yarn,40/2 Carded,Domestic China,CNY: 0.14422938
2023-02-28,3.65,USD/Kg,0.27,Knitting Yarn,40/2 Carded,Domestic China,CNY: 0.14398848
2023-02-27,3.64,USD/Kg,-0.27,Knitting Yarn,40/2 Carded,Domestic China,CNY: 0.14375872
2023-02-24,3.65,USD/Kg,-0.27,Knitting Yarn,40/2 Carded,Domestic China,CNY: 0.14475760
2023-02-23,3.66,USD/Kg,0.00,Knitting Yarn,40/2 Carded,Domestic China,CNY: 0.14502433
2023-02-22,3.66,USD/Kg,0.00,Knitting Yarn,40/2 Carded,Domestic China,CNY: 0.14548629
2023-02-21,3.66,USD/Kg,-0.27,Knitting Yarn,40/2 Carded,Domestic China,CNY: 0.14587679
2023-02-20,3.67,USD/Kg,0.00,Knitting Yarn,40/2 Carded,Domestic China,CNY: 0.14561128
2023-02-17,3.67,USD/Kg,0.27,Knitting Yarn,40/2 Carded,Domestic China,CNY: 0.14575772
2023-02-16,3.66,USD/Kg,0.27,Knitting Yarn,40/2 Carded,Domestic China,CNY: 0.14595662
2023-02-15,3.65,USD/Kg,0.55,Knitting Yarn,40/2 Carded,Domestic China,CNY: 0.14647937
2023-02-14,3.63,USD/Kg,0.28,Knitting Yarn,40/2 Carded,Domestic China,CNY: 0.14649160
2023-02-13,3.62,USD/Kg,0.00,Knitting Yarn,40/2 Carded,Domestic China,CNY: 0.14685437
2023-02-10,3.62,USD/Kg,0.56,Knitting Yarn,40/2 Carded,Domestic China,CNY: 0.14747740
2023-02-09,3.60,USD/Kg,-0.28,Knitting Yarn,40/2 Carded,Domestic China,CNY: 0.14729276
2023-02-08,3.61,USD/Kg,0.00,Knitting Yarn,40/2 Carded,Domestic China,CNY: 0.14721687
2023-02-07,3.61,USD/Kg,-0.28,Knitting Yarn,40/2 Carded,Domestic China,CNY: 0.14716703
2023-02-06,3.62,USD/Kg,-0.28,Knitting Yarn,40/2 Carded,Domestic China,CNY: 0.14760002
2023-02-03,3.63,USD/Kg,0.00,Knitting Yarn,40/2 Carded,Domestic China,CNY: 0.14853323
2023-02-02,3.63,USD/Kg,0.00,Knitting Yarn,40/2 Carded,Domestic China,CNY: 0.14832834
2023-02-01,3.63,USD/Kg,0.00,Knitting Yarn,40/2 Carded,Domestic China,CNY: 0.14804506
2023-01-31,3.63,USD/Kg,0.83,Knitting Yarn,40/2 Carded,Domestic China,CNY: 0.14817449
2023-01-30,3.60,USD/Kg,-0.28,Knitting Yarn,40/2 Carded,Domestic China,CNY: 0.14740638
2023-01-27,3.61,USD/Kg,0.28,Knitting Yarn,40/2 Carded,Domestic China,CNY: 0.14741653
2023-01-26,3.60,USD/Kg,0.00,Knitting Yarn,40/2 Carded,Domestic China,CNY: 0.14740783
2023-01-25,3.60,USD/Kg,0.00,Knitting Yarn,40/2 Carded,Domestic China,CNY: 0.14739480
2023-01-24,3.60,USD/Kg,-0.28,Knitting Yarn,40/2 Carded,Domestic China,CNY: 0.14739480
2023-01-23,3.61,USD/Kg,0.00,Knitting Yarn,40/2 Carded,Domestic China,CNY: 0.14741174
2023-01-20,3.61,USD/Kg,0.56,Knitting Yarn,40/2 Carded,Domestic China,CNY: 0.14756009
2023-01-19,3.59,USD/Kg,0.28,Knitting Yarn,40/2 Carded,Domestic China,CNY: 0.14818986
2023-01-18,3.58,USD/Kg,0.56,Knitting Yarn,40/2 Carded,Domestic China,CNY: 0.14762544
2023-01-17,3.56,USD/Kg,0.00,Knitting Yarn,40/2 Carded,Domestic China,CNY: 0.14850897
2023-01-16,3.56,USD/Kg,0.56,Knitting Yarn,40/2 Carded,Domestic China,CNY: 0.14918767
2023-01-13,3.54,USD/Kg,0.00,Knitting Yarn,40/2 Carded,Domestic China,CNY: 0.14839437
2023-01-12,3.54,USD/Kg,0.00,Knitting Yarn,40/2 Carded,Domestic China,CNY: 0.14769958
2023-01-11,3.54,USD/Kg,-0.56,Knitting Yarn,40/2 Carded,Domestic China,CNY: 0.14752526
2023-01-10,3.56,USD/Kg,-0.28,Knitting Yarn,40/2 Carded,Domestic China,CNY: 0.14765596
2023-01-09,3.57,USD/Kg,0.28,Knitting Yarn,40/2 Carded,Domestic China,CNY: 0.14623175
2023-01-06,3.56,USD/Kg,-0.28,Knitting Yarn,40/2 Carded,Domestic China,CNY: 0.14529182
2023-01-05,3.57,USD/Kg,-0.28,Knitting Yarn,40/2 Carded,Domestic China,CNY: 0.14516316
2023-01-04,3.58,USD/Kg,0.00,Knitting Yarn,40/2 Carded,Domestic China,CNY: 0.14461107
2023-01-03,3.58,USD/Kg,0.00,Knitting Yarn,40/2 Carded,Domestic China,CNY: 0.14495695
2023-01-02,3.58,USD/Kg,0.00,Knitting Yarn,40/2 Carded,Domestic China,CNY: 0.14496661
2025-06-06,3.99,USD/Kg,0.00,Knitting Yarn,40/2 Carded,FOB China,USD: 1.00000000
2025-06-05,3.99,USD/Kg,-0.25,Knitting Yarn,40/2 Carded,FOB China,USD: 1.00000000
2025-06-04,4.00,USD/Kg,0.50,Knitting Yarn,40/2 Carded,FOB China,USD: 1.00000000
2025-06-03,3.98,USD/Kg,-0.50,Knitting Yarn,40/2 Carded,FOB China,USD: 1.00000000
2025-06-02,4.00,USD/Kg,-0.25,Knitting Yarn,40/2 Carded,FOB China,USD: 1.00000000
2025-05-30,4.01,USD/Kg,0.00,Knitting Yarn,40/2 Carded,FOB China,USD: 1.00000000
2025-05-29,4.01,USD/Kg,0.00,Knitting Yarn,40/2 Carded,FOB China,USD: 1.00000000
2025-05-28,4.01,USD/Kg,-0.25,Knitting Yarn,40/2 Carded,FOB China,USD: 1.00000000
2025-05-27,4.02,USD/Kg,0.00,Knitting Yarn,40/2 Carded,FOB China,USD: 1.00000000
2025-05-26,4.02,USD/Kg,-0.25,Knitting Yarn,40/2 Carded,FOB China,USD: 1.00000000
2025-05-23,4.03,USD/Kg,-0.25,Knitting Yarn,40/2 Carded,FOB China,USD: 1.00000000
2025-05-22,4.04,USD/Kg,0.00,Knitting Yarn,40/2 Carded,FOB China,USD: 1.00000000
2025-05-21,4.04,USD/Kg,2.02,Knitting Yarn,40/2 Carded,FOB China,USD: 1.00000000
2025-05-20,3.96,USD/Kg,-0.25,Knitting Yarn,40/2 Carded,FOB China,USD: 1.00000000
2025-05-19,3.97,USD/Kg,0.25,Knitting Yarn,40/2 Carded,FOB China,USD: 1.00000000
2025-05-16,3.96,USD/Kg,-0.25,Knitting Yarn,40/2 Carded,FOB China,USD: 1.00000000
2025-05-15,3.97,USD/Kg,0.25,Knitting Yarn,40/2 Carded,FOB China,USD: 1.00000000
2025-05-14,3.96,USD/Kg,0.00,Knitting Yarn,40/2 Carded,FOB China,USD: 1.00000000
2025-05-13,3.96,USD/Kg,0.25,Knitting Yarn,40/2 Carded,FOB China,USD: 1.00000000
2025-05-12,3.95,USD/Kg,0.25,Knitting Yarn,40/2 Carded,FOB China,USD: 1.00000000
2025-05-09,3.94,USD/Kg,0.00,Knitting Yarn,40/2 Carded,FOB China,USD: 1.00000000
2025-05-08,3.94,USD/Kg,0.00,Knitting Yarn,40/2 Carded,FOB China,USD: 1.00000000
2025-05-07,3.94,USD/Kg,0.00,Knitting Yarn,40/2 Carded,FOB China,USD: 1.00000000
2025-05-06,3.94,USD/Kg,0.25,Knitting Yarn,40/2 Carded,FOB China,USD: 1.00000000
2025-05-05,3.93,USD/Kg,-0.25,Knitting Yarn,40/2 Carded,FOB China,USD: 1.00000000
2025-05-02,3.94,USD/Kg,0.00,Knitting Yarn,40/2 Carded,FOB China,USD: 1.00000000
2025-05-01,3.94,USD/Kg,-0.25,Knitting Yarn,40/2 Carded,FOB China,USD: 1.00000000
2025-04-30,3.95,USD/Kg,0.00,Knitting Yarn,40/2 Carded,FOB China,USD: 1.00000000
2025-04-29,3.95,USD/Kg,0.25,Knitting Yarn,40/2 Carded,FOB China,USD: 1.00000000
2025-04-28,3.94,USD/Kg,-0.25,Knitting Yarn,40/2 Carded,FOB China,USD: 1.00000000
2025-04-25,3.95,USD/Kg,-0.25,Knitting Yarn,40/2 Carded,FOB China,USD: 1.00000000
2025-04-24,3.96,USD/Kg,-0.25,Knitting Yarn,40/2 Carded,FOB China,USD: 1.00000000
2025-04-23,3.97,USD/Kg,1.53,Knitting Yarn,40/2 Carded,FOB China,USD: 1.00000000
2025-04-22,3.91,USD/Kg,0.51,Knitting Yarn,40/2 Carded,FOB China,USD: 1.00000000
2025-04-21,3.89,USD/Kg,-0.26,Knitting Yarn,40/2 Carded,FOB China,USD: 1.00000000
2025-04-18,3.90,USD/Kg,1.04,Knitting Yarn,40/2 Carded,FOB China,USD: 1.00000000
2025-04-17,3.86,USD/Kg,-0.26,Knitting Yarn,40/2 Carded,FOB China,USD: 1.00000000
2025-04-16,3.87,USD/Kg,0.00,Knitting Yarn,40/2 Carded,FOB China,USD: 1.00000000
2025-04-15,3.87,USD/Kg,0.26,Knitting Yarn,40/2 Carded,FOB China,USD: 1.00000000
2025-04-14,3.86,USD/Kg,-0.26,Knitting Yarn,40/2 Carded,FOB China,USD: 1.00000000
2025-04-11,3.87,USD/Kg,-0.51,Knitting Yarn,40/2 Carded,FOB China,USD: 1.00000000
2025-04-10,3.89,USD/Kg,0.00,Knitting Yarn,40/2 Carded,FOB China,USD: 1.00000000
2025-04-09,3.89,USD/Kg,-0.26,Knitting Yarn,40/2 Carded,FOB China,USD: 1.00000000
2025-04-08,3.90,USD/Kg,0.26,Knitting Yarn,40/2 Carded,FOB China,USD: 1.00000000
2025-04-07,3.89,USD/Kg,0.00,Knitting Yarn,40/2 Carded,FOB China,USD: 1.00000000
2025-04-04,3.89,USD/Kg,-0.26,Knitting Yarn,40/2 Carded,FOB China,USD: 1.00000000
2025-04-03,3.90,USD/Kg,-0.26,Knitting Yarn,40/2 Carded,FOB China,USD: 1.00000000
2025-04-02,3.91,USD/Kg,0.26,Knitting Yarn,40/2 Carded,FOB China,USD: 1.00000000
2025-04-01,3.90,USD/Kg,-0.26,Knitting Yarn,40/2 Carded,FOB China,USD: 1.00000000
2025-03-31,3.91,USD/Kg,2.36,Knitting Yarn,40/2 Carded,FOB China,USD: 1.00000000
2025-03-28,3.82,USD/Kg,0.53,Knitting Yarn,40/2 Carded,FOB China,USD: 1.00000000
2025-03-27,3.80,USD/Kg,0.00,Knitting Yarn,40/2 Carded,FOB China,USD: 1.00000000
2025-03-26,3.80,USD/Kg,0.26,Knitting Yarn,40/2 Carded,FOB China,USD: 1.00000000
2025-03-25,3.79,USD/Kg,-0.26,Knitting Yarn,40/2 Carded,FOB China,USD: 1.00000000
2025-03-24,3.80,USD/Kg,0.00,Knitting Yarn,40/2 Carded,FOB China,USD: 1.00000000
2025-03-21,3.80,USD/Kg,0.26,Knitting Yarn,40/2 Carded,FOB China,USD: 1.00000000
2025-03-20,3.79,USD/Kg,0.00,Knitting Yarn,40/2 Carded,FOB China,USD: 1.00000000
2025-03-19,3.79,USD/Kg,0.26,Knitting Yarn,40/2 Carded,FOB China,USD: 1.00000000
2025-03-18,3.78,USD/Kg,0.27,Knitting Yarn,40/2 Carded,FOB China,USD: 1.00000000
2025-03-17,3.77,USD/Kg,0.27,Knitting Yarn,40/2 Carded,FOB China,USD: 1.00000000
2025-03-14,3.76,USD/Kg,-0.53,Knitting Yarn,40/2 Carded,FOB China,USD: 1.00000000
2025-03-13,3.78,USD/Kg,0.00,Knitting Yarn,40/2 Carded,FOB China,USD: 1.00000000
2025-03-12,3.78,USD/Kg,0.27,Knitting Yarn,40/2 Carded,FOB China,USD: 1.00000000
2025-03-11,3.77,USD/Kg,0.53,Knitting Yarn,40/2 Carded,FOB China,USD: 1.00000000
2025-03-10,3.75,USD/Kg,0.27,Knitting Yarn,40/2 Carded,FOB China,USD: 1.00000000
2025-03-07,3.74,USD/Kg,-0.27,Knitting Yarn,40/2 Carded,FOB China,USD: 1.00000000
2025-03-06,3.75,USD/Kg,0.00,Knitting Yarn,40/2 Carded,FOB China,USD: 1.00000000
2025-03-05,3.75,USD/Kg,0.00,Knitting Yarn,40/2 Carded,FOB China,USD: 1.00000000
2025-03-04,3.75,USD/Kg,0.27,Knitting Yarn,40/2 Carded,FOB China,USD: 1.00000000
2025-03-03,3.74,USD/Kg,-0.27,Knitting Yarn,40/2 Carded,FOB China,USD: 1.00000000
2025-02-28,3.75,USD/Kg,-0.27,Knitting Yarn,40/2 Carded,FOB China,USD: 1.00000000
2025-02-27,3.76,USD/Kg,-0.27,Knitting Yarn,40/2 Carded,FOB China,USD: 1.00000000
2025-02-26,3.77,USD/Kg,0.27,Knitting Yarn,40/2 Carded,FOB China,USD: 1.00000000
2025-02-25,3.76,USD/Kg,0.00,Knitting Yarn,40/2 Carded,FOB China,USD: 1.00000000
2025-02-24,3.76,USD/Kg,-0.27,Knitting Yarn,40/2 Carded,FOB China,USD: 1.00000000
2025-02-21,3.77,USD/Kg,0.00,Knitting Yarn,40/2 Carded,FOB China,USD: 1.00000000
2025-02-20,3.77,USD/Kg,0.53,Knitting Yarn,40/2 Carded,FOB China,USD: 1.00000000
2025-02-19,3.75,USD/Kg,-0.27,Knitting Yarn,40/2 Carded,FOB China,USD: 1.00000000
2025-02-18,3.76,USD/Kg,-0.27,Knitting Yarn,40/2 Carded,FOB China,USD: 1.00000000
2025-02-17,3.77,USD/Kg,0.27,Knitting Yarn,40/2 Carded,FOB China,USD: 1.00000000
2025-02-14,3.76,USD/Kg,0.27,Knitting Yarn,40/2 Carded,FOB China,USD: 1.00000000
2025-02-13,3.75,USD/Kg,-0.27,Knitting Yarn,40/2 Carded,FOB China,USD: 1.00000000
2025-02-12,3.76,USD/Kg,-0.27,Knitting Yarn,40/2 Carded,FOB China,USD: 1.00000000
2025-02-11,3.77,USD/Kg,0.00,Knitting Yarn,40/2 Carded,FOB China,USD: 1.00000000
2025-02-10,3.77,USD/Kg,0.00,Knitting Yarn,40/2 Carded,FOB China,USD: 1.00000000
2025-02-07,3.77,USD/Kg,-0.26,Knitting Yarn,40/2 Carded,FOB China,USD: 1.00000000
2025-02-06,3.78,USD/Kg,-1.56,Knitting Yarn,40/2 Carded,FOB China,USD: 1.00000000
2025-02-05,3.84,USD/Kg,-0.78,Knitting Yarn,40/2 Carded,FOB China,USD: 1.00000000
2025-02-04,3.87,USD/Kg,0.00,Knitting Yarn,40/2 Carded,FOB China,USD: 1.00000000
2025-02-03,3.87,USD/Kg,-0.26,Knitting Yarn,40/2 Carded,FOB China,USD: 1.00000000
2025-01-31,3.88,USD/Kg,0.26,Knitting Yarn,40/2 Carded,FOB China,USD: 1.00000000
2025-01-30,3.87,USD/Kg,-0.26,Knitting Yarn,40/2 Carded,FOB China,USD: 1.00000000
2025-01-29,3.88,USD/Kg,0.26,Knitting Yarn,40/2 Carded,FOB China,USD: 1.00000000
2025-01-28,3.87,USD/Kg,-0.26,Knitting Yarn,40/2 Carded,FOB China,USD: 1.00000000
2025-01-27,3.88,USD/Kg,0.00,Knitting Yarn,40/2 Carded,FOB China,USD: 1.00000000
2025-01-24,3.88,USD/Kg,0.26,Knitting Yarn,40/2 Carded,FOB China,USD: 1.00000000
2025-01-23,3.87,USD/Kg,-0.26,Knitting Yarn,40/2 Carded,FOB China,USD: 1.00000000
2025-01-22,3.88,USD/Kg,0.00,Knitting Yarn,40/2 Carded,FOB China,USD: 1.00000000
2025-01-21,3.88,USD/Kg,0.00,Knitting Yarn,40/2 Carded,FOB China,USD: 1.00000000
2025-01-20,3.88,USD/Kg,0.00,Knitting Yarn,40/2 Carded,FOB China,USD: 1.00000000
2025-01-17,3.88,USD/Kg,0.00,Knitting Yarn,40/2 Carded,FOB China,USD: 1.00000000
2025-01-16,3.88,USD/Kg,0.26,Knitting Yarn,40/2 Carded,FOB China,USD: 1.00000000
2025-01-15,3.87,USD/Kg,0.26,Knitting Yarn,40/2 Carded,FOB China,USD: 1.00000000
2025-01-14,3.86,USD/Kg,0.00,Knitting Yarn,40/2 Carded,FOB China,USD: 1.00000000
2025-01-13,3.86,USD/Kg,0.26,Knitting Yarn,40/2 Carded,FOB China,USD: 1.00000000
2025-01-10,3.85,USD/Kg,0.26,Knitting Yarn,40/2 Carded,FOB China,USD: 1.00000000
2025-01-09,3.84,USD/Kg,0.00,Knitting Yarn,40/2 Carded,FOB China,USD: 1.00000000
2025-01-08,3.84,USD/Kg,-0.52,Knitting Yarn,40/2 Carded,FOB China,USD: 1.00000000
2025-01-07,3.86,USD/Kg,0.52,Knitting Yarn,40/2 Carded,FOB China,USD: 1.00000000
2025-01-06,3.84,USD/Kg,0.00,Knitting Yarn,40/2 Carded,FOB China,USD: 1.00000000
2025-01-03,3.84,USD/Kg,-0.26,Knitting Yarn,40/2 Carded,FOB China,USD: 1.00000000
2025-01-02,3.85,USD/Kg,-0.26,Knitting Yarn,40/2 Carded,FOB China,USD: 1.00000000
2025-01-01,3.86,USD/Kg,-0.77,Knitting Yarn,40/2 Carded,FOB China,USD: 1.00000000
2024-12-31,3.89,USD/Kg,0.26,Knitting Yarn,40/2 Carded,FOB China,USD: 1.00000000
2024-12-30,3.88,USD/Kg,0.00,Knitting Yarn,40/2 Carded,FOB China,USD: 1.00000000
2024-12-27,3.88,USD/Kg,0.52,Knitting Yarn,40/2 Carded,FOB China,USD: 1.00000000
2024-12-26,3.86,USD/Kg,0.00,Knitting Yarn,40/2 Carded,FOB China,USD: 1.00000000
2024-12-25,3.86,USD/Kg,-0.26,Knitting Yarn,40/2 Carded,FOB China,USD: 1.00000000
2024-12-24,3.87,USD/Kg,0.26,Knitting Yarn,40/2 Carded,FOB China,USD: 1.00000000
2024-12-23,3.86,USD/Kg,-0.26,Knitting Yarn,40/2 Carded,FOB China,USD: 1.00000000
2024-12-20,3.87,USD/Kg,0.26,Knitting Yarn,40/2 Carded,FOB China,USD: 1.00000000
2024-12-19,3.86,USD/Kg,-0.26,Knitting Yarn,40/2 Carded,FOB China,USD: 1.00000000
2024-12-18,3.87,USD/Kg,-0.51,Knitting Yarn,40/2 Carded,FOB China,USD: 1.00000000
2024-12-17,3.89,USD/Kg,0.26,Knitting Yarn,40/2 Carded,FOB China,USD: 1.00000000
2024-12-16,3.88,USD/Kg,0.26,Knitting Yarn,40/2 Carded,FOB China,USD: 1.00000000
2024-12-13,3.87,USD/Kg,0.00,Knitting Yarn,40/2 Carded,FOB China,USD: 1.00000000
2024-12-12,3.87,USD/Kg,0.00,Knitting Yarn,40/2 Carded,FOB China,USD: 1.00000000
2024-12-11,3.87,USD/Kg,-0.77,Knitting Yarn,40/2 Carded,FOB China,USD: 1.00000000
2024-12-10,3.90,USD/Kg,-0.51,Knitting Yarn,40/2 Carded,FOB China,USD: 1.00000000
2024-12-09,3.92,USD/Kg,0.00,Knitting Yarn,40/2 Carded,FOB China,USD: 1.00000000
2024-12-06,3.92,USD/Kg,0.26,Knitting Yarn,40/2 Carded,FOB China,USD: 1.00000000
2024-12-05,3.91,USD/Kg,-0.26,Knitting Yarn,40/2 Carded,FOB China,USD: 1.00000000
2024-12-04,3.92,USD/Kg,0.26,Knitting Yarn,40/2 Carded,FOB China,USD: 1.00000000
2024-12-03,3.91,USD/Kg,0.26,Knitting Yarn,40/2 Carded,FOB China,USD: 1.00000000
2024-12-02,3.90,USD/Kg,0.00,Knitting Yarn,40/2 Carded,FOB China,USD: 1.00000000
2024-11-29,3.90,USD/Kg,-0.26,Knitting Yarn,40/2 Carded,FOB China,USD: 1.00000000
2024-11-28,3.91,USD/Kg,0.26,Knitting Yarn,40/2 Carded,FOB China,USD: 1.00000000
2024-11-27,3.90,USD/Kg,-0.51,Knitting Yarn,40/2 Carded,FOB China,USD: 1.00000000
2024-11-26,3.92,USD/Kg,0.00,Knitting Yarn,40/2 Carded,FOB China,USD: 1.00000000
2024-11-25,3.92,USD/Kg,-0.25,Knitting Yarn,40/2 Carded,FOB China,USD: 1.00000000
2024-11-22,3.93,USD/Kg,-0.25,Knitting Yarn,40/2 Carded,FOB China,USD: 1.00000000
2024-11-21,3.94,USD/Kg,0.25,Knitting Yarn,40/2 Carded,FOB China,USD: 1.00000000
2024-11-20,3.93,USD/Kg,0.26,Knitting Yarn,40/2 Carded,FOB China,USD: 1.00000000
2024-11-19,3.92,USD/Kg,0.00,Knitting Yarn,40/2 Carded,FOB China,USD: 1.00000000
2024-11-18,3.92,USD/Kg,0.51,Knitting Yarn,40/2 Carded,FOB China,USD: 1.00000000
2024-11-15,3.90,USD/Kg,0.52,Knitting Yarn,40/2 Carded,FOB China,USD: 1.00000000
2024-11-14,3.88,USD/Kg,0.26,Knitting Yarn,40/2 Carded,FOB China,USD: 1.00000000
2024-11-13,3.87,USD/Kg,0.26,Knitting Yarn,40/2 Carded,FOB China,USD: 1.00000000
2024-11-12,3.86,USD/Kg,0.26,Knitting Yarn,40/2 Carded,FOB China,USD: 1.00000000
2024-11-11,3.85,USD/Kg,0.26,Knitting Yarn,40/2 Carded,FOB China,USD: 1.00000000
2024-11-08,3.84,USD/Kg,0.00,Knitting Yarn,40/2 Carded,FOB China,USD: 1.00000000
2024-11-07,3.84,USD/Kg,0.26,Knitting Yarn,40/2 Carded,FOB China,USD: 1.00000000
2024-11-06,3.83,USD/Kg,0.26,Knitting Yarn,40/2 Carded,FOB China,USD: 1.00000000
2024-11-05,3.82,USD/Kg,-0.26,Knitting Yarn,40/2 Carded,FOB China,USD: 1.00000000
2024-11-04,3.83,USD/Kg,0.26,Knitting Yarn,40/2 Carded,FOB China,USD: 1.00000000
2024-11-01,3.82,USD/Kg,-0.26,Knitting Yarn,40/2 Carded,FOB China,USD: 1.00000000
2024-10-31,3.83,USD/Kg,-0.26,Knitting Yarn,40/2 Carded,FOB China,USD: 1.00000000
2024-10-30,3.84,USD/Kg,0.00,Knitting Yarn,40/2 Carded,FOB China,USD: 1.00000000
2024-10-29,3.84,USD/Kg,0.00,Knitting Yarn,40/2 Carded,FOB China,USD: 1.00000000
2024-10-28,3.84,USD/Kg,0.00,Knitting Yarn,40/2 Carded,FOB China,USD: 1.00000000
2024-10-25,3.84,USD/Kg,0.26,Knitting Yarn,40/2 Carded,FOB China,USD: 1.00000000
2024-10-24,3.83,USD/Kg,0.00,Knitting Yarn,40/2 Carded,FOB China,USD: 1.00000000
2024-10-23,3.83,USD/Kg,-0.26,Knitting Yarn,40/2 Carded,FOB China,USD: 1.00000000
2024-10-22,3.84,USD/Kg,-0.26,Knitting Yarn,40/2 Carded,FOB China,USD: 1.00000000
2024-10-21,3.85,USD/Kg,0.52,Knitting Yarn,40/2 Carded,FOB China,USD: 1.00000000
2024-10-18,3.83,USD/Kg,0.26,Knitting Yarn,40/2 Carded,FOB China,USD: 1.00000000
2024-10-17,3.82,USD/Kg,-0.26,Knitting Yarn,40/2 Carded,FOB China,USD: 1.00000000
2024-10-16,3.83,USD/Kg,1.06,Knitting Yarn,40/2 Carded,FOB China,USD: 1.00000000
2024-10-15,3.79,USD/Kg,0.00,Knitting Yarn,40/2 Carded,FOB China,USD: 1.00000000
2024-10-14,3.79,USD/Kg,-0.26,Knitting Yarn,40/2 Carded,FOB China,USD: 1.00000000
2024-10-11,3.80,USD/Kg,0.00,Knitting Yarn,40/2 Carded,FOB China,USD: 1.00000000
2024-10-10,3.80,USD/Kg,0.26,Knitting Yarn,40/2 Carded,FOB China,USD: 1.00000000
2024-10-09,3.79,USD/Kg,0.26,Knitting Yarn,40/2 Carded,FOB China,USD: 1.00000000
2024-10-08,3.78,USD/Kg,0.27,Knitting Yarn,40/2 Carded,FOB China,USD: 1.00000000
2024-10-07,3.77,USD/Kg,0.53,Knitting Yarn,40/2 Carded,FOB China,USD: 1.00000000
2024-10-04,3.75,USD/Kg,-0.27,Knitting Yarn,40/2 Carded,FOB China,USD: 1.00000000
2024-10-03,3.76,USD/Kg,-0.27,Knitting Yarn,40/2 Carded,FOB China,USD: 1.00000000
2024-10-02,3.77,USD/Kg,1.07,Knitting Yarn,40/2 Carded,FOB China,USD: 1.00000000
2024-10-01,3.73,USD/Kg,-0.27,Knitting Yarn,40/2 Carded,FOB China,USD: 1.00000000
2024-09-30,3.74,USD/Kg,0.00,Knitting Yarn,40/2 Carded,FOB China,USD: 1.00000000
2024-09-27,3.74,USD/Kg,-0.53,Knitting Yarn,40/2 Carded,FOB China,USD: 1.00000000
2024-09-26,3.76,USD/Kg,0.00,Knitting Yarn,40/2 Carded,FOB China,USD: 1.00000000
2024-09-25,3.76,USD/Kg,0.53,Knitting Yarn,40/2 Carded,FOB China,USD: 1.00000000
2024-09-24,3.74,USD/Kg,-0.27,Knitting Yarn,40/2 Carded,FOB China,USD: 1.00000000
2024-09-23,3.75,USD/Kg,-0.27,Knitting Yarn,40/2 Carded,FOB China,USD: 1.00000000
2024-09-20,3.76,USD/Kg,0.27,Knitting Yarn,40/2 Carded,FOB China,USD: 1.00000000
2024-09-19,3.75,USD/Kg,-0.27,Knitting Yarn,40/2 Carded,FOB China,USD: 1.00000000
2024-09-18,3.76,USD/Kg,0.27,Knitting Yarn,40/2 Carded,FOB China,USD: 1.00000000
2024-09-17,3.75,USD/Kg,-0.27,Knitting Yarn,40/2 Carded,FOB China,USD: 1.00000000
2024-09-16,3.76,USD/Kg,0.53,Knitting Yarn,40/2 Carded,FOB China,USD: 1.00000000
2024-09-13,3.74,USD/Kg,-0.27,Knitting Yarn,40/2 Carded,FOB China,USD: 1.00000000
2024-09-12,3.75,USD/Kg,-0.27,Knitting Yarn,40/2 Carded,FOB China,USD: 1.00000000
2024-09-11,3.76,USD/Kg,-0.53,Knitting Yarn,40/2 Carded,FOB China,USD: 1.00000000
2024-09-10,3.78,USD/Kg,0.00,Knitting Yarn,40/2 Carded,FOB China,USD: 1.00000000
2024-09-09,3.78,USD/Kg,0.00,Knitting Yarn,40/2 Carded,FOB China,USD: 1.00000000
2024-09-06,3.78,USD/Kg,0.00,Knitting Yarn,40/2 Carded,FOB China,USD: 1.00000000
2024-09-05,3.78,USD/Kg,0.00,Knitting Yarn,40/2 Carded,FOB China,USD: 1.00000000
2024-09-04,3.78,USD/Kg,-1.05,Knitting Yarn,40/2 Carded,FOB China,USD: 1.00000000
2024-09-03,3.82,USD/Kg,-0.52,Knitting Yarn,40/2 Carded,FOB China,USD: 1.00000000
2024-09-02,3.84,USD/Kg,0.00,Knitting Yarn,40/2 Carded,FOB China,USD: 1.00000000
2024-08-30,3.84,USD/Kg,-0.26,Knitting Yarn,40/2 Carded,FOB China,USD: 1.00000000
2024-08-29,3.85,USD/Kg,0.26,Knitting Yarn,40/2 Carded,FOB China,USD: 1.00000000
2024-08-28,3.84,USD/Kg,-0.26,Knitting Yarn,40/2 Carded,FOB China,USD: 1.00000000
2024-08-27,3.85,USD/Kg,1.05,Knitting Yarn,40/2 Carded,FOB China,USD: 1.00000000
2024-08-26,3.81,USD/Kg,0.26,Knitting Yarn,40/2 Carded,FOB China,USD: 1.00000000
2024-08-23,3.80,USD/Kg,0.00,Knitting Yarn,40/2 Carded,FOB China,USD: 1.00000000
2024-08-22,3.80,USD/Kg,-0.26,Knitting Yarn,40/2 Carded,FOB China,USD: 1.00000000
2024-08-21,3.81,USD/Kg,0.00,Knitting Yarn,40/2 Carded,FOB China,USD: 1.00000000
2024-08-20,3.81,USD/Kg,-0.26,Knitting Yarn,40/2 Carded,FOB China,USD: 1.00000000
2024-08-19,3.82,USD/Kg,0.26,Knitting Yarn,40/2 Carded,FOB China,USD: 1.00000000
2024-08-16,3.81,USD/Kg,0.26,Knitting Yarn,40/2 Carded,FOB China,USD: 1.00000000
2024-08-15,3.80,USD/Kg,-0.52,Knitting Yarn,40/2 Carded,FOB China,USD: 1.00000000
2024-08-14,3.82,USD/Kg,-0.26,Knitting Yarn,40/2 Carded,FOB China,USD: 1.00000000
2024-08-13,3.83,USD/Kg,0.00,Knitting Yarn,40/2 Carded,FOB China,USD: 1.00000000
2024-08-12,3.83,USD/Kg,0.26,Knitting Yarn,40/2 Carded,FOB China,USD: 1.00000000
2024-08-09,3.82,USD/Kg,0.26,Knitting Yarn,40/2 Carded,FOB China,USD: 1.00000000
2024-08-08,3.81,USD/Kg,-0.26,Knitting Yarn,40/2 Carded,FOB China,USD: 1.00000000
2024-08-07,3.82,USD/Kg,-0.26,Knitting Yarn,40/2 Carded,FOB China,USD: 1.00000000
2024-08-06,3.83,USD/Kg,0.52,Knitting Yarn,40/2 Carded,FOB China,USD: 1.00000000
2024-08-05,3.81,USD/Kg,0.00,Knitting Yarn,40/2 Carded,FOB China,USD: 1.00000000
2024-08-02,3.81,USD/Kg,-0.26,Knitting Yarn,40/2 Carded,FOB China,USD: 1.00000000
2024-08-01,3.82,USD/Kg,0.53,Knitting Yarn,40/2 Carded,FOB China,USD: 1.00000000
2024-07-31,3.80,USD/Kg,0.00,Knitting Yarn,40/2 Carded,FOB China,USD: 1.00000000
2024-07-30,3.80,USD/Kg,0.00,Knitting Yarn,40/2 Carded,FOB China,USD: 1.00000000
2024-07-29,3.80,USD/Kg,0.26,Knitting Yarn,40/2 Carded,FOB China,USD: 1.00000000
2024-07-26,3.79,USD/Kg,0.00,Knitting Yarn,40/2 Carded,FOB China,USD: 1.00000000
2024-07-25,3.79,USD/Kg,0.00,Knitting Yarn,40/2 Carded,FOB China,USD: 1.00000000
2024-07-24,3.79,USD/Kg,0.53,Knitting Yarn,40/2 Carded,FOB China,USD: 1.00000000
2024-07-23,3.77,USD/Kg,-0.26,Knitting Yarn,40/2 Carded,FOB China,USD: 1.00000000
2024-07-22,3.78,USD/Kg,0.27,Knitting Yarn,40/2 Carded,FOB China,USD: 1.00000000
2024-07-19,3.77,USD/Kg,0.27,Knitting Yarn,40/2 Carded,FOB China,USD: 1.00000000
2024-07-18,3.76,USD/Kg,-0.27,Knitting Yarn,40/2 Carded,FOB China,USD: 1.00000000
2024-07-17,3.77,USD/Kg,0.27,Knitting Yarn,40/2 Carded,FOB China,USD: 1.00000000
2024-07-16,3.76,USD/Kg,-0.27,Knitting Yarn,40/2 Carded,FOB China,USD: 1.00000000
2024-07-15,3.77,USD/Kg,-1.05,Knitting Yarn,40/2 Carded,FOB China,USD: 1.00000000
2024-07-12,3.81,USD/Kg,0.53,Knitting Yarn,40/2 Carded,FOB China,USD: 1.00000000
2024-07-11,3.79,USD/Kg,0.00,Knitting Yarn,40/2 Carded,FOB China,USD: 1.00000000
2024-07-10,3.79,USD/Kg,0.26,Knitting Yarn,40/2 Carded,FOB China,USD: 1.00000000
2024-07-09,3.78,USD/Kg,0.00,Knitting Yarn,40/2 Carded,FOB China,USD: 1.00000000
2024-07-08,3.78,USD/Kg,0.00,Knitting Yarn,40/2 Carded,FOB China,USD: 1.00000000
2024-07-05,3.78,USD/Kg,0.00,Knitting Yarn,40/2 Carded,FOB China,USD: 1.00000000
2024-07-04,3.78,USD/Kg,0.00,Knitting Yarn,40/2 Carded,FOB China,USD: 1.00000000
2024-07-03,3.78,USD/Kg,-0.53,Knitting Yarn,40/2 Carded,FOB China,USD: 1.00000000
2024-07-02,3.80,USD/Kg,0.26,Knitting Yarn,40/2 Carded,FOB China,USD: 1.00000000
2024-07-01,3.79,USD/Kg,0.00,Knitting Yarn,40/2 Carded,FOB China,USD: 1.00000000
2024-06-28,3.79,USD/Kg,-0.52,Knitting Yarn,40/2 Carded,FOB China,USD: 1.00000000
2024-06-27,3.81,USD/Kg,-0.52,Knitting Yarn,40/2 Carded,FOB China,USD: 1.00000000
2024-06-26,3.83,USD/Kg,0.26,Knitting Yarn,40/2 Carded,FOB China,USD: 1.00000000
2024-06-25,3.82,USD/Kg,0.26,Knitting Yarn,40/2 Carded,FOB China,USD: 1.00000000
2024-06-24,3.81,USD/Kg,0.00,Knitting Yarn,40/2 Carded,FOB China,USD: 1.00000000
2024-06-21,3.81,USD/Kg,-0.26,Knitting Yarn,40/2 Carded,FOB China,USD: 1.00000000
2024-06-20,3.82,USD/Kg,-0.26,Knitting Yarn,40/2 Carded,FOB China,USD: 1.00000000
2024-06-19,3.83,USD/Kg,0.26,Knitting Yarn,40/2 Carded,FOB China,USD: 1.00000000
2024-06-18,3.82,USD/Kg,-0.26,Knitting Yarn,40/2 Carded,FOB China,USD: 1.00000000
2024-06-17,3.83,USD/Kg,0.00,Knitting Yarn,40/2 Carded,FOB China,USD: 1.00000000
2024-06-14,3.83,USD/Kg,0.00,Knitting Yarn,40/2 Carded,FOB China,USD: 1.00000000
2024-06-13,3.83,USD/Kg,0.26,Knitting Yarn,40/2 Carded,FOB China,USD: 1.00000000
2024-06-12,3.82,USD/Kg,-0.52,Knitting Yarn,40/2 Carded,FOB China,USD: 1.00000000
2024-06-11,3.84,USD/Kg,-0.52,Knitting Yarn,40/2 Carded,FOB China,USD: 1.00000000
2024-06-10,3.86,USD/Kg,-0.26,Knitting Yarn,40/2 Carded,FOB China,USD: 1.00000000
2024-06-07,3.87,USD/Kg,-0.26,Knitting Yarn,40/2 Carded,FOB China,USD: 1.00000000
2024-06-06,3.88,USD/Kg,-0.26,Knitting Yarn,40/2 Carded,FOB China,USD: 1.00000000
2024-06-05,3.89,USD/Kg,0.26,Knitting Yarn,40/2 Carded,FOB China,USD: 1.00000000
2024-06-04,3.88,USD/Kg,0.26,Knitting Yarn,40/2 Carded,FOB China,USD: 1.00000000
2024-06-03,3.87,USD/Kg,0.26,Knitting Yarn,40/2 Carded,FOB China,USD: 1.00000000
2024-05-31,3.86,USD/Kg,-0.26,Knitting Yarn,40/2 Carded,FOB China,USD: 1.00000000
2024-05-30,3.87,USD/Kg,0.26,Knitting Yarn,40/2 Carded,FOB China,USD: 1.00000000
2024-05-29,3.86,USD/Kg,-0.26,Knitting Yarn,40/2 Carded,FOB China,USD: 1.00000000
2024-05-28,3.87,USD/Kg,0.26,Knitting Yarn,40/2 Carded,FOB China,USD: 1.00000000
2024-05-27,3.86,USD/Kg,0.26,Knitting Yarn,40/2 Carded,FOB China,USD: 1.00000000
2024-05-24,3.85,USD/Kg,-0.26,Knitting Yarn,40/2 Carded,FOB China,USD: 1.00000000
2024-05-23,3.86,USD/Kg,-0.26,Knitting Yarn,40/2 Carded,FOB China,USD: 1.00000000
2024-05-22,3.87,USD/Kg,1.57,Knitting Yarn,40/2 Carded,FOB China,USD: 1.00000000
2024-05-21,3.81,USD/Kg,0.26,Knitting Yarn,40/2 Carded,FOB China,USD: 1.00000000
2024-05-20,3.80,USD/Kg,0.26,Knitting Yarn,40/2 Carded,FOB China,USD: 1.00000000
2024-05-17,3.79,USD/Kg,-0.26,Knitting Yarn,40/2 Carded,FOB China,USD: 1.00000000
2024-05-16,3.80,USD/Kg,0.26,Knitting Yarn,40/2 Carded,FOB China,USD: 1.00000000
2024-05-15,3.79,USD/Kg,0.26,Knitting Yarn,40/2 Carded,FOB China,USD: 1.00000000
2024-05-14,3.78,USD/Kg,0.00,Knitting Yarn,40/2 Carded,FOB China,USD: 1.00000000
2024-05-13,3.78,USD/Kg,0.00,Knitting Yarn,40/2 Carded,FOB China,USD: 1.00000000
2024-05-10,3.78,USD/Kg,0.00,Knitting Yarn,40/2 Carded,FOB China,USD: 1.00000000
2024-05-09,3.78,USD/Kg,-0.26,Knitting Yarn,40/2 Carded,FOB China,USD: 1.00000000
2024-05-08,3.79,USD/Kg,0.26,Knitting Yarn,40/2 Carded,FOB China,USD: 1.00000000
2024-05-07,3.78,USD/Kg,0.27,Knitting Yarn,40/2 Carded,FOB China,USD: 1.00000000
2024-05-06,3.77,USD/Kg,-0.26,Knitting Yarn,40/2 Carded,FOB China,USD: 1.00000000
2024-05-03,3.78,USD/Kg,0.00,Knitting Yarn,40/2 Carded,FOB China,USD: 1.00000000
2024-05-02,3.78,USD/Kg,0.27,Knitting Yarn,40/2 Carded,FOB China,USD: 1.00000000
2024-05-01,3.77,USD/Kg,0.27,Knitting Yarn,40/2 Carded,FOB China,USD: 1.00000000
2024-04-30,3.76,USD/Kg,0.27,Knitting Yarn,40/2 Carded,FOB China,USD: 1.00000000
2024-04-29,3.75,USD/Kg,-0.27,Knitting Yarn,40/2 Carded,FOB China,USD: 1.00000000
2024-04-26,3.76,USD/Kg,0.27,Knitting Yarn,40/2 Carded,FOB China,USD: 1.00000000
2024-04-25,3.75,USD/Kg,0.00,Knitting Yarn,40/2 Carded,FOB China,USD: 1.00000000
2024-04-24,3.75,USD/Kg,0.27,Knitting Yarn,40/2 Carded,FOB China,USD: 1.00000000
2024-04-23,3.74,USD/Kg,0.00,Knitting Yarn,40/2 Carded,FOB China,USD: 1.00000000
2024-04-22,3.74,USD/Kg,0.00,Knitting Yarn,40/2 Carded,FOB China,USD: 1.00000000
2024-04-19,3.74,USD/Kg,0.00,Knitting Yarn,40/2 Carded,FOB China,USD: 1.00000000
2024-04-18,3.74,USD/Kg,0.00,Knitting Yarn,40/2 Carded,FOB China,USD: 1.00000000
2024-04-17,3.74,USD/Kg,0.27,Knitting Yarn,40/2 Carded,FOB China,USD: 1.00000000
2024-04-16,3.73,USD/Kg,0.27,Knitting Yarn,40/2 Carded,FOB China,USD: 1.00000000
2024-04-15,3.72,USD/Kg,-0.27,Knitting Yarn,40/2 Carded,FOB China,USD: 1.00000000
2024-04-12,3.73,USD/Kg,-0.27,Knitting Yarn,40/2 Carded,FOB China,USD: 1.00000000
2024-04-11,3.74,USD/Kg,-0.27,Knitting Yarn,40/2 Carded,FOB China,USD: 1.00000000
2024-04-10,3.75,USD/Kg,0.27,Knitting Yarn,40/2 Carded,FOB China,USD: 1.00000000
2024-04-09,3.74,USD/Kg,0.00,Knitting Yarn,40/2 Carded,FOB China,USD: 1.00000000
2024-04-08,3.74,USD/Kg,-0.27,Knitting Yarn,40/2 Carded,FOB China,USD: 1.00000000
2024-04-05,3.75,USD/Kg,-0.27,Knitting Yarn,40/2 Carded,FOB China,USD: 1.00000000
2024-04-04,3.76,USD/Kg,0.00,Knitting Yarn,40/2 Carded,FOB China,USD: 1.00000000
2024-04-03,3.76,USD/Kg,0.27,Knitting Yarn,40/2 Carded,FOB China,USD: 1.00000000
2024-04-02,3.75,USD/Kg,-0.27,Knitting Yarn,40/2 Carded,FOB China,USD: 1.00000000
2024-04-01,3.76,USD/Kg,-0.27,Knitting Yarn,40/2 Carded,FOB China,USD: 1.00000000
2024-03-29,3.77,USD/Kg,-0.26,Knitting Yarn,40/2 Carded,FOB China,USD: 1.00000000
2024-03-28,3.78,USD/Kg,0.00,Knitting Yarn,40/2 Carded,FOB China,USD: 1.00000000
2024-03-27,3.78,USD/Kg,0.53,Knitting Yarn,40/2 Carded,FOB China,USD: 1.00000000
2024-03-26,3.76,USD/Kg,-0.27,Knitting Yarn,40/2 Carded,FOB China,USD: 1.00000000
2024-03-25,3.77,USD/Kg,0.00,Knitting Yarn,40/2 Carded,FOB China,USD: 1.00000000
2024-03-22,3.77,USD/Kg,0.53,Knitting Yarn,40/2 Carded,FOB China,USD: 1.00000000
2024-03-21,3.75,USD/Kg,-0.27,Knitting Yarn,40/2 Carded,FOB China,USD: 1.00000000
2024-03-20,3.76,USD/Kg,0.00,Knitting Yarn,40/2 Carded,FOB China,USD: 1.00000000
2024-03-19,3.76,USD/Kg,-0.53,Knitting Yarn,40/2 Carded,FOB China,USD: 1.00000000
2024-03-18,3.78,USD/Kg,-0.26,Knitting Yarn,40/2 Carded,FOB China,USD: 1.00000000
2024-03-15,3.79,USD/Kg,0.00,Knitting Yarn,40/2 Carded,FOB China,USD: 1.00000000
2024-03-14,3.79,USD/Kg,-0.26,Knitting Yarn,40/2 Carded,FOB China,USD: 1.00000000
2024-03-13,3.80,USD/Kg,0.00,Knitting Yarn,40/2 Carded,FOB China,USD: 1.00000000
2024-03-12,3.80,USD/Kg,0.26,Knitting Yarn,40/2 Carded,FOB China,USD: 1.00000000
2024-03-11,3.79,USD/Kg,0.26,Knitting Yarn,40/2 Carded,FOB China,USD: 1.00000000
2024-03-08,3.78,USD/Kg,-0.26,Knitting Yarn,40/2 Carded,FOB China,USD: 1.00000000
2024-03-07,3.79,USD/Kg,0.00,Knitting Yarn,40/2 Carded,FOB China,USD: 1.00000000
2024-03-06,3.79,USD/Kg,1.07,Knitting Yarn,40/2 Carded,FOB China,USD: 1.00000000
2024-03-05,3.75,USD/Kg,-0.53,Knitting Yarn,40/2 Carded,FOB China,USD: 1.00000000
2024-03-04,3.77,USD/Kg,-0.53,Knitting Yarn,40/2 Carded,FOB China,USD: 1.00000000
2024-03-01,3.79,USD/Kg,0.26,Knitting Yarn,40/2 Carded,FOB China,USD: 1.00000000
2024-02-29,3.78,USD/Kg,0.00,Knitting Yarn,40/2 Carded,FOB China,USD: 1.00000000
2024-02-28,3.78,USD/Kg,-0.53,Knitting Yarn,40/2 Carded,FOB China,USD: 1.00000000
2024-02-27,3.80,USD/Kg,-0.26,Knitting Yarn,40/2 Carded,FOB China,USD: 1.00000000
2024-02-26,3.81,USD/Kg,0.26,Knitting Yarn,40/2 Carded,FOB China,USD: 1.00000000
2024-02-23,3.80,USD/Kg,0.00,Knitting Yarn,40/2 Carded,FOB China,USD: 1.00000000
2024-02-22,3.80,USD/Kg,-0.26,Knitting Yarn,40/2 Carded,FOB China,USD: 1.00000000
2024-02-21,3.81,USD/Kg,0.26,Knitting Yarn,40/2 Carded,FOB China,USD: 1.00000000
2024-02-20,3.80,USD/Kg,-0.26,Knitting Yarn,40/2 Carded,FOB China,USD: 1.00000000
2024-02-19,3.81,USD/Kg,0.26,Knitting Yarn,40/2 Carded,FOB China,USD: 1.00000000
2024-02-16,3.80,USD/Kg,0.26,Knitting Yarn,40/2 Carded,FOB China,USD: 1.00000000
2024-02-15,3.79,USD/Kg,-0.26,Knitting Yarn,40/2 Carded,FOB China,USD: 1.00000000
2024-02-14,3.80,USD/Kg,-0.52,Knitting Yarn,40/2 Carded,FOB China,USD: 1.00000000
2024-02-13,3.82,USD/Kg,-0.26,Knitting Yarn,40/2 Carded,FOB China,USD: 1.00000000
2024-02-12,3.83,USD/Kg,0.26,Knitting Yarn,40/2 Carded,FOB China,USD: 1.00000000
2024-02-09,3.82,USD/Kg,-0.26,Knitting Yarn,40/2 Carded,FOB China,USD: 1.00000000
2024-02-08,3.83,USD/Kg,-0.26,Knitting Yarn,40/2 Carded,FOB China,USD: 1.00000000
2024-02-07,3.84,USD/Kg,0.00,Knitting Yarn,40/2 Carded,FOB China,USD: 1.00000000
2024-02-06,3.84,USD/Kg,-0.26,Knitting Yarn,40/2 Carded,FOB China,USD: 1.00000000
2024-02-05,3.85,USD/Kg,0.26,Knitting Yarn,40/2 Carded,FOB China,USD: 1.00000000
2024-02-02,3.84,USD/Kg,-0.26,Knitting Yarn,40/2 Carded,FOB China,USD: 1.00000000
2024-02-01,3.85,USD/Kg,0.26,Knitting Yarn,40/2 Carded,FOB China,USD: 1.00000000
2024-01-31,3.84,USD/Kg,0.00,Knitting Yarn,40/2 Carded,FOB China,USD: 1.00000000
2024-01-30,3.84,USD/Kg,0.26,Knitting Yarn,40/2 Carded,FOB China,USD: 1.00000000
2024-01-29,3.83,USD/Kg,-0.26,Knitting Yarn,40/2 Carded,FOB China,USD: 1.00000000
2024-01-26,3.84,USD/Kg,0.00,Knitting Yarn,40/2 Carded,FOB China,USD: 1.00000000
2024-01-25,3.84,USD/Kg,0.26,Knitting Yarn,40/2 Carded,FOB China,USD: 1.00000000
2024-01-24,3.83,USD/Kg,0.26,Knitting Yarn,40/2 Carded,FOB China,USD: 1.00000000
2024-01-23,3.82,USD/Kg,-0.52,Knitting Yarn,40/2 Carded,FOB China,USD: 1.00000000
2024-01-22,3.84,USD/Kg,0.26,Knitting Yarn,40/2 Carded,FOB China,USD: 1.00000000
2024-01-19,3.83,USD/Kg,-0.52,Knitting Yarn,40/2 Carded,FOB China,USD: 1.00000000
2024-01-18,3.85,USD/Kg,-0.26,Knitting Yarn,40/2 Carded,FOB China,USD: 1.00000000
2024-01-17,3.86,USD/Kg,-0.26,Knitting Yarn,40/2 Carded,FOB China,USD: 1.00000000
2024-01-16,3.87,USD/Kg,0.26,Knitting Yarn,40/2 Carded,FOB China,USD: 1.00000000
2024-01-15,3.86,USD/Kg,0.78,Knitting Yarn,40/2 Carded,FOB China,USD: 1.00000000
2024-01-12,3.83,USD/Kg,0.00,Knitting Yarn,40/2 Carded,FOB China,USD: 1.00000000
2024-01-11,3.83,USD/Kg,0.26,Knitting Yarn,40/2 Carded,FOB China,USD: 1.00000000
2024-01-10,3.82,USD/Kg,0.26,Knitting Yarn,40/2 Carded,FOB China,USD: 1.00000000
2024-01-09,3.81,USD/Kg,0.26,Knitting Yarn,40/2 Carded,FOB China,USD: 1.00000000
2024-01-08,3.80,USD/Kg,0.00,Knitting Yarn,40/2 Carded,FOB China,USD: 1.00000000
2024-01-05,3.80,USD/Kg,-0.26,Knitting Yarn,40/2 Carded,FOB China,USD: 1.00000000
2024-01-04,3.81,USD/Kg,-0.26,Knitting Yarn,40/2 Carded,FOB China,USD: 1.00000000
2024-01-03,3.82,USD/Kg,-0.26,Knitting Yarn,40/2 Carded,FOB China,USD: 1.00000000
2024-01-02,3.83,USD/Kg,0.26,Knitting Yarn,40/2 Carded,FOB China,USD: 1.00000000
2024-01-01,3.82,USD/Kg,0.26,Knitting Yarn,40/2 Carded,FOB China,USD: 1.00000000
2023-12-29,3.81,USD/Kg,0.00,Knitting Yarn,40/2 Carded,FOB China,USD: 1.00000000
2023-12-28,3.81,USD/Kg,-0.52,Knitting Yarn,40/2 Carded,FOB China,USD: 1.00000000
2023-12-27,3.83,USD/Kg,-0.26,Knitting Yarn,40/2 Carded,FOB China,USD: 1.00000000
2023-12-26,3.84,USD/Kg,0.00,Knitting Yarn,40/2 Carded,FOB China,USD: 1.00000000
2023-12-25,3.84,USD/Kg,0.00,Knitting Yarn,40/2 Carded,FOB China,USD: 1.00000000
2023-12-22,3.84,USD/Kg,0.52,Knitting Yarn,40/2 Carded,FOB China,USD: 1.00000000
2023-12-21,3.82,USD/Kg,0.26,Knitting Yarn,40/2 Carded,FOB China,USD: 1.00000000
2023-12-20,3.81,USD/Kg,0.26,Knitting Yarn,40/2 Carded,FOB China,USD: 1.00000000
2023-12-19,3.80,USD/Kg,-0.26,Knitting Yarn,40/2 Carded,FOB China,USD: 1.00000000
2023-12-18,3.81,USD/Kg,0.26,Knitting Yarn,40/2 Carded,FOB China,USD: 1.00000000
2023-12-15,3.80,USD/Kg,-0.26,Knitting Yarn,40/2 Carded,FOB China,USD: 1.00000000
2023-12-14,3.81,USD/Kg,-0.26,Knitting Yarn,40/2 Carded,FOB China,USD: 1.00000000
2023-12-13,3.82,USD/Kg,-0.52,Knitting Yarn,40/2 Carded,FOB China,USD: 1.00000000
2023-12-12,3.84,USD/Kg,-0.52,Knitting Yarn,40/2 Carded,FOB China,USD: 1.00000000
2023-12-11,3.86,USD/Kg,0.52,Knitting Yarn,40/2 Carded,FOB China,USD: 1.00000000
2023-12-08,3.84,USD/Kg,0.52,Knitting Yarn,40/2 Carded,FOB China,USD: 1.00000000
2023-12-07,3.82,USD/Kg,-0.26,Knitting Yarn,40/2 Carded,FOB China,USD: 1.00000000
2023-12-06,3.83,USD/Kg,0.26,Knitting Yarn,40/2 Carded,FOB China,USD: 1.00000000
2023-12-05,3.82,USD/Kg,-0.26,Knitting Yarn,40/2 Carded,FOB China,USD: 1.00000000
2023-12-04,3.83,USD/Kg,0.00,Knitting Yarn,40/2 Carded,FOB China,USD: 1.00000000
2023-12-01,3.83,USD/Kg,0.00,Knitting Yarn,40/2 Carded,FOB China,USD: 1.00000000
2023-11-30,3.83,USD/Kg,0.00,Knitting Yarn,40/2 Carded,FOB China,USD: 1.00000000
2023-11-29,3.83,USD/Kg,0.00,Knitting Yarn,40/2 Carded,FOB China,USD: 1.00000000
2023-11-28,3.83,USD/Kg,0.00,Knitting Yarn,40/2 Carded,FOB China,USD: 1.00000000
2023-11-27,3.83,USD/Kg,-0.26,Knitting Yarn,40/2 Carded,FOB China,USD: 1.00000000
2023-11-24,3.84,USD/Kg,-0.26,Knitting Yarn,40/2 Carded,FOB China,USD: 1.00000000
2023-11-23,3.85,USD/Kg,-0.26,Knitting Yarn,40/2 Carded,FOB China,USD: 1.00000000
2023-11-22,3.86,USD/Kg,0.00,Knitting Yarn,40/2 Carded,FOB China,USD: 1.00000000
2023-11-21,3.86,USD/Kg,-0.26,Knitting Yarn,40/2 Carded,FOB China,USD: 1.00000000
2023-11-20,3.87,USD/Kg,0.26,Knitting Yarn,40/2 Carded,FOB China,USD: 1.00000000
2023-11-17,3.86,USD/Kg,1.85,Knitting Yarn,40/2 Carded,FOB China,USD: 1.00000000
2023-11-16,3.79,USD/Kg,0.26,Knitting Yarn,40/2 Carded,FOB China,USD: 1.00000000
2023-11-15,3.78,USD/Kg,-0.26,Knitting Yarn,40/2 Carded,FOB China,USD: 1.00000000
2023-11-14,3.79,USD/Kg,0.00,Knitting Yarn,40/2 Carded,FOB China,USD: 1.00000000
2023-11-13,3.79,USD/Kg,-0.26,Knitting Yarn,40/2 Carded,FOB China,USD: 1.00000000
2023-11-10,3.80,USD/Kg,0.00,Knitting Yarn,40/2 Carded,FOB China,USD: 1.00000000
2023-11-09,3.80,USD/Kg,-0.52,Knitting Yarn,40/2 Carded,FOB China,USD: 1.00000000
2023-11-08,3.82,USD/Kg,-0.26,Knitting Yarn,40/2 Carded,FOB China,USD: 1.00000000
2023-11-07,3.83,USD/Kg,-0.26,Knitting Yarn,40/2 Carded,FOB China,USD: 1.00000000
2023-11-06,3.84,USD/Kg,0.00,Knitting Yarn,40/2 Carded,FOB China,USD: 1.00000000
2023-11-03,3.84,USD/Kg,-0.26,Knitting Yarn,40/2 Carded,FOB China,USD: 1.00000000
2023-11-02,3.85,USD/Kg,-0.26,Knitting Yarn,40/2 Carded,FOB China,USD: 1.00000000
2023-11-01,3.86,USD/Kg,0.00,Knitting Yarn,40/2 Carded,FOB China,USD: 1.00000000
2023-10-31,3.86,USD/Kg,0.26,Knitting Yarn,40/2 Carded,FOB China,USD: 1.00000000
2023-10-30,3.85,USD/Kg,0.26,Knitting Yarn,40/2 Carded,FOB China,USD: 1.00000000
2023-10-27,3.84,USD/Kg,-0.26,Knitting Yarn,40/2 Carded,FOB China,USD: 1.00000000
2023-10-26,3.85,USD/Kg,0.26,Knitting Yarn,40/2 Carded,FOB China,USD: 1.00000000
2023-10-25,3.84,USD/Kg,-0.52,Knitting Yarn,40/2 Carded,FOB China,USD: 1.00000000
2023-10-24,3.86,USD/Kg,-0.26,Knitting Yarn,40/2 Carded,FOB China,USD: 1.00000000
2023-10-23,3.87,USD/Kg,0.00,Knitting Yarn,40/2 Carded,FOB China,USD: 1.00000000
2023-10-20,3.87,USD/Kg,-0.26,Knitting Yarn,40/2 Carded,FOB China,USD: 1.00000000
2023-10-19,3.88,USD/Kg,-0.26,Knitting Yarn,40/2 Carded,FOB China,USD: 1.00000000
2023-10-18,3.89,USD/Kg,-0.26,Knitting Yarn,40/2 Carded,FOB China,USD: 1.00000000
2023-10-17,3.90,USD/Kg,0.26,Knitting Yarn,40/2 Carded,FOB China,USD: 1.00000000
2023-10-16,3.89,USD/Kg,-0.51,Knitting Yarn,40/2 Carded,FOB China,USD: 1.00000000
2023-10-13,3.91,USD/Kg,0.00,Knitting Yarn,40/2 Carded,FOB China,USD: 1.00000000
2023-10-12,3.91,USD/Kg,0.00,Knitting Yarn,40/2 Carded,FOB China,USD: 1.00000000
2023-10-11,3.91,USD/Kg,-0.26,Knitting Yarn,40/2 Carded,FOB China,USD: 1.00000000
2023-10-10,3.92,USD/Kg,0.26,Knitting Yarn,40/2 Carded,FOB China,USD: 1.00000000
2023-10-09,3.91,USD/Kg,-0.26,Knitting Yarn,40/2 Carded,FOB China,USD: 1.00000000
2023-10-06,3.92,USD/Kg,0.26,Knitting Yarn,40/2 Carded,FOB China,USD: 1.00000000
2023-10-05,3.91,USD/Kg,0.26,Knitting Yarn,40/2 Carded,FOB China,USD: 1.00000000
2023-10-04,3.90,USD/Kg,0.52,Knitting Yarn,40/2 Carded,FOB China,USD: 1.00000000
2023-10-03,3.88,USD/Kg,0.00,Knitting Yarn,40/2 Carded,FOB China,USD: 1.00000000
2023-10-02,3.88,USD/Kg,0.00,Knitting Yarn,40/2 Carded,FOB China,USD: 1.00000000
2023-09-29,3.88,USD/Kg,0.26,Knitting Yarn,40/2 Carded,FOB China,USD: 1.00000000
2023-09-28,3.87,USD/Kg,0.26,Knitting Yarn,40/2 Carded,FOB China,USD: 1.00000000
2023-09-27,3.86,USD/Kg,-0.26,Knitting Yarn,40/2 Carded,FOB China,USD: 1.00000000
2023-09-26,3.87,USD/Kg,0.26,Knitting Yarn,40/2 Carded,FOB China,USD: 1.00000000
2023-09-25,3.86,USD/Kg,-0.26,Knitting Yarn,40/2 Carded,FOB China,USD: 1.00000000
2023-09-22,3.87,USD/Kg,0.52,Knitting Yarn,40/2 Carded,FOB China,USD: 1.00000000
2023-09-21,3.85,USD/Kg,0.26,Knitting Yarn,40/2 Carded,FOB China,USD: 1.00000000
2023-09-20,3.84,USD/Kg,0.00,Knitting Yarn,40/2 Carded,FOB China,USD: 1.00000000
2023-09-19,3.84,USD/Kg,0.26,Knitting Yarn,40/2 Carded,FOB China,USD: 1.00000000
2023-09-18,3.83,USD/Kg,0.00,Knitting Yarn,40/2 Carded,FOB China,USD: 1.00000000
2023-09-15,3.83,USD/Kg,0.26,Knitting Yarn,40/2 Carded,FOB China,USD: 1.00000000
2023-09-14,3.82,USD/Kg,0.26,Knitting Yarn,40/2 Carded,FOB China,USD: 1.00000000
2023-09-13,3.81,USD/Kg,0.26,Knitting Yarn,40/2 Carded,FOB China,USD: 1.00000000
2023-09-12,3.80,USD/Kg,0.26,Knitting Yarn,40/2 Carded,FOB China,USD: 1.00000000
2023-09-11,3.79,USD/Kg,0.53,Knitting Yarn,40/2 Carded,FOB China,USD: 1.00000000
2023-09-08,3.77,USD/Kg,0.27,Knitting Yarn,40/2 Carded,FOB China,USD: 1.00000000
2023-09-07,3.76,USD/Kg,0.27,Knitting Yarn,40/2 Carded,FOB China,USD: 1.00000000
2023-09-06,3.75,USD/Kg,-0.27,Knitting Yarn,40/2 Carded,FOB China,USD: 1.00000000
2023-09-05,3.76,USD/Kg,0.27,Knitting Yarn,40/2 Carded,FOB China,USD: 1.00000000
2023-09-04,3.75,USD/Kg,-0.27,Knitting Yarn,40/2 Carded,FOB China,USD: 1.00000000
2023-09-01,3.76,USD/Kg,0.00,Knitting Yarn,40/2 Carded,FOB China,USD: 1.00000000
2023-08-31,3.76,USD/Kg,0.27,Knitting Yarn,40/2 Carded,FOB China,USD: 1.00000000
2023-08-30,3.75,USD/Kg,-0.27,Knitting Yarn,40/2 Carded,FOB China,USD: 1.00000000
2023-08-29,3.76,USD/Kg,-0.27,Knitting Yarn,40/2 Carded,FOB China,USD: 1.00000000
2023-08-28,3.77,USD/Kg,0.00,Knitting Yarn,40/2 Carded,FOB China,USD: 1.00000000
2023-08-25,3.77,USD/Kg,0.27,Knitting Yarn,40/2 Carded,FOB China,USD: 1.00000000
2023-08-24,3.76,USD/Kg,1.62,Knitting Yarn,40/2 Carded,FOB China,USD: 1.00000000
2023-08-23,3.70,USD/Kg,-0.27,Knitting Yarn,40/2 Carded,FOB China,USD: 1.00000000
2023-08-22,3.71,USD/Kg,0.27,Knitting Yarn,40/2 Carded,FOB China,USD: 1.00000000
2023-08-21,3.70,USD/Kg,0.00,Knitting Yarn,40/2 Carded,FOB China,USD: 1.00000000
2023-08-18,3.70,USD/Kg,-0.27,Knitting Yarn,40/2 Carded,FOB China,USD: 1.00000000
2023-08-17,3.71,USD/Kg,0.00,Knitting Yarn,40/2 Carded,FOB China,USD: 1.00000000
2023-08-16,3.71,USD/Kg,-0.27,Knitting Yarn,40/2 Carded,FOB China,USD: 1.00000000
2023-08-15,3.72,USD/Kg,0.00,Knitting Yarn,40/2 Carded,FOB China,USD: 1.00000000
2023-08-14,3.72,USD/Kg,0.00,Knitting Yarn,40/2 Carded,FOB China,USD: 1.00000000
2023-08-11,3.72,USD/Kg,1.92,Knitting Yarn,40/2 Carded,FOB China,USD: 1.00000000
2023-08-10,3.65,USD/Kg,-0.27,Knitting Yarn,40/2 Carded,FOB China,USD: 1.00000000
2023-08-09,3.66,USD/Kg,0.27,Knitting Yarn,40/2 Carded,FOB China,USD: 1.00000000
2023-08-08,3.65,USD/Kg,-1.08,Knitting Yarn,40/2 Carded,FOB China,USD: 1.00000000
2023-08-07,3.69,USD/Kg,0.00,Knitting Yarn,40/2 Carded,FOB China,USD: 1.00000000
2023-08-04,3.69,USD/Kg,0.27,Knitting Yarn,40/2 Carded,FOB China,USD: 1.00000000
2023-08-03,3.68,USD/Kg,0.00,Knitting Yarn,40/2 Carded,FOB China,USD: 1.00000000
2023-08-02,3.68,USD/Kg,0.55,Knitting Yarn,40/2 Carded,FOB China,USD: 1.00000000
2023-08-01,3.66,USD/Kg,0.55,Knitting Yarn,40/2 Carded,FOB China,USD: 1.00000000
2023-07-31,3.64,USD/Kg,0.55,Knitting Yarn,40/2 Carded,FOB China,USD: 1.00000000
2023-07-28,3.62,USD/Kg,-0.28,Knitting Yarn,40/2 Carded,FOB China,USD: 1.00000000
2023-07-27,3.63,USD/Kg,0.00,Knitting Yarn,40/2 Carded,FOB China,USD: 1.00000000
2023-07-26,3.63,USD/Kg,-0.82,Knitting Yarn,40/2 Carded,FOB China,USD: 1.00000000
2023-07-25,3.66,USD/Kg,0.00,Knitting Yarn,40/2 Carded,FOB China,USD: 1.00000000
2023-07-24,3.66,USD/Kg,-0.27,Knitting Yarn,40/2 Carded,FOB China,USD: 1.00000000
2023-07-21,3.67,USD/Kg,0.27,Knitting Yarn,40/2 Carded,FOB China,USD: 1.00000000
2023-07-20,3.66,USD/Kg,0.00,Knitting Yarn,40/2 Carded,FOB China,USD: 1.00000000
2023-07-19,3.66,USD/Kg,-0.27,Knitting Yarn,40/2 Carded,FOB China,USD: 1.00000000
2023-07-18,3.67,USD/Kg,-0.54,Knitting Yarn,40/2 Carded,FOB China,USD: 1.00000000
2023-07-17,3.69,USD/Kg,0.27,Knitting Yarn,40/2 Carded,FOB China,USD: 1.00000000
2023-07-14,3.68,USD/Kg,-0.27,Knitting Yarn,40/2 Carded,FOB China,USD: 1.00000000
2023-07-13,3.69,USD/Kg,-0.27,Knitting Yarn,40/2 Carded,FOB China,USD: 1.00000000
2023-07-12,3.70,USD/Kg,0.00,Knitting Yarn,40/2 Carded,FOB China,USD: 1.00000000
2023-07-11,3.70,USD/Kg,0.54,Knitting Yarn,40/2 Carded,FOB China,USD: 1.00000000
2023-07-10,3.68,USD/Kg,0.00,Knitting Yarn,40/2 Carded,FOB China,USD: 1.00000000
2023-07-07,3.68,USD/Kg,-0.27,Knitting Yarn,40/2 Carded,FOB China,USD: 1.00000000
2023-07-06,3.69,USD/Kg,0.00,Knitting Yarn,40/2 Carded,FOB China,USD: 1.00000000
2023-07-05,3.69,USD/Kg,0.27,Knitting Yarn,40/2 Carded,FOB China,USD: 1.00000000
2023-07-04,3.68,USD/Kg,0.27,Knitting Yarn,40/2 Carded,FOB China,USD: 1.00000000
2023-07-03,3.67,USD/Kg,-1.34,Knitting Yarn,40/2 Carded,FOB China,USD: 1.00000000
2023-06-30,3.72,USD/Kg,0.00,Knitting Yarn,40/2 Carded,FOB China,USD: 1.00000000
2023-06-29,3.72,USD/Kg,0.00,Knitting Yarn,40/2 Carded,FOB China,USD: 1.00000000
2023-06-28,3.72,USD/Kg,-0.27,Knitting Yarn,40/2 Carded,FOB China,USD: 1.00000000
2023-06-27,3.73,USD/Kg,0.27,Knitting Yarn,40/2 Carded,FOB China,USD: 1.00000000
2023-06-26,3.72,USD/Kg,0.00,Knitting Yarn,40/2 Carded,FOB China,USD: 1.00000000
2023-06-23,3.72,USD/Kg,0.00,Knitting Yarn,40/2 Carded,FOB China,USD: 1.00000000
2023-06-22,3.72,USD/Kg,-0.27,Knitting Yarn,40/2 Carded,FOB China,USD: 1.00000000
2023-06-21,3.73,USD/Kg,-0.27,Knitting Yarn,40/2 Carded,FOB China,USD: 1.00000000
2023-06-20,3.74,USD/Kg,0.27,Knitting Yarn,40/2 Carded,FOB China,USD: 1.00000000
2023-06-19,3.73,USD/Kg,0.27,Knitting Yarn,40/2 Carded,FOB China,USD: 1.00000000
2023-06-16,3.72,USD/Kg,-0.27,Knitting Yarn,40/2 Carded,FOB China,USD: 1.00000000
2023-06-15,3.73,USD/Kg,0.54,Knitting Yarn,40/2 Carded,FOB China,USD: 1.00000000
2023-06-14,3.71,USD/Kg,0.00,Knitting Yarn,40/2 Carded,FOB China,USD: 1.00000000
2023-06-13,3.71,USD/Kg,0.27,Knitting Yarn,40/2 Carded,FOB China,USD: 1.00000000
2023-06-12,3.70,USD/Kg,0.00,Knitting Yarn,40/2 Carded,FOB China,USD: 1.00000000
2023-06-09,3.70,USD/Kg,-0.54,Knitting Yarn,40/2 Carded,FOB China,USD: 1.00000000
2023-06-08,3.72,USD/Kg,-1.33,Knitting Yarn,40/2 Carded,FOB China,USD: 1.00000000
2023-06-07,3.77,USD/Kg,0.53,Knitting Yarn,40/2 Carded,FOB China,USD: 1.00000000
2023-06-06,3.75,USD/Kg,-0.27,Knitting Yarn,40/2 Carded,FOB China,USD: 1.00000000
2023-06-05,3.76,USD/Kg,0.27,Knitting Yarn,40/2 Carded,FOB China,USD: 1.00000000
2023-06-02,3.75,USD/Kg,0.00,Knitting Yarn,40/2 Carded,FOB China,USD: 1.00000000
2023-06-01,3.75,USD/Kg,0.00,Knitting Yarn,40/2 Carded,FOB China,USD: 1.00000000
2023-05-31,3.75,USD/Kg,0.27,Knitting Yarn,40/2 Carded,FOB China,USD: 1.00000000
2023-05-30,3.74,USD/Kg,-0.27,Knitting Yarn,40/2 Carded,FOB China,USD: 1.00000000
2023-05-29,3.75,USD/Kg,0.81,Knitting Yarn,40/2 Carded,FOB China,USD: 1.00000000
2023-05-26,3.72,USD/Kg,0.27,Knitting Yarn,40/2 Carded,FOB China,USD: 1.00000000
2023-05-25,3.71,USD/Kg,-0.54,Knitting Yarn,40/2 Carded,FOB China,USD: 1.00000000
2023-05-24,3.73,USD/Kg,0.27,Knitting Yarn,40/2 Carded,FOB China,USD: 1.00000000
2023-05-23,3.72,USD/Kg,0.27,Knitting Yarn,40/2 Carded,FOB China,USD: 1.00000000
2023-05-22,3.71,USD/Kg,0.27,Knitting Yarn,40/2 Carded,FOB China,USD: 1.00000000
2023-05-19,3.70,USD/Kg,-0.27,Knitting Yarn,40/2 Carded,FOB China,USD: 1.00000000
2023-05-18,3.71,USD/Kg,0.27,Knitting Yarn,40/2 Carded,FOB China,USD: 1.00000000
2023-05-17,3.70,USD/Kg,0.27,Knitting Yarn,40/2 Carded,FOB China,USD: 1.00000000
2023-05-16,3.69,USD/Kg,0.54,Knitting Yarn,40/2 Carded,FOB China,USD: 1.00000000
2023-05-15,3.67,USD/Kg,0.27,Knitting Yarn,40/2 Carded,FOB China,USD: 1.00000000
2023-05-12,3.66,USD/Kg,0.00,Knitting Yarn,40/2 Carded,FOB China,USD: 1.00000000
2023-05-11,3.66,USD/Kg,0.55,Knitting Yarn,40/2 Carded,FOB China,USD: 1.00000000
2023-05-10,3.64,USD/Kg,-0.27,Knitting Yarn,40/2 Carded,FOB China,USD: 1.00000000
2023-05-09,3.65,USD/Kg,0.27,Knitting Yarn,40/2 Carded,FOB China,USD: 1.00000000
2023-05-08,3.64,USD/Kg,0.00,Knitting Yarn,40/2 Carded,FOB China,USD: 1.00000000
2023-05-05,3.64,USD/Kg,-0.27,Knitting Yarn,40/2 Carded,FOB China,USD: 1.00000000
2023-05-04,3.65,USD/Kg,-0.27,Knitting Yarn,40/2 Carded,FOB China,USD: 1.00000000
2023-05-03,3.66,USD/Kg,0.27,Knitting Yarn,40/2 Carded,FOB China,USD: 1.00000000
2023-05-02,3.65,USD/Kg,0.55,Knitting Yarn,40/2 Carded,FOB China,USD: 1.00000000
2023-05-01,3.63,USD/Kg,-0.55,Knitting Yarn,40/2 Carded,FOB China,USD: 1.00000000
2023-04-28,3.65,USD/Kg,0.27,Knitting Yarn,40/2 Carded,FOB China,USD: 1.00000000
2023-04-27,3.64,USD/Kg,0.00,Knitting Yarn,40/2 Carded,FOB China,USD: 1.00000000
2023-04-26,3.64,USD/Kg,-0.27,Knitting Yarn,40/2 Carded,FOB China,USD: 1.00000000
2023-04-25,3.65,USD/Kg,0.00,Knitting Yarn,40/2 Carded,FOB China,USD: 1.00000000
2023-04-24,3.65,USD/Kg,-0.27,Knitting Yarn,40/2 Carded,FOB China,USD: 1.00000000
2023-04-21,3.66,USD/Kg,0.83,Knitting Yarn,40/2 Carded,FOB China,USD: 1.00000000
2023-04-20,3.63,USD/Kg,-0.55,Knitting Yarn,40/2 Carded,FOB China,USD: 1.00000000
2023-04-19,3.65,USD/Kg,0.55,Knitting Yarn,40/2 Carded,FOB China,USD: 1.00000000
2023-04-18,3.63,USD/Kg,0.00,Knitting Yarn,40/2 Carded,FOB China,USD: 1.00000000
2023-04-17,3.63,USD/Kg,0.00,Knitting Yarn,40/2 Carded,FOB China,USD: 1.00000000
2023-04-14,3.63,USD/Kg,0.00,Knitting Yarn,40/2 Carded,FOB China,USD: 1.00000000
2023-04-13,3.63,USD/Kg,0.28,Knitting Yarn,40/2 Carded,FOB China,USD: 1.00000000
2023-04-12,3.62,USD/Kg,0.28,Knitting Yarn,40/2 Carded,FOB China,USD: 1.00000000
2023-04-11,3.61,USD/Kg,0.00,Knitting Yarn,40/2 Carded,FOB China,USD: 1.00000000
2023-04-10,3.61,USD/Kg,0.28,Knitting Yarn,40/2 Carded,FOB China,USD: 1.00000000
2023-04-07,3.60,USD/Kg,0.00,Knitting Yarn,40/2 Carded,FOB China,USD: 1.00000000
2023-04-06,3.60,USD/Kg,0.28,Knitting Yarn,40/2 Carded,FOB China,USD: 1.00000000
2023-04-05,3.59,USD/Kg,0.28,Knitting Yarn,40/2 Carded,FOB China,USD: 1.00000000
2023-04-04,3.58,USD/Kg,-0.56,Knitting Yarn,40/2 Carded,FOB China,USD: 1.00000000
2023-04-03,3.60,USD/Kg,0.28,Knitting Yarn,40/2 Carded,FOB China,USD: 1.00000000
2023-03-31,3.59,USD/Kg,-0.28,Knitting Yarn,40/2 Carded,FOB China,USD: 1.00000000
2023-03-30,3.60,USD/Kg,0.00,Knitting Yarn,40/2 Carded,FOB China,USD: 1.00000000
2023-03-29,3.60,USD/Kg,0.56,Knitting Yarn,40/2 Carded,FOB China,USD: 1.00000000
2023-03-28,3.58,USD/Kg,-0.28,Knitting Yarn,40/2 Carded,FOB China,USD: 1.00000000
2023-03-27,3.59,USD/Kg,-0.28,Knitting Yarn,40/2 Carded,FOB China,USD: 1.00000000
2023-03-24,3.60,USD/Kg,-1.91,Knitting Yarn,40/2 Carded,FOB China,USD: 1.00000000
2023-03-23,3.67,USD/Kg,0.27,Knitting Yarn,40/2 Carded,FOB China,USD: 1.00000000
2023-03-22,3.66,USD/Kg,0.00,Knitting Yarn,40/2 Carded,FOB China,USD: 1.00000000
2023-03-21,3.66,USD/Kg,0.00,Knitting Yarn,40/2 Carded,FOB China,USD: 1.00000000
2023-03-20,3.66,USD/Kg,-0.27,Knitting Yarn,40/2 Carded,FOB China,USD: 1.00000000
2023-03-17,3.67,USD/Kg,-0.27,Knitting Yarn,40/2 Carded,FOB China,USD: 1.00000000
2023-03-16,3.68,USD/Kg,-0.27,Knitting Yarn,40/2 Carded,FOB China,USD: 1.00000000
2023-03-15,3.69,USD/Kg,0.00,Knitting Yarn,40/2 Carded,FOB China,USD: 1.00000000
2023-03-14,3.69,USD/Kg,-0.27,Knitting Yarn,40/2 Carded,FOB China,USD: 1.00000000
2023-03-13,3.70,USD/Kg,1.93,Knitting Yarn,40/2 Carded,FOB China,USD: 1.00000000
2023-03-10,3.63,USD/Kg,0.55,Knitting Yarn,40/2 Carded,FOB China,USD: 1.00000000
2023-03-09,3.61,USD/Kg,-0.28,Knitting Yarn,40/2 Carded,FOB China,USD: 1.00000000
2023-03-08,3.62,USD/Kg,-0.28,Knitting Yarn,40/2 Carded,FOB China,USD: 1.00000000
2023-03-07,3.63,USD/Kg,0.00,Knitting Yarn,40/2 Carded,FOB China,USD: 1.00000000
2023-03-06,3.63,USD/Kg,-0.27,Knitting Yarn,40/2 Carded,FOB China,USD: 1.00000000
2023-03-03,3.64,USD/Kg,-0.27,Knitting Yarn,40/2 Carded,FOB China,USD: 1.00000000
2023-03-02,3.65,USD/Kg,-1.08,Knitting Yarn,40/2 Carded,FOB China,USD: 1.00000000
2023-03-01,3.69,USD/Kg,-0.27,Knitting Yarn,40/2 Carded,FOB China,USD: 1.00000000
2023-02-28,3.70,USD/Kg,0.00,Knitting Yarn,40/2 Carded,FOB China,USD: 1.00000000
2023-02-27,3.70,USD/Kg,0.27,Knitting Yarn,40/2 Carded,FOB China,USD: 1.00000000
2023-02-24,3.69,USD/Kg,0.54,Knitting Yarn,40/2 Carded,FOB China,USD: 1.00000000
2023-02-23,3.67,USD/Kg,0.27,Knitting Yarn,40/2 Carded,FOB China,USD: 1.00000000
2023-02-22,3.66,USD/Kg,0.55,Knitting Yarn,40/2 Carded,FOB China,USD: 1.00000000
2023-02-21,3.64,USD/Kg,0.55,Knitting Yarn,40/2 Carded,FOB China,USD: 1.00000000
2023-02-20,3.62,USD/Kg,-0.28,Knitting Yarn,40/2 Carded,FOB China,USD: 1.00000000
2023-02-17,3.63,USD/Kg,0.28,Knitting Yarn,40/2 Carded,FOB China,USD: 1.00000000
2023-02-16,3.62,USD/Kg,0.28,Knitting Yarn,40/2 Carded,FOB China,USD: 1.00000000
2023-02-15,3.61,USD/Kg,-0.28,Knitting Yarn,40/2 Carded,FOB China,USD: 1.00000000
2023-02-14,3.62,USD/Kg,0.00,Knitting Yarn,40/2 Carded,FOB China,USD: 1.00000000
2023-02-13,3.62,USD/Kg,0.00,Knitting Yarn,40/2 Carded,FOB China,USD: 1.00000000
2023-02-10,3.62,USD/Kg,-0.28,Knitting Yarn,40/2 Carded,FOB China,USD: 1.00000000
2023-02-09,3.63,USD/Kg,-0.27,Knitting Yarn,40/2 Carded,FOB China,USD: 1.00000000
2023-02-08,3.64,USD/Kg,-0.82,Knitting Yarn,40/2 Carded,FOB China,USD: 1.00000000
2023-02-07,3.67,USD/Kg,-0.54,Knitting Yarn,40/2 Carded,FOB China,USD: 1.00000000
2023-02-06,3.69,USD/Kg,0.27,Knitting Yarn,40/2 Carded,FOB China,USD: 1.00000000
2023-02-03,3.68,USD/Kg,-0.27,Knitting Yarn,40/2 Carded,FOB China,USD: 1.00000000
2023-02-02,3.69,USD/Kg,0.00,Knitting Yarn,40/2 Carded,FOB China,USD: 1.00000000
2023-02-01,3.69,USD/Kg,0.00,Knitting Yarn,40/2 Carded,FOB China,USD: 1.00000000
2023-01-31,3.69,USD/Kg,-0.27,Knitting Yarn,40/2 Carded,FOB China,USD: 1.00000000
2023-01-30,3.70,USD/Kg,0.00,Knitting Yarn,40/2 Carded,FOB China,USD: 1.00000000
2023-01-27,3.70,USD/Kg,-0.27,Knitting Yarn,40/2 Carded,FOB China,USD: 1.00000000
2023-01-26,3.71,USD/Kg,0.54,Knitting Yarn,40/2 Carded,FOB China,USD: 1.00000000
2023-01-25,3.69,USD/Kg,0.27,Knitting Yarn,40/2 Carded,FOB China,USD: 1.00000000
2023-01-24,3.68,USD/Kg,-0.27,Knitting Yarn,40/2 Carded,FOB China,USD: 1.00000000
2023-01-23,3.69,USD/Kg,0.00,Knitting Yarn,40/2 Carded,FOB China,USD: 1.00000000
2023-01-20,3.69,USD/Kg,0.00,Knitting Yarn,40/2 Carded,FOB China,USD: 1.00000000
2023-01-19,3.69,USD/Kg,-0.27,Knitting Yarn,40/2 Carded,FOB China,USD: 1.00000000
2023-01-18,3.70,USD/Kg,-0.27,Knitting Yarn,40/2 Carded,FOB China,USD: 1.00000000
2023-01-17,3.71,USD/Kg,0.27,Knitting Yarn,40/2 Carded,FOB China,USD: 1.00000000
2023-01-16,3.70,USD/Kg,0.00,Knitting Yarn,40/2 Carded,FOB China,USD: 1.00000000
2023-01-13,3.70,USD/Kg,0.00,Knitting Yarn,40/2 Carded,FOB China,USD: 1.00000000
2023-01-12,3.70,USD/Kg,0.54,Knitting Yarn,40/2 Carded,FOB China,USD: 1.00000000
2023-01-11,3.68,USD/Kg,0.27,Knitting Yarn,40/2 Carded,FOB China,USD: 1.00000000
2023-01-10,3.67,USD/Kg,-0.27,Knitting Yarn,40/2 Carded,FOB China,USD: 1.00000000
2023-01-09,3.68,USD/Kg,-0.27,Knitting Yarn,40/2 Carded,FOB China,USD: 1.00000000
2023-01-06,3.69,USD/Kg,0.00,Knitting Yarn,40/2 Carded,FOB China,USD: 1.00000000
2023-01-05,3.69,USD/Kg,0.00,Knitting Yarn,40/2 Carded,FOB China,USD: 1.00000000
2023-01-04,3.69,USD/Kg,0.27,Knitting Yarn,40/2 Carded,FOB China,USD: 1.00000000
2023-01-03,3.68,USD/Kg,-0.27,Knitting Yarn,40/2 Carded,FOB China,USD: 1.00000000
2023-01-02,3.69,USD/Kg,0.00,Knitting Yarn,40/2 Carded,FOB China,USD: 1.00000000
